household_id,state,sector_rural_urban,household_size,food_expenditure,education_expenditure,medical_expenditure,transport_expenditure,rent,fuel_light,clothing,durable_goods,total_monthly_expenditure,mpce
1,Tamil Nadu,Urban,8,16796,4197,2770,8160,14284,4543,3732,1939,56421,7052.62
2,Maharashtra,Urban,7,7817,2271,1870,883,8311,721,897,1359,24129,3447.0
3,Bihar,Rural,5,5488,2730,1243,1196,1528,2051,1649,2688,18573,3714.6
4,Kerala,Rural,3,5258,1024,1469,831,2139,1470,552,1703,14446,4815.33
5,Maharashtra,Rural,7,5572,3418,2432,2795,3843,1819,1084,2730,23693,3384.71
6,Delhi,Urban,5,5046,1610,1118,2128,10869,983,590,1523,23867,4773.4
7,Kerala,Rural,6,2712,911,375,306,3928,539,378,712,9861,1643.5
8,Rajasthan,Urban,3,18122,6717,3743,2492,9184,2605,2516,4600,49979,16659.67
9,Delhi,Rural,4,3028,1577,1367,1173,3810,953,548,1025,13481,3370.25
10,West Bengal,Rural,6,5947,1549,1412,1656,3646,670,779,1313,16972,2828.67
11,Karnataka,Urban,8,7031,4256,3211,2823,14506,2299,1699,1305,37130,4641.25
12,West Bengal,Rural,2,4758,1393,1521,2305,2237,1603,357,1597,15771,7885.5
13,Kerala,Rural,2,5840,1404,1252,2068,683,1255,466,1181,14149,7074.5
14,Tamil Nadu,Rural,2,3432,646,1125,695,3696,320,310,810,11034,5517.0
15,Maharashtra,Rural,3,3518,1619,1459,869,1733,986,496,1248,11928,3976.0
16,Gujarat,Rural,8,8794,1933,1276,1140,2191,1591,1279,674,18878,2359.75
17,Bihar,Urban,5,5102,2504,1478,2573,4734,864,724,781,18760,3752.0
18,Tamil Nadu,Rural,3,7610,3112,2013,2051,262,1085,509,2742,19384,6461.33
19,Uttar Pradesh,Urban,8,18555,8376,8045,8047,10400,5035,3395,2326,64179,8022.38
20,Delhi,Urban,5,6719,889,1012,1841,8592,1431,1037,999,22520,4504.0
21,Rajasthan,Rural,7,6185,2082,2066,1793,815,1147,396,1148,15632,2233.14
22,Tamil Nadu,Rural,7,6694,3381,2229,2637,2277,1429,1112,1815,21574,3082.0
23,Uttar Pradesh,Rural,4,5523,761,2044,1327,546,776,998,1638,13613,3403.25
24,Uttar Pradesh,Urban,2,5576,2715,738,1232,15468,787,552,1350,28418,14209.0
25,Maharashtra,Urban,8,16608,2253,2399,4461,3569,2343,1342,2492,35467,4433.38
26,West Bengal,Urban,2,17809,4878,7138,7248,15533,5091,4138,5054,66889,33444.5
27,Kerala,Urban,5,6780,2665,2395,1455,15039,1086,445,1726,31591,6318.2
28,Gujarat,Rural,3,2020,833,285,353,3261,587,273,297,7909,2636.33
29,Rajasthan,Urban,5,6163,2878,1108,1645,3004,1479,510,829,17616,3523.2
30,Maharashtra,Rural,7,5234,1688,1934,1191,656,810,394,1292,13199,1885.57
31,Uttar Pradesh,Rural,3,1953,790,772,755,3822,369,503,771,9735,3245.0
32,Uttar Pradesh,Urban,8,8400,1633,1230,1947,6147,1052,593,1558,22560,2820.0
33,Karnataka,Rural,3,5190,1198,1149,1450,2479,541,970,1720,14697,4899.0
34,Karnataka,Rural,3,6276,2152,2065,1999,2489,1731,1373,2402,20487,6829.0
35,Karnataka,Urban,3,7426,4187,3509,3033,5427,2403,1591,1476,29052,9684.0
36,Maharashtra,Rural,3,2135,739,1074,422,2774,718,298,357,8517,2839.0
37,Uttar Pradesh,Rural,4,2545,990,455,434,3447,545,438,954,9808,2452.0
38,Karnataka,Rural,8,3447,1001,539,960,1687,687,279,613,9213,1151.62
39,Rajasthan,Rural,2,3160,740,303,1035,396,334,288,1060,7316,3658.0
40,Karnataka,Urban,8,6261,2994,2354,1663,7980,2258,1560,1017,26087,3260.88
41,Uttar Pradesh,Rural,8,3275,1828,1254,1512,3294,1230,768,1635,14796,1849.5
42,Rajasthan,Rural,8,3325,1146,1559,730,1676,799,383,1126,10744,1343.0
43,Rajasthan,Urban,2,20357,5279,6515,5424,7312,3463,3443,3307,55100,27550.0
44,Bihar,Rural,4,3399,1276,1247,1301,652,917,663,1147,10602,2650.5
45,Kerala,Rural,2,4828,1448,1740,2006,823,995,534,477,12851,6425.5
46,Uttar Pradesh,Urban,6,18121,4817,4459,4881,16970,2746,2353,4087,58434,9739.0
47,Tamil Nadu,Rural,5,1923,744,380,614,2783,368,432,563,7807,1561.4
48,Maharashtra,Rural,6,8197,2579,1813,1483,739,1628,1119,907,18465,3077.5
49,Bihar,Urban,3,8591,1203,2701,2082,4838,988,884,2442,23729,7909.67
50,Maharashtra,Urban,2,12760,6127,3984,2188,7158,1639,1088,1228,36172,18086.0
51,Tamil Nadu,Urban,2,21390,5817,5931,6877,12860,4331,1658,4002,62866,31433.0
52,Rajasthan,Urban,6,14200,4816,2933,2267,7544,2966,1892,4532,41150,6858.33
53,Maharashtra,Urban,7,6270,3582,2457,2295,11580,1528,1571,2500,31783,4540.43
54,Bihar,Urban,5,20308,7255,5521,3229,9949,4567,2888,4596,58313,11662.6
55,Tamil Nadu,Rural,2,2285,1394,770,620,796,552,644,728,7789,3894.5
56,Bihar,Rural,8,3743,908,1475,910,2895,810,985,1159,12885,1610.62
57,Maharashtra,Urban,4,11054,3358,2316,2293,10956,1840,1856,2133,35806,8951.5
58,Maharashtra,Rural,3,5189,3097,2194,1170,3994,1859,1514,751,19768,6589.33
59,West Bengal,Urban,2,13049,3494,4132,2147,4276,2497,1513,3398,34506,17253.0
60,West Bengal,Rural,4,4773,1296,1096,675,1026,743,578,657,10844,2711.0
61,Kerala,Urban,5,12667,3121,3062,2496,4062,3764,2240,4491,35903,7180.6
62,Bihar,Urban,3,14916,5270,5091,3888,9371,1988,1545,3070,45139,15046.33
63,West Bengal,Urban,4,11257,3240,1663,1514,13554,1237,874,1240,34579,8644.75
64,Delhi,Urban,8,13222,7076,2083,3575,5590,3908,2864,5098,43416,5427.0
65,Rajasthan,Rural,7,8383,2353,1978,1500,2621,1657,600,1324,20416,2916.57
66,Bihar,Rural,5,2786,1320,732,1103,2187,502,498,958,10086,2017.2
67,Rajasthan,Rural,3,2252,477,721,368,1942,302,126,275,6463,2154.33
68,Delhi,Urban,4,18854,6833,6321,2700,12310,3626,3300,2238,56182,14045.5
69,Bihar,Urban,7,5823,3213,1302,1390,8468,1044,1442,2300,24982,3568.86
70,West Bengal,Urban,2,9545,4537,2566,2548,4065,1969,1106,3478,29814,14907.0
71,Rajasthan,Rural,2,6145,1011,1124,1798,502,1136,689,2029,14434,7217.0
72,West Bengal,Rural,8,4098,1718,1209,1758,1692,999,732,1449,13655,1706.88
73,Rajasthan,Rural,7,5597,2376,823,1663,3593,1006,761,1644,17463,2494.71
74,Delhi,Rural,8,3385,431,885,891,2891,694,468,1081,10726,1340.75
75,West Bengal,Rural,7,6505,3289,1080,2063,2070,1336,1077,611,18031,2575.86
76,Karnataka,Urban,6,15070,6711,5734,4965,3126,4523,4086,7579,51794,8632.33
77,Tamil Nadu,Rural,6,3958,627,1338,1298,3417,674,525,737,12574,2095.67
78,Kerala,Urban,3,20103,3516,4641,7393,7212,5171,2599,4755,55390,18463.33
79,Rajasthan,Urban,4,5555,1456,1893,1835,16050,1895,833,1990,31507,7876.75
80,Gujarat,Rural,3,3309,2027,653,1059,3120,522,924,1045,12659,4219.67
81,Rajasthan,Rural,7,4804,2743,1029,1136,2482,694,795,1608,15291,2184.43
82,Maharashtra,Rural,4,7641,2310,1810,2281,3057,1061,665,2872,21697,5424.25
83,Tamil Nadu,Urban,3,17498,7589,7273,6598,13093,4531,2190,4738,63510,21170.0
84,Bihar,Rural,4,5437,3091,1197,2314,327,1090,521,1188,15165,3791.25
85,Delhi,Urban,5,16331,4945,7778,2879,15469,2532,1822,1862,53618,10723.6
86,Bihar,Urban,5,9801,2238,1624,2085,13112,1787,855,2486,33988,6797.6
87,Gujarat,Urban,2,9709,3296,1223,3021,8986,1529,1626,2782,32172,16086.0
88,Rajasthan,Rural,2,3071,1134,586,548,520,772,677,797,8105,4052.5
89,Maharashtra,Rural,4,4620,2024,1230,736,3217,834,647,1511,14819,3704.75
90,Uttar Pradesh,Rural,6,2448,1172,545,914,3896,562,439,1054,11030,1838.33
91,Uttar Pradesh,Rural,3,3088,1681,580,568,1599,830,232,1256,9834,3278.0
92,Karnataka,Urban,8,20437,4718,6734,2950,12442,3207,1681,4403,56572,7071.5
93,Bihar,Urban,4,11957,1900,2943,2641,10101,1644,1114,2156,34456,8614.0
94,Delhi,Rural,8,3709,702,2045,705,130,645,543,1772,10251,1281.38
95,Rajasthan,Rural,3,3415,590,1401,1213,3894,755,631,1126,13025,4341.67
96,Gujarat,Urban,3,12046,4649,1193,3245,14834,2571,830,2642,42010,14003.33
97,West Bengal,Rural,8,4586,2521,2175,2140,3590,1014,1062,1946,19034,2379.25
98,Maharashtra,Rural,8,4206,910,606,657,3597,931,460,1332,12699,1587.38
99,Tamil Nadu,Rural,2,6797,2594,1728,1647,1372,1646,800,1518,18102,9051.0
100,Maharashtra,Rural,8,5227,2739,763,814,3212,690,404,552,14401,1800.12
101,Kerala,Urban,5,6873,2400,2496,3156,7361,1029,1230,1681,26226,5245.2
102,Maharashtra,Rural,7,3173,1748,467,633,3736,659,285,1503,12204,1743.43
103,Uttar Pradesh,Urban,4,21038,7772,4999,6614,7805,4681,3044,1781,57734,14433.5
104,Delhi,Urban,8,22136,3492,2402,4703,12076,2245,4119,6870,58043,7255.38
105,Uttar Pradesh,Rural,8,2378,858,657,511,2736,476,332,1005,8953,1119.12
106,Bihar,Urban,7,7965,2832,2313,1318,3892,2064,800,1014,22198,3171.14
107,Kerala,Rural,3,6403,2101,1563,912,169,1002,658,951,13759,4586.33
108,Uttar Pradesh,Rural,3,5510,2601,906,2532,36,1306,915,1894,15700,5233.33
109,West Bengal,Urban,3,8958,3080,2061,2898,6930,1159,623,1043,26752,8917.33
110,Kerala,Urban,5,14287,2518,4883,4893,6738,1489,2480,1621,38909,7781.8
111,Uttar Pradesh,Urban,8,15065,6187,2854,2890,5403,1878,1650,4052,39979,4997.38
112,Delhi,Rural,5,4362,703,750,546,2903,695,742,812,11513,2302.6
113,Uttar Pradesh,Rural,5,5278,2261,761,1659,1887,1077,632,482,14037,2807.4
114,Delhi,Rural,3,5176,1450,1494,1470,703,846,321,1727,13187,4395.67
115,Bihar,Rural,8,5424,3197,1546,1693,3553,886,1204,2015,19518,2439.75
116,Karnataka,Urban,8,10764,2416,4086,1839,6155,1863,2165,2271,31559,3944.88
117,Karnataka,Rural,2,6813,2000,2610,2717,1410,1134,1572,2525,20781,10390.5
118,Maharashtra,Urban,4,14175,8044,6192,6275,8179,4477,3242,5191,55775,13943.75
119,Uttar Pradesh,Urban,3,10358,1517,3201,3349,10725,1659,1618,1726,34153,11384.33
120,Gujarat,Urban,6,16900,8934,2834,4842,8463,4057,2195,7377,55602,9267.0
121,Gujarat,Rural,6,6572,2506,1785,1863,2848,727,390,1469,18160,3026.67
122,Gujarat,Urban,5,20455,8702,2421,5221,11905,4692,1259,6510,61165,12233.0
123,West Bengal,Rural,3,6245,3015,2805,1164,2918,1726,1659,966,20498,6832.67
124,Gujarat,Urban,2,16070,6694,4862,5339,3552,2475,2825,1624,43441,21720.5
125,Karnataka,Urban,7,14626,5742,4206,5291,3021,1928,1014,2562,38390,5484.29
126,Kerala,Urban,3,16131,6881,6372,4377,6638,1998,1392,1524,45313,15104.33
127,Bihar,Rural,2,4067,1564,981,1402,3714,797,1075,777,14377,7188.5
128,Uttar Pradesh,Urban,6,18727,7256,6202,5008,11595,3618,2533,5012,59951,9991.83
129,West Bengal,Urban,5,25199,6141,4127,6399,13574,5550,1912,6137,69039,13807.8
130,Delhi,Urban,2,16705,7145,2539,3133,16081,4176,1311,5631,56721,28360.5
131,Kerala,Rural,5,6880,2339,2107,1111,1646,1477,722,1453,17735,3547.0
132,Bihar,Urban,8,10633,2921,1900,2112,8543,2675,1337,2004,32125,4015.62
133,West Bengal,Urban,2,17157,7454,6739,3818,9276,2865,1270,6775,55354,27677.0
134,Uttar Pradesh,Rural,2,3933,1206,1296,675,1655,446,346,352,9909,4954.5
135,Uttar Pradesh,Urban,6,8954,2228,1510,1831,9262,2279,1860,2358,30282,5047.0
136,Maharashtra,Urban,4,4758,2669,1570,1140,15257,1078,613,1419,28504,7126.0
137,Tamil Nadu,Rural,6,8143,2701,1075,1279,1359,1559,546,1081,17743,2957.17
138,Gujarat,Rural,2,9062,2866,1954,2307,1142,1902,1119,694,21046,10523.0
139,Delhi,Urban,5,19409,5145,5675,3083,16598,4040,4065,1819,59834,11966.8
140,Kerala,Urban,2,5877,1918,1140,2522,13824,1883,1656,1810,30630,15315.0
141,Maharashtra,Urban,2,16718,2653,4038,2044,4388,2404,1697,3134,37076,18538.0
142,Uttar Pradesh,Rural,6,3448,1142,753,664,1440,883,696,1209,10235,1705.83
143,Kerala,Rural,3,5230,2105,1615,759,2863,610,643,742,14567,4855.67
144,Karnataka,Urban,8,12254,3670,4066,2901,13737,2924,756,4506,44814,5601.75
145,Karnataka,Urban,8,8993,1773,2623,2124,3140,1602,1079,3547,24881,3110.12
146,Bihar,Urban,3,17553,5980,3078,3926,15289,4661,1780,5361,57628,19209.33
147,Tamil Nadu,Rural,2,4250,2470,1314,1842,444,1029,318,1494,13161,6580.5
148,Tamil Nadu,Urban,6,11308,2967,4101,3484,12435,3457,2830,2769,43351,7225.17
149,West Bengal,Rural,5,7601,1926,2079,1092,2711,1419,863,1840,19531,3906.2
150,Rajasthan,Urban,3,15833,3245,3296,3238,3630,2322,2584,2697,36845,12281.67
151,Kerala,Rural,3,2712,1012,651,694,1826,612,153,520,8180,2726.67
152,Bihar,Urban,7,7862,1555,1274,3596,17623,1328,1016,1475,35729,5104.14
153,Kerala,Urban,6,8332,1282,2396,1673,6713,1640,1319,1252,24607,4101.17
154,West Bengal,Rural,7,3663,1093,1681,1064,2774,675,616,457,12023,1717.57
155,Uttar Pradesh,Rural,8,2663,967,810,1239,1016,375,356,1384,8810,1101.25
156,Bihar,Urban,6,9984,1180,2717,2847,7443,1225,1353,923,27672,4612.0
157,Gujarat,Rural,8,4049,1262,626,613,1184,512,366,773,9385,1173.12
158,Kerala,Rural,4,7424,3318,1492,3042,3016,1949,626,2623,23490,5872.5
159,Gujarat,Urban,5,14176,8106,4246,7148,3560,4776,3545,6474,52031,10406.2
160,Karnataka,Urban,8,11013,3101,5699,4209,9721,3764,2138,3433,43078,5384.75
161,Rajasthan,Urban,7,20001,7346,3488,6763,12325,4166,2792,2076,58957,8422.43
162,Uttar Pradesh,Rural,2,5702,3236,1145,2345,1603,2062,1555,1357,19005,9502.5
163,Gujarat,Rural,4,3933,721,483,1325,3201,699,243,1545,12150,3037.5
164,Delhi,Rural,8,4544,1073,1197,981,3976,1330,387,1487,14975,1871.88
165,Tamil Nadu,Rural,6,2297,967,723,683,1403,353,540,619,7585,1264.17
166,Bihar,Rural,5,4914,1727,2514,1289,1549,827,776,2149,15745,3149.0
167,Uttar Pradesh,Urban,3,6019,1059,1366,3031,12092,1809,1593,1818,28787,9595.67
168,Bihar,Rural,4,4522,677,1011,701,1940,642,693,940,11126,2781.5
169,Kerala,Urban,6,14195,5788,5060,4488,13793,2055,2137,2877,50393,8398.83
170,Rajasthan,Urban,3,17740,6868,4126,3870,11123,2926,1468,5971,54092,18030.67
171,Tamil Nadu,Rural,4,9363,2251,946,1125,1439,1773,1245,2640,20782,5195.5
172,Bihar,Rural,6,2013,676,916,904,2324,593,412,446,8284,1380.67
173,West Bengal,Rural,7,4280,1706,796,1646,3423,1524,1086,930,15391,2198.71
174,Kerala,Rural,3,4562,1271,721,2212,3632,1041,1117,1040,15596,5198.67
175,Karnataka,Rural,3,6088,2446,2147,1921,780,792,669,2348,17191,5730.33
176,Tamil Nadu,Rural,4,3585,779,767,1562,2171,881,544,344,10633,2658.25
177,Uttar Pradesh,Rural,7,9220,3726,1489,2759,38,1487,1550,2582,22851,3264.43
178,Tamil Nadu,Rural,4,7429,1576,1842,2276,597,861,1133,760,16474,4118.5
179,Maharashtra,Rural,4,6279,2045,2433,2451,87,1512,519,950,16276,4069.0
180,Tamil Nadu,Urban,2,14409,6258,6602,6341,16422,4743,1872,2720,59367,29683.5
181,West Bengal,Urban,2,7171,2351,1097,1546,4428,1573,962,553,19681,9840.5
182,West Bengal,Urban,5,12152,7301,3366,3459,17285,2046,1603,5655,52867,10573.4
183,Uttar Pradesh,Rural,8,6151,2576,1641,1390,1155,1009,962,473,15357,1919.62
184,Gujarat,Rural,5,1901,895,657,808,940,310,387,689,6587,1317.4
185,Karnataka,Rural,3,2004,1036,625,380,1938,286,264,818,7351,2450.33
186,Gujarat,Rural,5,5278,1071,1965,1196,431,1012,386,2051,13390,2678.0
187,Kerala,Urban,6,10361,3142,1636,3255,13640,2730,1779,3260,39803,6633.83
188,West Bengal,Urban,2,14345,2417,1931,6028,11329,2552,2312,2980,43894,21947.0
189,Uttar Pradesh,Rural,4,9196,3453,1309,2821,921,1461,1060,996,21217,5304.25
190,Karnataka,Rural,8,3746,1608,1379,731,2978,850,312,1334,12938,1617.25
191,Delhi,Rural,6,5557,1842,1462,1588,1431,2006,743,1331,15960,2660.0
192,Gujarat,Rural,2,1632,703,271,349,581,585,175,582,4878,2439.0
193,Rajasthan,Urban,7,11791,6318,6767,4914,12614,4460,1072,3720,51656,7379.43
194,Kerala,Rural,6,7385,1469,1981,1869,3652,1906,1095,1395,20752,3458.67
195,Kerala,Rural,6,4165,2228,1411,1419,894,650,993,1619,13379,2229.83
196,Kerala,Urban,2,9590,3945,3360,2397,4633,3483,2556,3971,33935,16967.5
197,Maharashtra,Urban,4,10027,1622,2691,3648,6750,1886,645,3472,30741,7685.25
198,Tamil Nadu,Urban,3,9733,1270,1308,2815,17189,1206,857,3486,37864,12621.33
199,Delhi,Urban,3,11604,4866,6177,4582,5113,3082,1161,4800,41385,13795.0
200,Kerala,Rural,4,3715,954,647,1100,306,1098,470,867,9157,2289.25
201,Kerala,Rural,7,3160,1576,1428,916,1233,1026,834,709,10882,1554.57
202,Delhi,Rural,5,2638,1529,1030,599,1014,611,523,368,8312,1662.4
203,Kerala,Urban,7,26824,6776,3203,7341,10183,3557,4782,8842,71508,10215.43
204,Tamil Nadu,Rural,6,5599,2260,2172,912,2178,1321,492,2094,17028,2838.0
205,Karnataka,Urban,7,15810,7202,4157,3939,10544,3199,3201,3225,51277,7325.29
206,West Bengal,Rural,5,2655,798,546,833,1241,658,638,1063,8432,1686.4
207,Gujarat,Urban,5,14737,4378,1781,3888,14101,1967,2022,1268,44142,8828.4
208,Tamil Nadu,Rural,5,7684,1588,2038,2198,2048,1302,705,1022,18585,3717.0
209,Bihar,Urban,6,25967,9686,7373,7644,11179,4740,2113,8239,76941,12823.5
210,Tamil Nadu,Rural,3,7259,3446,2125,1868,2605,2092,565,1712,21672,7224.0
211,Kerala,Rural,7,3136,1656,739,1445,2661,873,699,329,11538,1648.29
212,Tamil Nadu,Urban,2,10813,2251,3536,1592,16947,2137,1363,1081,39720,19860.0
213,Kerala,Rural,5,7550,1810,1490,2539,1677,875,1514,2701,20156,4031.2
214,Kerala,Rural,7,5224,1096,1207,2356,1655,765,1000,2720,16023,2289.0
215,Maharashtra,Urban,6,8414,3247,3466,2933,12491,1200,2063,1080,34894,5815.67
216,Rajasthan,Rural,8,6828,2320,2726,2401,1447,2038,1015,2241,21016,2627.0
217,Bihar,Rural,2,2897,1135,501,861,178,674,575,1403,8224,4112.0
218,Maharashtra,Rural,2,6023,946,1086,1377,3655,1092,363,748,15290,7645.0
219,West Bengal,Urban,6,21572,6397,5139,5612,5800,4346,3008,7632,59506,9917.67
220,Rajasthan,Rural,4,5737,2059,1649,1342,891,1192,423,1183,14476,3619.0
221,Delhi,Rural,2,7799,3597,2259,1159,855,1762,496,1840,19767,9883.5
222,Rajasthan,Rural,4,7592,2512,1880,1424,583,1573,1360,2261,19185,4796.25
223,Delhi,Urban,7,8639,1654,3049,3400,6741,1342,1232,2428,28485,4069.29
224,Maharashtra,Rural,8,6664,986,812,1423,935,1606,1000,1855,15281,1910.12
225,Maharashtra,Urban,6,6694,1567,1373,1619,15497,1886,1553,2255,32444,5407.33
226,Bihar,Rural,3,5992,2194,2006,1054,267,918,1037,1380,14848,4949.33
227,Tamil Nadu,Urban,7,19264,5250,5654,3844,13516,2894,3339,4144,57905,8272.14
228,Maharashtra,Rural,4,8435,2064,1461,2106,3243,1212,1091,2232,21844,5461.0
229,Rajasthan,Rural,3,4229,862,1735,1064,3739,619,270,1352,13870,4623.33
230,Bihar,Rural,8,6548,1120,2362,1828,125,1605,972,1723,16283,2035.38
231,Karnataka,Rural,3,3316,1501,1895,1147,2973,549,283,993,12657,4219.0
232,West Bengal,Rural,7,6881,1764,2799,1240,2172,1960,782,2751,20349,2907.0
233,Karnataka,Urban,2,10399,5913,2800,2993,11988,2042,1773,1639,39547,19773.5
234,Rajasthan,Rural,6,4559,1051,1429,1319,1402,552,550,1214,12076,2012.67
235,Uttar Pradesh,Urban,8,9047,1682,2195,2783,6456,1713,1090,3688,28654,3581.75
236,Maharashtra,Urban,2,20432,8656,3359,8074,9905,4933,4442,2739,62540,31270.0
237,Uttar Pradesh,Urban,7,7084,1119,2121,1043,6630,1464,610,2259,22330,3190.0
238,Gujarat,Rural,4,2891,1593,1012,863,3375,747,552,1049,12082,3020.5
239,Tamil Nadu,Rural,4,6123,2741,2628,1815,2808,1264,1065,1917,20361,5090.25
240,Tamil Nadu,Urban,8,12439,6612,3614,3674,3115,2914,1755,1672,35795,4474.38
241,Tamil Nadu,Rural,7,3716,1319,516,753,1749,579,643,597,9872,1410.29
242,Delhi,Rural,7,6055,1858,1766,1070,3234,550,865,1752,17150,2450.0
243,Rajasthan,Rural,6,6443,2164,1983,2147,647,1225,404,1412,16425,2737.5
244,Karnataka,Rural,7,2554,938,734,850,3426,286,184,953,9925,1417.86
245,Maharashtra,Rural,8,5506,2069,1032,2232,3817,1476,602,2464,19198,2399.75
246,Bihar,Urban,7,5981,1042,2054,2647,6965,1438,654,671,21452,3064.57
247,Bihar,Rural,2,4456,2224,2097,1478,2773,1383,825,1649,16885,8442.5
248,Maharashtra,Rural,5,6245,1852,1478,977,52,1315,551,1362,13832,2766.4
249,Maharashtra,Rural,3,6694,2250,1128,1515,1098,1913,1383,2226,18207,6069.0
250,Rajasthan,Rural,3,6389,3460,986,2874,1960,1799,558,1964,19990,6663.33
251,Maharashtra,Rural,5,7154,3575,1731,3110,818,963,1300,1896,20547,4109.4
252,Rajasthan,Urban,2,10690,3195,5244,2627,16193,2181,1068,4276,45474,22737.0
253,Kerala,Rural,6,4971,738,1044,1911,1746,918,603,1114,13045,2174.17
254,Maharashtra,Urban,4,5301,3048,1746,2691,7968,1852,666,2216,25488,6372.0
255,Gujarat,Urban,2,17133,2337,3565,6116,13860,2032,2745,6281,54069,27034.5
256,Uttar Pradesh,Urban,7,7240,2303,1092,1439,14796,1670,849,3067,32456,4636.57
257,Uttar Pradesh,Urban,3,15933,6015,5461,5241,11016,4165,3229,1807,52867,17622.33
258,Kerala,Urban,5,12151,3295,2095,2173,13469,1445,2156,2990,39774,7954.8
259,West Bengal,Urban,7,11437,3976,5641,4592,14654,2746,1908,1360,46314,6616.29
260,Uttar Pradesh,Urban,8,15442,5455,4522,3442,5207,2295,1371,1361,39095,4886.88
261,Kerala,Urban,3,18428,5148,2138,6724,6276,4454,3095,6871,53134,17711.33
262,Maharashtra,Urban,5,9329,2385,1754,3548,12744,2746,1729,1506,35741,7148.2
263,Uttar Pradesh,Rural,5,4272,930,865,1573,2910,637,535,1518,13240,2648.0
264,Kerala,Urban,3,20176,4614,2592,5286,13244,3355,3791,4186,57244,19081.33
265,West Bengal,Urban,6,23971,7217,3566,5713,5645,4390,4281,5230,60013,10002.17
266,Rajasthan,Rural,4,6972,1349,2414,1154,2097,1608,1320,1912,18826,4706.5
267,West Bengal,Rural,5,3798,1431,540,1263,356,1113,353,1408,10262,2052.4
268,Maharashtra,Urban,4,17738,5911,2300,3890,5895,3309,1387,4255,44685,11171.25
269,Tamil Nadu,Urban,5,17485,4967,1787,2201,13993,2656,3268,2484,48841,9768.2
270,Uttar Pradesh,Rural,5,3870,1700,744,817,2369,703,808,329,11340,2268.0
271,Karnataka,Rural,8,6666,829,1838,1295,2593,944,969,2083,17217,2152.12
272,Rajasthan,Rural,3,3571,724,894,752,3088,695,301,464,10489,3496.33
273,Karnataka,Rural,3,7447,1483,2700,1205,3786,1502,623,1521,20267,6755.67
274,Delhi,Urban,4,7822,2447,3530,3691,15146,2387,1152,3155,39330,9832.5
275,West Bengal,Urban,3,15338,4505,5365,2714,7316,3982,2132,3333,44685,14895.0
276,Bihar,Rural,4,6471,875,1868,1985,3351,952,1082,1431,18015,4503.75
277,Rajasthan,Rural,5,1616,418,779,313,2924,408,322,229,7009,1401.8
278,West Bengal,Rural,8,6291,1618,813,2488,3156,1984,677,2218,19245,2405.62
279,Kerala,Urban,8,19829,7889,3029,4399,16156,4754,3455,7485,66996,8374.5
280,Delhi,Urban,7,6768,1066,1768,2141,4991,886,1183,1771,20574,2939.14
281,West Bengal,Rural,2,5598,2585,2235,1090,1583,1281,914,1345,16631,8315.5
282,Kerala,Rural,3,4006,1122,1441,1218,3854,854,731,641,13867,4622.33
283,Kerala,Rural,6,7227,1329,1001,2386,261,1514,870,1809,16397,2732.83
284,Rajasthan,Rural,8,3003,1539,383,1175,1567,435,622,952,9676,1209.5
285,Maharashtra,Rural,5,4507,1825,1271,1339,3386,846,495,1130,14799,2959.8
286,Delhi,Rural,7,6518,1328,2675,1301,658,1159,740,2663,17042,2434.57
287,Bihar,Rural,8,3380,1468,1295,475,374,746,214,889,8841,1105.12
288,Uttar Pradesh,Rural,4,2682,650,838,678,1424,336,253,245,7106,1776.5
289,Kerala,Urban,6,13332,7092,4539,4808,15253,3199,1311,3292,52826,8804.33
290,Gujarat,Urban,5,11777,4095,5703,2189,8911,2743,1186,5651,42255,8451.0
291,Uttar Pradesh,Urban,2,6225,1300,1650,975,14737,1296,866,2018,29067,14533.5
292,Maharashtra,Rural,3,3431,1568,725,1754,21,542,564,1397,10002,3334.0
293,Bihar,Urban,8,11801,4413,2528,3317,16725,2091,1881,3120,45876,5734.5
294,Karnataka,Rural,3,8215,1192,1066,2701,3523,1574,1364,1015,20650,6883.33
295,Gujarat,Urban,7,14233,7074,3815,5344,16760,5481,2471,7355,62533,8933.29
296,West Bengal,Urban,7,6317,1193,2049,1384,8285,1983,1749,1918,24878,3554.0
297,Karnataka,Rural,2,5183,1827,1551,1045,2962,1167,359,759,14853,7426.5
298,Tamil Nadu,Rural,5,3346,869,779,834,1023,488,530,1316,9185,1837.0
299,West Bengal,Urban,3,15639,8152,4058,4907,12519,2815,3319,3837,55246,18415.33
300,Gujarat,Urban,4,15763,5873,8446,6482,17087,4322,2159,4436,64568,16142.0
301,Gujarat,Urban,3,9494,3674,1875,3357,6258,1828,1296,3006,30788,10262.67
302,Uttar Pradesh,Urban,3,12159,4245,1671,3157,3062,2765,921,3505,31485,10495.0
303,Karnataka,Rural,2,4983,2029,1030,990,3074,745,363,784,13998,6999.0
304,Uttar Pradesh,Urban,4,19520,3245,3621,4084,17638,2773,2567,4754,58202,14550.5
305,Uttar Pradesh,Urban,3,11985,2645,4129,4269,6927,1751,1212,2664,35582,11860.67
306,Tamil Nadu,Rural,2,5068,1881,1470,1070,2876,1412,935,2014,16726,8363.0
307,Tamil Nadu,Rural,7,4825,918,1479,880,2942,1058,438,571,13111,1873.0
308,Rajasthan,Urban,6,14245,4201,2074,2096,11676,1478,1075,4918,41763,6960.5
309,West Bengal,Rural,5,3915,1109,1061,954,2979,781,515,1005,12319,2463.8
310,Delhi,Urban,6,7833,2806,2720,2804,6360,1173,1166,1853,26715,4452.5
311,Gujarat,Urban,6,7429,3502,1439,2277,3238,1321,1673,1489,22368,3728.0
312,Uttar Pradesh,Urban,4,7075,2103,845,2601,16625,888,975,1957,33069,8267.25
313,Uttar Pradesh,Rural,3,4962,2836,1947,2630,1167,1758,1390,1736,18426,6142.0
314,Bihar,Rural,8,1925,1082,920,649,3484,299,290,849,9498,1187.25
315,Bihar,Rural,3,7658,1811,1792,2642,3719,791,1060,700,20173,6724.33
316,Maharashtra,Rural,7,3767,1028,631,603,531,511,354,320,7745,1106.43
317,Karnataka,Rural,5,2844,1518,726,1183,3193,804,376,940,11584,2316.8
318,Maharashtra,Urban,8,13921,5035,4041,3530,8255,3349,2720,1318,42169,5271.12
319,Bihar,Urban,6,19272,4791,4181,3318,7678,2796,2837,4130,49003,8167.17
320,West Bengal,Urban,6,14965,3349,3191,4518,12685,2353,2060,1946,45067,7511.17
321,Maharashtra,Rural,5,5923,1818,1548,940,2347,988,698,2152,16414,3282.8
322,Rajasthan,Rural,7,6318,2465,1084,1722,238,1499,800,1061,15187,2169.57
323,Karnataka,Urban,3,16772,8713,6200,6240,13627,4158,1422,2747,59879,19959.67
324,Uttar Pradesh,Rural,7,9079,3336,2320,2883,404,1847,970,1149,21988,3141.14
325,Delhi,Rural,6,7184,1166,2291,2460,103,1544,1462,2421,18631,3105.17
326,West Bengal,Rural,4,5157,2067,1085,1044,350,1231,1339,1957,14230,3557.5
327,Uttar Pradesh,Rural,7,7660,2506,1307,1118,2509,1249,359,2521,19229,2747.0
328,Uttar Pradesh,Urban,3,11551,3824,2285,3112,3067,1633,869,2619,28960,9653.33
329,Delhi,Rural,3,4564,995,1919,1901,2587,1013,876,1486,15341,5113.67
330,Kerala,Rural,4,6618,3330,1069,2924,2961,1598,477,2202,21179,5294.75
331,Kerala,Urban,3,6359,2472,1361,1120,13066,677,871,1342,27268,9089.33
332,Maharashtra,Rural,2,5679,2315,1868,2127,3130,1051,718,1139,18027,9013.5
333,Maharashtra,Urban,7,14370,3748,1782,2073,12802,2549,977,4008,42309,6044.14
334,Karnataka,Rural,7,5586,3100,2628,1331,1770,1610,710,2414,19149,2735.57
335,Bihar,Rural,6,2717,1281,661,977,464,317,291,276,6984,1164.0
336,Tamil Nadu,Rural,2,3997,557,752,521,2857,480,308,788,10260,5130.0
337,Gujarat,Urban,5,15441,2472,1816,1757,6970,1703,1120,3649,34928,6985.6
338,Delhi,Rural,8,5710,1590,2622,1193,3120,1671,1185,697,17788,2223.5
339,Delhi,Rural,8,8785,2996,2279,1385,3713,1451,1411,1403,23423,2927.88
340,Delhi,Urban,5,18010,9472,4446,6468,6216,3029,2226,2815,52682,10536.4
341,Kerala,Urban,4,6689,1288,1243,2452,8518,1982,1763,736,24671,6167.75
342,Uttar Pradesh,Rural,2,2234,1024,514,876,3915,415,255,544,9777,4888.5
343,Kerala,Rural,6,7078,1990,2070,1733,848,1577,755,2506,18557,3092.83
344,Delhi,Rural,4,7582,1542,1471,1496,3262,1061,1447,1338,19199,4799.75
345,Gujarat,Urban,7,16711,3989,2022,4312,12759,3701,2764,2081,48339,6905.57
346,Kerala,Rural,8,8093,1571,1313,953,724,1757,1287,2005,17703,2212.88
347,Rajasthan,Rural,2,2889,879,658,1443,910,963,564,1404,9710,4855.0
348,Tamil Nadu,Rural,5,3256,1313,1011,1271,1724,1158,767,901,11401,2280.2
349,Maharashtra,Rural,6,5425,2807,1359,2450,2708,1426,1390,938,18503,3083.83
350,Karnataka,Rural,2,8625,1463,882,1959,2696,1119,474,2414,19632,9816.0
351,Kerala,Urban,4,9957,4710,2539,3820,16579,1451,2027,1785,42868,10717.0
352,Uttar Pradesh,Urban,8,8009,2263,3034,2307,7485,1121,916,1988,27123,3390.38
353,Delhi,Rural,4,4046,2080,1655,1806,1086,807,591,1634,13705,3426.25
354,Uttar Pradesh,Urban,5,25850,5627,5385,7040,14481,4337,2438,4916,70074,14014.8
355,Bihar,Rural,4,3710,1904,590,1770,3943,860,938,1693,15408,3852.0
356,Maharashtra,Urban,5,21743,4098,8630,5577,3183,4129,2050,5097,54507,10901.4
357,West Bengal,Urban,5,13616,4210,2510,6876,14273,4152,2277,6382,54296,10859.2
358,West Bengal,Urban,8,14496,5681,2517,4023,15721,1901,1061,1761,47161,5895.12
359,West Bengal,Urban,5,5630,2991,2023,1619,3627,1429,780,2086,20185,4037.0
360,Kerala,Rural,2,5498,957,1095,882,3972,1282,451,2308,16445,8222.5
361,Delhi,Urban,4,11128,1541,1723,3248,7440,1165,622,1862,28729,7182.25
362,Gujarat,Rural,2,8086,2802,2144,2710,2799,1061,1439,2480,23521,11760.5
363,Delhi,Rural,6,4363,1996,567,1671,1461,709,373,572,11712,1952.0
364,Kerala,Urban,8,13432,2985,3730,3095,12828,3221,2494,3144,44929,5616.12
365,Delhi,Rural,2,3100,648,970,1043,2037,960,353,804,9915,4957.5
366,Gujarat,Urban,6,7756,4275,1324,3579,5462,2023,1295,846,26560,4426.67
367,Uttar Pradesh,Rural,7,5681,2626,1517,1810,2618,657,671,655,16235,2319.29
368,Bihar,Urban,8,8594,3112,3257,2925,13658,2915,2230,3349,40040,5005.0
369,Rajasthan,Urban,3,16996,5491,6054,6132,5402,2340,2314,2743,47472,15824.0
370,Karnataka,Rural,5,2993,663,789,1020,1217,807,275,1129,8893,1778.6
371,Delhi,Rural,8,2632,717,859,722,1148,564,319,824,7785,973.12
372,Tamil Nadu,Urban,7,4522,2496,1583,1555,5541,915,880,1048,18540,2648.57
373,West Bengal,Urban,4,11528,3956,3234,2286,16122,1498,905,3684,43213,10803.25
374,Delhi,Urban,7,10642,4254,2933,4173,7051,3255,1025,2776,36109,5158.43
375,Maharashtra,Rural,2,3955,2485,1295,1498,1814,1428,1000,686,14161,7080.5
376,Delhi,Rural,2,3004,1063,589,992,717,328,225,534,7452,3726.0
377,West Bengal,Rural,4,3350,682,526,594,2452,431,168,1076,9279,2319.75
378,Rajasthan,Rural,4,2570,360,887,565,186,297,387,544,5796,1449.0
379,Tamil Nadu,Rural,3,4280,931,1523,955,3994,797,251,886,13617,4539.0
380,Rajasthan,Rural,2,4329,1790,528,994,1827,630,756,419,11273,5636.5
381,West Bengal,Urban,5,19447,5555,5719,5176,14556,2604,1598,3224,57879,11575.8
382,Tamil Nadu,Rural,5,6582,2123,1109,1383,837,1848,1135,1453,16470,3294.0
383,Maharashtra,Rural,7,2522,742,587,492,2268,369,465,1067,8512,1216.0
384,Kerala,Rural,5,2362,1234,901,530,1873,383,724,306,8313,1662.6
385,Kerala,Rural,8,3029,1021,1321,1075,1170,835,844,1304,10599,1324.88
386,Karnataka,Rural,3,2928,1119,356,777,3856,474,232,350,10092,3364.0
387,Tamil Nadu,Rural,3,5196,1721,927,1739,2654,1311,1018,1544,16110,5370.0
388,Karnataka,Rural,3,2697,1760,550,654,3367,937,769,1224,11958,3986.0
389,Maharashtra,Urban,7,8055,1514,2631,4171,10845,1717,1724,3129,33786,4826.57
390,Uttar Pradesh,Urban,6,23290,3097,6698,4666,11376,3811,4200,3873,61011,10168.5
391,West Bengal,Rural,2,2506,1295,852,1028,1711,495,370,1075,9332,4666.0
392,Maharashtra,Rural,5,4772,896,1346,1763,3227,1523,465,2123,16115,3223.0
393,West Bengal,Rural,7,3127,1198,1182,1418,1708,886,613,1130,11262,1608.86
394,Maharashtra,Urban,8,6137,3921,1747,1446,7218,1533,519,2584,25105,3138.12
395,Rajasthan,Urban,7,9289,5256,4781,3242,17022,2360,1319,4633,47902,6843.14
396,Tamil Nadu,Urban,4,7388,893,1302,1819,7942,843,440,2205,22832,5708.0
397,Karnataka,Urban,2,11408,3151,3386,2818,12726,1725,814,2149,38177,19088.5
398,Tamil Nadu,Rural,8,3414,1200,1371,1507,565,755,692,697,10201,1275.12
399,Rajasthan,Rural,6,5542,2110,1205,1863,3397,1203,408,1485,17213,2868.83
400,Karnataka,Urban,5,14198,1961,3979,3711,7085,2721,1216,2816,37687,7537.4
401,Gujarat,Rural,5,6194,1513,1271,1358,3881,1506,1032,2268,19023,3804.6
402,Bihar,Urban,8,16469,6831,1944,4353,4802,3548,1532,2919,42398,5299.75
403,West Bengal,Rural,4,7164,2832,1565,2229,327,1328,613,2231,18289,4572.25
404,Bihar,Urban,7,12641,7238,5670,4021,7815,3895,2116,5840,49236,7033.71
405,West Bengal,Rural,7,8287,1855,2107,1717,3286,1806,975,796,20829,2975.57
406,Bihar,Urban,2,8988,2859,1475,3874,4773,1817,1210,3057,28053,14026.5
407,Gujarat,Urban,7,11543,3539,3820,1716,9360,1808,1478,2629,35893,5127.57
408,Gujarat,Urban,2,16525,3580,6078,3567,8867,2189,2674,5104,48584,24292.0
409,Kerala,Rural,6,2477,417,707,974,2339,441,261,326,7942,1323.67
410,Karnataka,Urban,8,20920,6586,6840,3026,8037,3579,3015,6752,58755,7344.38
411,Maharashtra,Rural,8,2055,1224,1097,506,2300,623,167,588,8560,1070.0
412,Uttar Pradesh,Rural,7,4411,1291,1481,1664,1565,474,906,462,12254,1750.57
413,Tamil Nadu,Rural,4,2610,1032,632,428,3188,586,572,586,9634,2408.5
414,Uttar Pradesh,Urban,5,16132,3621,3295,4786,17713,2102,1578,6784,56011,11202.2
415,West Bengal,Urban,2,17704,9613,3435,5409,12782,2415,2878,1922,56158,28079.0
416,Gujarat,Rural,8,6296,3261,2047,1794,1577,1591,425,968,17959,2244.88
417,West Bengal,Rural,8,4652,2292,2059,1968,3589,800,450,1236,17046,2130.75
418,Bihar,Rural,6,6885,3486,1209,1474,3926,910,1459,2398,21747,3624.5
419,Maharashtra,Rural,2,5262,3512,2693,1617,1451,906,613,918,16972,8486.0
420,West Bengal,Urban,7,8033,2492,2589,1152,6862,1128,955,703,23914,3416.29
421,Kerala,Rural,4,6649,2695,2073,1043,110,1984,449,2920,17923,4480.75
422,Gujarat,Urban,8,10122,2130,2031,4416,13668,2745,1797,2961,39870,4983.75
423,Maharashtra,Urban,8,8425,1527,2558,2499,8266,1004,825,1487,26591,3323.88
424,Tamil Nadu,Urban,7,24439,5067,7144,5172,13065,4229,1427,3068,63611,9087.29
425,Uttar Pradesh,Urban,3,16376,6602,5174,5117,8602,2085,2776,5856,52588,17529.33
426,Delhi,Rural,8,2782,550,702,705,84,480,527,942,6772,846.5
427,Maharashtra,Urban,2,9656,3030,2156,1896,15600,2987,1175,2891,39391,19695.5
428,Karnataka,Urban,4,16109,6803,5356,4919,7340,3070,1240,2719,47556,11889.0
429,Uttar Pradesh,Rural,5,4023,664,1237,1027,1985,1099,280,1310,11625,2325.0
430,Delhi,Rural,6,1979,969,741,669,1248,525,544,395,7070,1178.33
431,Rajasthan,Urban,4,10942,4594,4504,3883,15632,2017,1234,2420,45226,11306.5
432,Rajasthan,Rural,5,6933,2262,2234,2310,1462,934,1482,1087,18704,3740.8
433,West Bengal,Urban,2,11739,3906,4950,1967,11465,3022,2302,4817,44168,22084.0
434,Karnataka,Rural,8,5886,1510,1406,1602,1912,1112,1045,2061,16534,2066.75
435,West Bengal,Rural,2,5019,1546,2679,1460,66,1028,546,2571,14915,7457.5
436,Delhi,Rural,6,7785,2884,1441,1765,3579,1019,1523,2083,22079,3679.83
437,Tamil Nadu,Rural,3,2490,864,903,552,2244,295,372,726,8446,2815.33
438,Tamil Nadu,Urban,8,5188,1753,1842,2067,14970,895,735,1034,28484,3560.5
439,Delhi,Urban,8,4601,2237,1826,867,9326,1441,1225,1025,22548,2818.5
440,Bihar,Rural,5,7619,2655,3114,3010,3571,1912,799,3060,25740,5148.0
441,Maharashtra,Urban,6,9017,4738,2263,2571,9040,2018,823,1772,32242,5373.67
442,Bihar,Urban,6,10709,6223,4896,2845,12399,3135,2458,5348,48013,8002.17
443,Delhi,Urban,5,22307,5311,7948,8620,3378,3134,1493,3150,55341,11068.2
444,West Bengal,Rural,3,6146,1513,1555,2174,1507,1662,1277,2388,18222,6074.0
445,Bihar,Urban,8,21356,3365,3611,3142,14516,3771,1886,3398,55045,6880.62
446,Gujarat,Rural,3,3937,1066,1859,1033,2294,1120,564,604,12477,4159.0
447,Karnataka,Rural,2,4437,1747,867,983,1469,998,324,657,11482,5741.0
448,Kerala,Rural,4,5464,2812,2177,1889,2433,1348,1385,1104,18612,4653.0
449,Maharashtra,Urban,2,7368,1350,3435,2801,10440,2045,933,3172,31544,15772.0
450,Uttar Pradesh,Urban,4,14801,6938,2208,4511,16799,3030,1579,5508,55374,13843.5
451,Gujarat,Urban,2,12432,5945,3097,3113,10104,1861,2711,4837,44100,22050.0
452,West Bengal,Rural,5,3766,1112,1699,1074,3653,1074,344,1168,13890,2778.0
453,Rajasthan,Rural,8,4375,1547,1171,546,425,741,228,1305,10338,1292.25
454,Maharashtra,Urban,7,18718,9366,7029,3126,14769,4311,2131,1613,61063,8723.29
455,West Bengal,Rural,4,7522,1028,2603,2534,3199,841,912,911,19550,4887.5
456,Gujarat,Urban,8,7419,2461,3392,3007,11802,1937,1200,3007,34225,4278.12
457,Maharashtra,Rural,2,2815,1168,1029,891,397,417,289,237,7243,3621.5
458,Maharashtra,Rural,5,3557,940,1201,1608,3548,628,603,1142,13227,2645.4
459,West Bengal,Rural,2,6265,927,2293,2646,585,1364,897,2420,17397,8698.5
460,Karnataka,Urban,8,14310,4559,4813,6543,3001,4258,2964,2457,42905,5363.12
461,Uttar Pradesh,Rural,4,4684,776,987,2049,901,1368,579,495,11839,2959.75
462,Tamil Nadu,Rural,2,3205,1442,876,1023,3900,627,445,1116,12634,6317.0
463,Bihar,Rural,3,7095,2927,2606,2383,2216,1901,1378,1940,22446,7482.0
464,Karnataka,Urban,8,18611,7855,4134,3186,6161,2610,1726,3325,47608,5951.0
465,Delhi,Urban,8,10936,2092,2558,2709,3666,1746,1421,2216,27344,3418.0
466,Kerala,Urban,7,4176,2067,1063,1418,9858,716,461,1051,20810,2972.86
467,Rajasthan,Rural,2,3190,607,679,1312,1375,457,717,503,8840,4420.0
468,Uttar Pradesh,Rural,8,1843,1135,832,554,151,525,222,947,6209,776.12
469,Karnataka,Urban,5,9825,1301,1574,2224,7654,1236,1490,3234,28538,5707.6
470,Kerala,Urban,7,11386,2046,3857,2884,9481,1586,1255,1847,34342,4906.0
471,Bihar,Rural,8,6643,2271,1577,1246,3426,1079,333,1773,18348,2293.5
472,Rajasthan,Rural,3,6362,2445,1769,2174,2511,1337,1159,1093,18850,6283.33
473,West Bengal,Rural,8,3403,1325,688,1374,537,849,756,1688,10620,1327.5
474,Rajasthan,Urban,5,11245,4045,2005,2642,6661,1499,836,5512,34445,6889.0
475,Tamil Nadu,Rural,5,5171,2111,1155,1473,2643,1120,553,823,15049,3009.8
476,Gujarat,Rural,5,1980,979,663,560,3089,429,447,444,8591,1718.2
477,Uttar Pradesh,Rural,8,4190,1550,851,1765,3140,1055,850,784,14185,1773.12
478,Rajasthan,Rural,6,5894,2574,1828,1215,3338,843,931,801,17424,2904.0
479,Tamil Nadu,Rural,2,3423,1937,1637,1244,633,550,385,1455,11264,5632.0
480,Uttar Pradesh,Urban,5,7492,2570,1812,1193,3018,1379,989,1763,20216,4043.2
481,Kerala,Rural,3,2715,580,986,526,2683,346,354,836,9026,3008.67
482,Gujarat,Urban,7,11216,6014,4968,3519,5283,2095,2255,1208,36558,5222.57
483,Gujarat,Rural,8,4070,2052,735,1291,377,1258,630,807,11220,1402.5
484,Kerala,Rural,2,5777,1390,2880,1612,1041,1127,1096,2665,17588,8794.0
485,West Bengal,Urban,4,11309,3601,2810,4171,3737,2493,2622,2056,32799,8199.75
486,Rajasthan,Rural,5,3609,1226,756,805,434,458,414,414,8116,1623.2
487,Karnataka,Urban,3,10803,2660,2962,4122,6235,2480,1143,1656,32061,10687.0
488,Gujarat,Rural,5,2844,1231,1528,1208,545,792,380,775,9303,1860.6
489,West Bengal,Rural,3,4174,805,2257,1356,3326,1178,383,1731,15210,5070.0
490,West Bengal,Urban,5,7751,3165,1792,2919,10318,1669,1564,2217,31395,6279.0
491,Uttar Pradesh,Rural,8,4957,1708,1313,919,759,586,750,997,11989,1498.62
492,West Bengal,Urban,8,11225,4018,4975,2637,9639,3628,1513,5539,43174,5396.75
493,Delhi,Urban,6,9551,4397,3868,1652,17635,2036,2106,2155,43400,7233.33
494,Delhi,Rural,3,2752,1185,786,593,3297,662,251,480,10006,3335.33
495,Delhi,Urban,6,11738,6202,4891,2274,9450,2551,1491,2684,41281,6880.17
496,Karnataka,Urban,5,17969,8516,4847,7562,7310,2807,4243,3106,56360,11272.0
497,Tamil Nadu,Rural,7,5560,1612,1820,1089,3932,651,568,1300,16532,2361.71
498,Tamil Nadu,Urban,2,8837,4252,4639,2202,3250,2564,2024,2714,30482,15241.0
499,Rajasthan,Rural,5,4133,2300,1853,885,2262,1020,1294,1323,15070,3014.0
500,Maharashtra,Urban,2,16891,7086,6227,4411,9617,3158,1989,6730,56109,28054.5
501,Gujarat,Urban,3,14570,2887,6420,7354,9960,2849,1579,2005,47624,15874.67
502,Tamil Nadu,Urban,6,19219,8724,6118,6113,13190,2771,2784,6351,65270,10878.33
503,Bihar,Rural,8,4777,1781,2347,914,2475,1214,716,654,14878,1859.75
504,West Bengal,Rural,7,5535,1667,760,2068,1467,1106,933,559,14095,2013.57
505,Rajasthan,Urban,2,18668,5315,2161,6455,14059,2043,3304,6900,58905,29452.5
506,Rajasthan,Urban,5,11340,4409,2041,2958,9238,2536,2061,2416,36999,7399.8
507,Karnataka,Rural,2,3996,1798,1019,1117,3588,922,1146,525,14111,7055.5
508,Uttar Pradesh,Rural,4,4941,896,740,945,638,1416,742,1775,12093,3023.25
509,Gujarat,Rural,6,4749,1524,1662,1370,3670,862,657,1662,16156,2692.67
510,Kerala,Rural,8,5601,2128,916,1975,574,1406,494,1963,15057,1882.12
511,Delhi,Rural,7,2613,1597,464,771,3780,461,376,408,10470,1495.71
512,Bihar,Urban,2,21772,2726,7295,2785,3343,2863,1155,3702,45641,22820.5
513,Bihar,Urban,4,15085,5913,3514,2604,5772,4036,2592,4269,43785,10946.25
514,Maharashtra,Urban,2,20652,6133,5801,4251,16393,2220,2314,3770,61534,30767.0
515,Kerala,Rural,8,7017,2276,2259,2606,2594,1157,1429,960,20298,2537.25
516,Gujarat,Rural,5,5203,3007,1060,2392,2725,822,1475,2212,18896,3779.2
517,West Bengal,Rural,5,5697,1655,1551,1805,2705,902,283,1852,16450,3290.0
518,Tamil Nadu,Rural,3,2477,980,424,900,3569,280,473,571,9674,3224.67
519,Bihar,Urban,7,7076,3027,1722,2022,16890,2485,680,3107,37009,5287.0
520,Karnataka,Rural,6,4848,2239,1066,2633,1993,1779,869,1606,17033,2838.83
521,Uttar Pradesh,Rural,7,6416,2244,1058,2635,1502,861,1240,1097,17053,2436.14
522,Rajasthan,Rural,2,3575,699,523,1204,3832,587,248,1176,11844,5922.0
523,West Bengal,Urban,6,13164,2332,3320,3264,14878,2792,864,3536,44150,7358.33
524,Bihar,Rural,6,8308,1530,2109,2558,522,1404,455,1767,18653,3108.83
525,Maharashtra,Urban,8,15251,6322,5908,4671,13680,3939,1745,3892,55408,6926.0
526,Gujarat,Rural,7,2659,433,747,996,3672,440,538,474,9959,1422.71
527,Maharashtra,Urban,6,10185,2578,2013,2713,10645,2909,967,1234,33244,5540.67
528,Gujarat,Rural,5,7993,1766,2922,1950,2397,995,1345,2234,21602,4320.4
529,West Bengal,Urban,3,10904,1708,2093,3351,16737,2490,1198,2304,40785,13595.0
530,Bihar,Urban,6,12459,4682,3992,5653,7732,3340,2598,6568,47024,7837.33
531,Rajasthan,Urban,8,8267,2013,3735,4484,6117,2303,1701,1970,30590,3823.75
532,Rajasthan,Urban,7,6958,1489,1119,2599,4986,2128,1700,2036,23015,3287.86
533,Gujarat,Urban,3,22230,4788,7160,7546,3501,4061,3516,6111,58913,19637.67
534,West Bengal,Urban,5,22070,3645,2378,3682,17077,4774,4511,8518,66655,13331.0
535,Uttar Pradesh,Urban,4,5604,1964,2479,2581,14353,1023,994,995,29993,7498.25
536,Uttar Pradesh,Rural,7,3208,449,1060,748,2900,483,421,326,9595,1370.71
537,West Bengal,Urban,7,11259,2894,1811,4257,15067,3539,823,1404,41054,5864.86
538,Gujarat,Rural,6,5267,2099,1155,867,3576,1384,947,1641,16936,2822.67
539,Tamil Nadu,Urban,3,19126,3962,3239,7019,12257,5461,4640,6290,61994,20664.67
540,Karnataka,Rural,6,2218,790,764,729,2053,546,141,726,7967,1327.83
541,Tamil Nadu,Urban,5,11920,6650,1664,4114,15224,1904,2390,1947,45813,9162.6
542,Gujarat,Urban,6,16329,3840,6897,5589,5892,5290,1608,6005,51450,8575.0
543,Gujarat,Urban,8,11097,4458,2228,2853,7065,1936,2378,1958,33973,4246.62
544,Tamil Nadu,Urban,3,10442,2557,4178,2129,17650,2960,988,3168,44072,14690.67
545,Karnataka,Rural,6,5729,1326,902,1194,1823,677,425,632,12708,2118.0
546,West Bengal,Rural,6,5507,2666,1230,1192,306,997,1504,2565,15967,2661.17
547,Maharashtra,Rural,3,6070,2185,1719,1206,2113,666,745,2156,16860,5620.0
548,Bihar,Urban,7,14339,6609,5529,4421,7271,2034,2530,1596,44329,6332.71
549,Bihar,Urban,3,14746,4152,3456,3177,8507,3361,2986,5602,45987,15329.0
550,Rajasthan,Urban,3,10551,2062,2439,4957,12648,2737,2220,2136,39750,13250.0
551,Delhi,Urban,8,7106,1306,2471,1391,17595,1498,838,1922,34127,4265.88
552,Gujarat,Rural,3,6077,1083,2737,1227,2302,1380,1292,1243,17341,5780.33
553,Delhi,Rural,5,7215,1527,754,1989,3445,1149,528,1995,18602,3720.4
554,West Bengal,Rural,7,6331,2004,1853,2320,1945,1811,542,700,17506,2500.86
555,Maharashtra,Rural,2,5680,2186,959,1157,2623,990,341,1484,15420,7710.0
556,Delhi,Rural,2,4665,887,1386,1066,3044,560,774,1773,14155,7077.5
557,Gujarat,Urban,3,23077,4835,8228,3842,5032,4557,1275,6297,57143,19047.67
558,Uttar Pradesh,Rural,3,1846,849,889,946,254,334,409,712,6239,2079.67
559,Delhi,Urban,4,18850,6614,3465,6993,5073,4741,1606,7570,54912,13728.0
560,Rajasthan,Rural,8,5114,1714,1583,1019,3609,1337,1000,2125,17501,2187.62
561,Rajasthan,Rural,2,2259,1021,617,1162,17,534,381,760,6751,3375.5
562,Rajasthan,Urban,3,12623,4046,3018,2219,3105,2174,1114,4481,32780,10926.67
563,Gujarat,Rural,3,3765,1206,542,876,1675,459,574,836,9933,3311.0
564,Uttar Pradesh,Rural,2,2013,1036,718,558,3123,431,152,900,8931,4465.5
565,Gujarat,Rural,2,3871,1035,1680,1687,2370,660,562,1690,13555,6777.5
566,Maharashtra,Rural,2,3370,2007,931,1386,1316,912,368,660,10950,5475.0
567,Gujarat,Rural,8,5304,3432,3054,1757,2024,1259,426,2331,19587,2448.38
568,Bihar,Rural,6,6287,2005,692,1729,505,902,649,1885,14654,2442.33
569,Kerala,Rural,4,4482,2033,1261,1890,378,1278,341,1926,13589,3397.25
570,Tamil Nadu,Urban,7,14346,2991,4944,1878,5262,1673,1784,3384,36262,5180.29
571,Uttar Pradesh,Urban,5,6469,1203,2376,3326,10690,1856,1610,733,28263,5652.6
572,Uttar Pradesh,Rural,8,8312,1437,2692,1539,37,1287,1498,2045,18847,2355.88
573,Uttar Pradesh,Urban,5,10433,5225,4845,4243,3920,2189,855,1733,33443,6688.6
574,Uttar Pradesh,Urban,6,7430,1246,1857,1940,14367,841,835,2454,30970,5161.67
575,Tamil Nadu,Urban,7,6683,1049,1874,945,7975,1217,650,1960,22353,3193.29
576,Karnataka,Rural,6,7265,3026,998,2528,3279,1398,511,1504,20509,3418.17
577,West Bengal,Urban,8,16332,7249,6648,4712,16390,4511,2424,3594,61860,7732.5
578,Bihar,Urban,6,5564,1001,1768,1905,10830,1682,1113,2454,26317,4386.17
579,Gujarat,Urban,6,15243,7471,5273,2556,3595,3656,1274,3528,42596,7099.33
580,Rajasthan,Rural,4,6956,1860,1722,2829,2063,1209,685,1143,18467,4616.75
581,Delhi,Rural,2,5988,806,1315,1949,1672,921,822,834,14307,7153.5
582,Maharashtra,Urban,6,8800,4973,2393,3715,12336,1797,2259,1373,37646,6274.33
583,Rajasthan,Rural,5,4918,2936,2507,1490,3513,1622,896,1060,18942,3788.4
584,West Bengal,Rural,4,3155,1430,476,639,1863,419,832,1315,10129,2532.25
585,Tamil Nadu,Rural,8,4612,1715,778,1731,395,648,486,1310,11675,1459.38
586,Karnataka,Rural,3,3878,1101,848,1368,3862,779,250,1115,13201,4400.33
587,Maharashtra,Rural,3,4302,2074,891,1848,3554,1061,917,820,15467,5155.67
588,West Bengal,Urban,4,6853,3341,820,2417,4109,1834,465,1651,21490,5372.5
589,Kerala,Urban,6,11551,5823,2039,5924,16969,3134,2288,4317,52045,8674.17
590,Karnataka,Urban,3,5814,1219,832,2318,4422,651,1074,1964,18294,6098.0
591,Bihar,Rural,4,6655,2282,2154,2456,2903,1393,501,1011,19355,4838.75
592,Kerala,Urban,5,9371,2574,1505,2769,17230,2089,1071,1483,38092,7618.4
593,Delhi,Urban,7,17358,8158,6959,3542,11067,3361,2298,2611,55354,7907.71
594,Maharashtra,Rural,5,3927,676,716,1754,3261,533,497,1089,12453,2490.6
595,Gujarat,Urban,4,9202,4967,1619,2405,14998,1835,1223,3095,39344,9836.0
596,Tamil Nadu,Rural,3,3674,1091,615,721,2105,426,267,1016,9915,3305.0
597,Tamil Nadu,Rural,4,6577,2420,2155,2318,1097,1796,656,885,17904,4476.0
598,Gujarat,Rural,2,8516,1119,2669,1663,1482,1858,1512,2185,21004,10502.0
599,Maharashtra,Rural,3,2563,560,539,905,235,348,468,656,6274,2091.33
600,Rajasthan,Urban,2,4550,2012,830,1350,9852,1424,1309,1953,23280,11640.0
601,Gujarat,Urban,2,8645,3177,1819,1164,7859,1848,479,2378,27369,13684.5
602,Gujarat,Urban,6,5253,1922,2094,1399,11539,1160,978,1012,25357,4226.17
603,Kerala,Rural,2,3676,1350,434,1124,1228,709,530,735,9786,4893.0
604,Delhi,Rural,2,5575,2355,953,2133,2242,911,519,1162,15850,7925.0
605,Tamil Nadu,Rural,2,3473,885,682,1162,117,802,705,813,8639,4319.5
606,Tamil Nadu,Rural,4,6619,3921,1292,1111,1760,1066,1450,1822,19041,4760.25
607,West Bengal,Rural,2,5820,1438,2485,2620,1004,1351,1076,1133,16927,8463.5
608,Delhi,Rural,5,7459,1500,2133,2354,1163,1430,1261,1994,19294,3858.8
609,Uttar Pradesh,Urban,4,22262,7683,7924,7073,3667,4044,4561,3553,60767,15191.75
610,Tamil Nadu,Urban,7,19265,6749,7174,3746,4075,3365,1915,3991,50280,7182.86
611,West Bengal,Rural,4,5295,2525,1627,1477,3548,598,647,952,16669,4167.25
612,Karnataka,Rural,5,2739,631,706,1318,3403,823,610,1195,11425,2285.0
613,Gujarat,Urban,4,11293,4494,1826,4378,14426,2250,2387,3173,44227,11056.75
614,Karnataka,Urban,4,16767,2880,5199,5614,9839,3020,3721,6496,53536,13384.0
615,Gujarat,Rural,4,2558,607,1324,991,2738,581,329,905,10033,2508.25
616,Maharashtra,Urban,2,12050,4411,1614,4206,9461,1853,2105,5091,40791,20395.5
617,Rajasthan,Urban,4,7880,3621,1441,4328,7607,2595,1795,3890,33157,8289.25
618,Gujarat,Urban,2,12852,4196,3188,4007,14553,2682,1853,2346,45677,22838.5
619,Bihar,Urban,3,7403,1264,1249,1003,16231,1460,608,1359,30577,10192.33
620,Uttar Pradesh,Rural,8,4335,2230,915,854,1926,1008,303,591,12162,1520.25
621,Karnataka,Urban,2,8279,4401,1624,3557,4558,1082,659,3432,27592,13796.0
622,Maharashtra,Rural,2,6023,1582,2595,1401,1569,898,1631,673,16372,8186.0
623,Bihar,Rural,6,3668,804,938,891,3009,1181,891,1113,12495,2082.5
624,Tamil Nadu,Urban,5,20339,8697,3441,4923,4349,2235,2650,4470,51104,10220.8
625,Maharashtra,Urban,4,18188,4923,2522,4623,15627,4311,1183,3767,55144,13786.0
626,West Bengal,Rural,7,5199,2168,957,2073,3224,739,933,1115,16408,2344.0
627,West Bengal,Urban,5,11861,5548,6151,5538,17605,1821,1778,5894,56196,11239.2
628,Bihar,Urban,2,9443,2562,1959,1866,4102,1848,827,1333,23940,11970.0
629,Kerala,Rural,4,4564,1598,758,669,626,597,816,1082,10710,2677.5
630,Rajasthan,Urban,8,6942,1991,891,1061,7543,1218,1285,1130,22061,2757.62
631,Tamil Nadu,Rural,2,3843,944,1794,1045,804,930,748,1748,11856,5928.0
632,Gujarat,Rural,7,7675,3357,1359,1086,1129,1155,1229,1571,18561,2651.57
633,Karnataka,Rural,2,4949,664,1015,1249,3217,623,500,1253,13470,6735.0
634,Bihar,Urban,7,8069,2748,3691,3712,4079,2157,1901,1080,27437,3919.57
635,Maharashtra,Rural,2,4405,1543,1000,1213,513,711,558,1459,11402,5701.0
636,Rajasthan,Urban,6,20102,6957,3588,5835,10740,2303,1304,3351,54180,9030.0
637,Karnataka,Rural,5,8508,2670,1368,2128,310,1445,1196,1169,18794,3758.8
638,Bihar,Rural,6,3375,1312,1049,1391,848,591,898,748,10212,1702.0
639,West Bengal,Urban,3,18815,4734,6346,3910,9169,3654,3184,3713,53525,17841.67
640,Kerala,Rural,7,4199,1164,1086,1351,1664,442,326,1108,11340,1620.0
641,West Bengal,Urban,2,7120,2643,2503,3305,15925,2224,1543,815,36078,18039.0
642,West Bengal,Urban,6,9698,2587,1522,3378,14841,1430,699,2300,36455,6075.83
643,Kerala,Rural,6,3906,2094,1779,1597,2753,1279,900,1905,16213,2702.17
644,Kerala,Rural,8,8020,1316,1969,2207,440,1024,1579,1037,17592,2199.0
645,Gujarat,Urban,8,8145,2825,1037,3244,13032,1600,1180,2036,33099,4137.38
646,Uttar Pradesh,Urban,3,20266,8909,2616,6347,10727,5086,1692,1829,57472,19157.33
647,Maharashtra,Urban,8,11563,3852,2495,4103,9912,3087,2548,4226,41786,5223.25
648,Rajasthan,Urban,6,15742,3655,6624,4349,14957,3164,4573,3008,56072,9345.33
649,Rajasthan,Rural,6,5286,1372,1392,1813,3722,1254,1090,1814,17743,2957.17
650,Maharashtra,Urban,7,18100,7318,4531,2619,4936,3406,3595,4803,49308,7044.0
651,Gujarat,Rural,3,2747,1001,447,380,42,483,186,989,6275,2091.67
652,Delhi,Urban,6,12295,6704,3124,3479,9196,1811,2353,2526,41488,6914.67
653,Karnataka,Urban,2,18315,5364,3506,6138,5889,2689,2315,3586,47802,23901.0
654,Karnataka,Rural,8,4160,537,777,1155,2322,578,763,1086,11378,1422.25
655,West Bengal,Rural,2,4996,2243,1380,1680,2206,955,1029,2727,17216,8608.0
656,Bihar,Rural,8,5191,2632,1433,1130,2463,840,1079,1009,15777,1972.12
657,Kerala,Rural,3,2911,1464,1209,599,1155,521,245,773,8877,2959.0
658,Kerala,Urban,3,16009,7652,5916,2314,4293,2720,2082,2645,43631,14543.67
659,Bihar,Urban,8,6046,1444,1052,1952,11130,939,1113,575,24251,3031.38
660,Karnataka,Rural,8,6966,2387,1710,1040,714,1541,1250,880,16488,2061.0
661,Karnataka,Urban,5,14554,3805,2710,4665,15492,3501,2261,3489,50477,10095.4
662,West Bengal,Rural,4,3384,1615,1069,1637,3148,759,723,1231,13566,3391.5
663,Karnataka,Rural,2,2484,714,1228,466,2199,763,433,749,9036,4518.0
664,Bihar,Rural,5,7655,2950,2507,3112,3405,1536,940,3087,25192,5038.4
665,Maharashtra,Rural,7,6891,2569,1369,980,1741,712,874,1714,16850,2407.14
666,Kerala,Rural,4,4007,1180,671,1441,2782,867,778,889,12615,3153.75
667,Kerala,Urban,8,11876,2431,1498,4993,11252,1878,1187,1380,36495,4561.88
668,Karnataka,Urban,2,6932,2841,961,1491,11201,1952,1433,1565,28376,14188.0
669,Bihar,Urban,8,7980,2259,3520,2133,6229,1408,1375,3663,28567,3570.88
670,Kerala,Urban,4,14911,4537,4846,5447,10999,3267,2098,3329,49434,12358.5
671,Karnataka,Rural,5,4889,994,1305,1133,3711,1090,890,1776,15788,3157.6
672,Uttar Pradesh,Urban,2,13106,5338,2253,5708,16716,2509,2540,1292,49462,24731.0
673,Rajasthan,Rural,4,5706,2743,1496,1590,836,757,1094,957,15179,3794.75
674,Rajasthan,Rural,2,2628,1024,932,468,1230,564,163,665,7674,3837.0
675,West Bengal,Rural,2,2386,1658,604,1227,987,408,707,1268,9245,4622.5
676,West Bengal,Urban,8,5618,1885,1858,865,4907,1322,953,1121,18529,2316.12
677,Kerala,Urban,2,13840,2260,3010,3333,10195,3670,2408,2563,41279,20639.5
678,Gujarat,Rural,6,3132,521,518,687,2987,556,360,1020,9781,1630.17
679,Uttar Pradesh,Urban,3,5463,2955,1439,1603,6534,788,1203,845,20830,6943.33
680,Delhi,Rural,4,3650,623,743,868,2265,1019,389,898,10455,2613.75
681,Gujarat,Rural,8,8609,3521,2357,2530,2133,1029,1661,993,22833,2854.12
682,Karnataka,Rural,2,2879,563,637,803,1806,619,188,1045,8540,4270.0
683,Gujarat,Urban,8,14929,4644,3148,4563,9802,3537,1885,4453,46961,5870.12
684,Tamil Nadu,Rural,4,2592,1391,659,1317,3767,835,382,1190,12133,3033.25
685,West Bengal,Rural,3,3712,1066,817,804,1179,964,273,661,9476,3158.67
686,Karnataka,Rural,8,5890,1422,1405,2922,3182,966,1351,2497,19635,2454.38
687,Tamil Nadu,Urban,5,15261,3756,5372,5052,10986,4114,1110,6218,51869,10373.8
688,Bihar,Rural,8,4766,1240,1704,1662,1222,1094,287,1570,13545,1693.12
689,Kerala,Urban,4,21042,8107,6928,3581,10952,2303,1834,6608,61355,15338.75
690,Delhi,Urban,3,10081,2409,941,2161,16936,980,1207,1620,36335,12111.67
691,Kerala,Urban,8,13478,6263,5586,2480,16528,2877,1483,1426,50121,6265.12
692,Tamil Nadu,Urban,3,15729,6314,2586,5249,7611,2215,1986,1348,43038,14346.0
693,West Bengal,Urban,6,17396,8622,4690,4563,11330,4674,1367,1977,54619,9103.17
694,Karnataka,Rural,8,4996,1198,1020,961,324,804,1081,1484,11868,1483.5
695,Rajasthan,Urban,2,3920,1026,1631,1064,13264,1056,792,962,23715,11857.5
696,Delhi,Urban,6,11289,4747,2400,6152,7997,2060,2049,3067,39761,6626.83
697,Maharashtra,Urban,2,8924,4840,1301,4137,12581,2633,1107,3650,39173,19586.5
698,Maharashtra,Rural,3,5447,1703,829,2611,416,742,1039,1457,14244,4748.0
699,Delhi,Urban,5,13170,7035,5497,5247,6644,2447,1168,4478,45686,9137.2
700,Kerala,Rural,4,6246,1567,886,1497,3900,1544,1013,2792,19445,4861.25
701,Karnataka,Urban,8,11197,2694,2860,3083,7112,2617,2428,2208,34199,4274.88
702,Rajasthan,Rural,6,6900,3055,2471,1196,3960,1587,1068,1449,21686,3614.33
703,Karnataka,Rural,3,4570,1606,1460,970,2727,1324,851,1492,15000,5000.0
704,West Bengal,Rural,2,2851,821,840,472,3543,528,244,1190,10489,5244.5
705,Tamil Nadu,Urban,3,14829,9751,3941,5093,16854,4355,1184,7015,63022,21007.33
706,Uttar Pradesh,Rural,4,3035,1671,875,1347,122,586,576,1083,9295,2323.75
707,Karnataka,Rural,4,5449,2439,1656,1809,215,1055,1328,1686,15637,3909.25
708,Maharashtra,Urban,4,11263,5363,3661,2836,17635,3264,1191,3978,49191,12297.75
709,Rajasthan,Urban,3,18173,4136,4297,3289,12193,2495,1014,6526,52123,17374.33
710,Uttar Pradesh,Urban,2,12283,4284,2544,3561,7284,2765,1884,3724,38329,19164.5
711,Kerala,Rural,6,3871,2224,1211,1576,3242,935,343,869,14271,2378.5
712,Bihar,Rural,6,7981,2841,1904,959,3218,1671,949,2384,21907,3651.17
713,Tamil Nadu,Urban,8,16963,2255,5569,4153,14936,2620,2043,4515,53054,6631.75
714,West Bengal,Rural,6,2360,503,654,738,3770,475,449,596,9545,1590.83
715,Uttar Pradesh,Urban,6,19555,5567,6092,8079,5750,2653,1445,7837,56978,9496.33
716,Delhi,Rural,5,1905,463,701,1002,3012,449,274,712,8518,1703.6
717,Rajasthan,Rural,6,7032,2385,1490,1331,3574,1160,1031,1972,19975,3329.17
718,Bihar,Urban,3,6208,1508,1685,1702,11719,1143,916,959,25840,8613.33
719,Uttar Pradesh,Rural,8,3757,1255,484,766,2250,986,769,716,10983,1372.88
720,Rajasthan,Rural,7,8544,3740,1934,1578,3561,2063,1202,911,23533,3361.86
721,Maharashtra,Rural,5,5031,1175,1615,1472,2311,762,768,1816,14950,2990.0
722,Bihar,Urban,8,12341,5860,4977,1957,4054,3146,784,2611,35730,4466.25
723,Karnataka,Urban,2,10735,3067,4431,5180,6663,4052,2658,4718,41504,20752.0
724,Uttar Pradesh,Urban,2,7274,2086,1347,2770,7368,1599,975,2996,26415,13207.5
725,Uttar Pradesh,Urban,3,23545,4058,2170,7869,12024,2988,3157,2690,58501,19500.33
726,Uttar Pradesh,Rural,8,5899,1143,1670,1284,892,809,595,790,13082,1635.25
727,Kerala,Urban,7,19006,5129,6820,8232,6983,3708,4009,5478,59365,8480.71
728,Kerala,Urban,2,16743,7296,3895,6171,6285,3745,2172,4509,50816,25408.0
729,Maharashtra,Urban,6,21479,3144,2678,5226,6094,4629,3879,1757,48886,8147.67
730,Tamil Nadu,Rural,6,7913,1372,1950,2481,767,1815,443,2864,19605,3267.5
731,Delhi,Urban,2,7356,3887,1547,3650,9403,2260,1906,1781,31790,15895.0
732,Kerala,Urban,4,23017,9669,4600,7522,15500,4364,4322,5529,74523,18630.75
733,Delhi,Rural,3,6469,869,670,2099,3424,1048,830,1283,16692,5564.0
734,Tamil Nadu,Rural,4,2659,1357,409,1180,2875,473,474,1215,10642,2660.5
735,Kerala,Rural,6,3246,876,1524,1273,719,801,420,365,9224,1537.33
736,Karnataka,Rural,7,3930,1751,480,952,1501,596,514,425,10149,1449.86
737,Uttar Pradesh,Rural,7,4486,2384,1351,1915,1985,539,868,1852,15380,2197.14
738,Delhi,Rural,8,3770,1040,846,553,2768,345,592,349,10263,1282.88
739,Gujarat,Urban,3,11063,1739,3073,1917,17738,2430,1099,2472,41531,13843.67
740,Kerala,Rural,5,6467,2834,1195,2474,1212,993,948,1242,17365,3473.0
741,Gujarat,Urban,3,10580,4747,1815,3260,4361,3028,2178,3838,33807,11269.0
742,Gujarat,Rural,2,5082,1777,2149,1277,302,1526,540,1918,14571,7285.5
743,Uttar Pradesh,Urban,4,6846,2073,1124,1785,16452,897,589,1222,30988,7747.0
744,Gujarat,Rural,6,2435,531,590,779,3962,565,135,963,9960,1660.0
745,Tamil Nadu,Urban,8,14562,9451,3960,3263,7094,2461,3349,7029,51169,6396.12
746,Bihar,Rural,8,2728,1069,658,1024,3954,556,770,1398,12157,1519.62
747,Maharashtra,Rural,8,7928,3535,3121,1501,873,1452,955,1725,21090,2636.25
748,Karnataka,Rural,5,7410,2834,1309,2929,1189,1881,1005,1653,20210,4042.0
749,Bihar,Rural,4,7669,3169,1293,2714,897,834,1485,878,18939,4734.75
750,West Bengal,Urban,8,12165,2332,3548,3133,16607,2750,2516,2731,45782,5722.75
751,West Bengal,Rural,5,6833,1551,1836,3122,2693,1217,1177,2590,21019,4203.8
752,Tamil Nadu,Urban,4,15439,1892,3199,2635,17017,2304,1636,4352,48474,12118.5
753,West Bengal,Rural,5,3689,1535,869,1528,2590,728,574,1365,12878,2575.6
754,Tamil Nadu,Rural,6,5307,1792,1187,958,2594,1177,690,714,14419,2403.17
755,Tamil Nadu,Urban,8,10361,1546,2947,2067,13944,1606,1683,1838,35992,4499.0
756,Bihar,Rural,8,3630,1681,647,745,560,785,714,1402,10164,1270.5
757,Gujarat,Rural,4,2290,387,663,361,2083,277,387,418,6866,1716.5
758,Delhi,Rural,2,5149,1844,1163,1426,2578,904,855,2021,15940,7970.0
759,Rajasthan,Rural,5,5751,1958,1449,1084,157,645,317,1452,12813,2562.6
760,Gujarat,Urban,8,20436,8633,3206,6060,13689,3607,1711,7092,64434,8054.25
761,Uttar Pradesh,Rural,7,3596,1790,1594,1224,3612,535,800,989,14140,2020.0
762,Rajasthan,Urban,6,4651,2364,1647,1917,5409,1022,590,1345,18945,3157.5
763,Bihar,Rural,6,2757,1201,761,754,552,695,410,435,7565,1260.83
764,Tamil Nadu,Urban,5,20352,3280,7431,5612,14729,3247,3434,3198,61283,12256.6
765,Delhi,Urban,3,15003,5865,2842,5199,17925,3813,2137,4599,57383,19127.67
766,West Bengal,Urban,3,15998,5895,3256,2791,14030,2461,2660,2191,49282,16427.33
767,Delhi,Urban,4,18077,3913,2484,6182,15139,2194,1733,6334,56056,14014.0
768,West Bengal,Rural,8,4197,764,1625,1314,448,636,863,466,10313,1289.12
769,Delhi,Urban,7,13837,8484,5641,6315,3594,3098,1949,2821,45739,6534.14
770,Kerala,Rural,8,3163,954,1345,613,1203,381,322,1206,9187,1148.38
771,Karnataka,Urban,3,7132,1070,1386,1419,13017,1330,1158,1704,28216,9405.33
772,West Bengal,Rural,8,8867,3193,3022,2072,2576,1570,982,2887,25169,3146.12
773,Karnataka,Rural,6,6790,3271,1822,2599,3955,831,581,1533,21382,3563.67
774,Rajasthan,Rural,3,2071,1102,887,925,1421,415,201,666,7688,2562.67
775,Maharashtra,Rural,7,7161,1928,1325,2303,2089,1020,567,1751,18144,2592.0
776,Maharashtra,Urban,6,11424,2603,1200,1879,16350,2879,2160,1740,40235,6705.83
777,Kerala,Urban,7,9361,3995,1354,2583,7541,2820,1508,1860,31022,4431.71
778,West Bengal,Rural,6,2713,1450,354,671,265,795,327,503,7078,1179.67
779,Bihar,Urban,5,13122,6865,4595,6630,6631,2302,2936,4774,47855,9571.0
780,Bihar,Rural,8,9283,1312,894,2770,3368,986,1680,2213,22506,2813.25
781,Maharashtra,Rural,4,2576,596,449,839,3702,289,175,210,8836,2209.0
782,Kerala,Rural,6,4954,1117,1070,2312,1417,1146,674,2170,14860,2476.67
783,Rajasthan,Urban,3,14862,4162,5227,3604,12945,3407,1093,2417,47717,15905.67
784,Bihar,Urban,6,20446,4441,2882,2983,15489,3115,1573,2717,53646,8941.0
785,Delhi,Urban,6,18652,6630,5832,4655,14275,3302,3663,7701,64710,10785.0
786,Gujarat,Rural,6,6026,2291,1498,1178,270,1419,970,1023,14675,2445.83
787,Uttar Pradesh,Rural,6,4537,2042,1975,2177,2303,1309,491,1940,16774,2795.67
788,Maharashtra,Urban,3,10871,4705,2190,3746,16629,3255,2330,4827,48553,16184.33
789,Maharashtra,Rural,5,5083,996,1782,1341,3007,1055,302,626,14192,2838.4
790,West Bengal,Urban,8,20745,7224,5213,7390,13686,2458,3871,5019,65606,8200.75
791,West Bengal,Urban,5,6038,1607,2515,1597,4746,1259,505,2746,21013,4202.6
792,Gujarat,Urban,4,15112,4821,4868,3323,9859,2323,2353,1445,44104,11026.0
793,Uttar Pradesh,Urban,5,18095,2563,6263,6152,11060,2652,2986,2664,52435,10487.0
794,Rajasthan,Rural,7,4974,1897,1335,1840,1810,971,887,1777,15491,2213.0
795,Tamil Nadu,Rural,2,4455,1208,575,1264,2617,553,491,399,11562,5781.0
796,Bihar,Urban,5,10005,4282,3155,3802,3039,1923,1959,2494,30659,6131.8
797,Delhi,Rural,2,8218,3166,2039,1372,2388,1374,1576,2430,22563,11281.5
798,Gujarat,Rural,8,3545,1840,1385,1040,1643,901,735,754,11843,1480.38
799,Kerala,Rural,7,6642,2356,1177,753,856,1145,918,1595,15442,2206.0
800,Kerala,Urban,7,14846,6326,6548,6263,9869,4087,2721,3689,54349,7764.14
801,Delhi,Urban,4,9649,4624,4543,2574,6660,2359,2667,2376,35452,8863.0
802,Kerala,Rural,7,2466,1608,1092,1185,2924,757,509,773,11314,1616.29
803,Delhi,Urban,6,7439,2434,1825,1439,5422,816,699,1849,21923,3653.83
804,Gujarat,Rural,5,2161,734,369,370,2347,584,366,819,7750,1550.0
805,Bihar,Rural,5,5901,1028,1084,1615,3835,938,1580,1338,17319,3463.8
806,Rajasthan,Rural,7,5347,3298,2965,1519,948,1363,433,2174,18047,2578.14
807,Uttar Pradesh,Rural,5,5455,2663,1949,2592,2281,897,1281,2114,19232,3846.4
808,Delhi,Urban,4,13371,4517,1910,4154,4480,1615,1997,3472,35516,8879.0
809,Delhi,Rural,8,4341,622,728,1095,2746,964,253,322,11071,1383.88
810,Karnataka,Rural,4,2583,1301,1082,1409,2013,388,337,1367,10480,2620.0
811,Karnataka,Urban,5,8454,1098,2996,1230,14590,1845,1551,2999,34763,6952.6
812,Rajasthan,Urban,5,5970,1136,2913,2265,14540,1644,1624,2359,32451,6490.2
813,Gujarat,Rural,6,5186,1987,1604,1113,3477,1068,267,559,15261,2543.5
814,Kerala,Rural,4,8050,2089,1664,1261,3598,1259,1003,627,19551,4887.75
815,Kerala,Rural,6,3636,510,679,743,1511,611,238,419,8347,1391.17
816,Karnataka,Urban,3,10465,1685,3405,2771,13135,1521,1745,3197,37924,12641.33
817,Tamil Nadu,Rural,5,4341,947,464,655,1166,978,528,715,9794,1958.8
818,Karnataka,Urban,6,6668,2090,1913,1193,3318,673,741,1019,17615,2935.83
819,Kerala,Urban,2,15151,4185,6640,2809,16277,3975,1496,3516,54049,27024.5
820,Karnataka,Rural,3,9374,1729,1997,2130,2178,2028,1443,2010,22889,7629.67
821,Bihar,Urban,4,11847,4326,1310,4567,6331,1407,1344,2506,33638,8409.5
822,West Bengal,Rural,3,5647,2185,1706,2387,3101,1105,1174,2719,20024,6674.67
823,Tamil Nadu,Urban,2,17386,6897,2004,2034,15749,1962,3151,2038,51221,25610.5
824,Kerala,Urban,3,6531,1514,2374,1379,8691,1430,1064,996,23979,7993.0
825,Rajasthan,Rural,6,4149,1552,909,1115,802,768,701,816,10812,1802.0
826,Uttar Pradesh,Rural,2,4872,2669,1639,1421,97,1237,1034,2274,15243,7621.5
827,Maharashtra,Rural,6,4391,1036,1481,1007,3519,1006,209,1409,14058,2343.0
828,Bihar,Urban,3,20342,2848,2510,3852,16070,3779,2818,1822,54041,18013.67
829,Tamil Nadu,Rural,3,6122,2229,3053,3281,3227,2172,1595,1693,23372,7790.67
830,Maharashtra,Urban,5,17377,4391,5136,6832,17198,3293,1222,5443,60892,12178.4
831,Rajasthan,Rural,8,3380,1222,1394,1304,2759,583,336,604,11582,1447.75
832,Uttar Pradesh,Urban,8,6218,2821,2030,2584,9877,1910,1370,2793,29603,3700.38
833,Tamil Nadu,Rural,6,5207,1901,1393,1453,1188,1012,926,1572,14652,2442.0
834,Bihar,Rural,5,6838,1886,1018,2341,3735,1265,1409,1143,19635,3927.0
835,Maharashtra,Rural,6,5517,1557,1305,826,2670,1058,750,715,14398,2399.67
836,Bihar,Rural,2,8009,1626,1456,1450,2898,2098,1534,1241,20312,10156.0
837,Delhi,Urban,7,13506,7301,5188,7439,17246,2652,3630,6650,63612,9087.43
838,Uttar Pradesh,Rural,2,3823,1037,401,943,3284,750,367,395,11000,5500.0
839,Delhi,Urban,8,5099,1157,1428,1546,11243,665,438,847,22423,2802.88
840,Bihar,Urban,6,17352,6489,3906,4061,16584,2041,2466,4341,57240,9540.0
841,West Bengal,Rural,4,5134,1116,1627,2023,3303,919,535,1496,16153,4038.25
842,Maharashtra,Rural,6,2478,507,1003,736,591,418,607,627,6967,1161.17
843,Bihar,Rural,7,5417,1726,672,1119,1903,770,635,1600,13842,1977.43
844,Uttar Pradesh,Rural,5,2715,1633,1222,872,26,620,732,1338,9158,1831.6
845,Kerala,Urban,3,14946,3607,3199,4070,17813,4199,4723,6432,58989,19663.0
846,West Bengal,Urban,7,6755,4109,2143,3621,8302,1579,1368,1031,28908,4129.71
847,Tamil Nadu,Rural,3,4044,559,1262,995,1069,801,638,780,10148,3382.67
848,Bihar,Urban,5,7017,4761,1465,1664,4137,1677,1186,1558,23465,4693.0
849,Rajasthan,Urban,2,9102,2440,1033,1421,17269,1665,1113,1321,35364,17682.0
850,Maharashtra,Rural,5,5717,1889,2131,1182,883,1986,861,2869,17518,3503.6
851,Karnataka,Urban,4,19205,6306,2365,2931,13106,2972,1436,1508,49829,12457.25
852,Gujarat,Rural,7,7208,3223,1814,2187,3920,1463,455,2121,22391,3198.71
853,Kerala,Rural,2,2491,1082,535,411,3158,441,430,289,8837,4418.5
854,Gujarat,Urban,7,20102,5067,6391,7600,14964,2432,2017,6602,65175,9310.71
855,Tamil Nadu,Rural,6,4962,2073,1164,2196,3596,668,894,1172,16725,2787.5
856,Karnataka,Rural,7,5516,2387,1025,1512,447,994,307,1436,13624,1946.29
857,Rajasthan,Urban,8,9252,2288,3710,2722,17485,1573,1608,3390,42028,5253.5
858,Karnataka,Urban,6,7870,3682,2768,2827,16703,1820,514,2823,39007,6501.17
859,Bihar,Urban,3,18900,7383,6348,5855,12488,4286,1426,7976,64662,21554.0
860,Rajasthan,Rural,5,6608,1806,1828,1429,1503,1188,617,1010,15989,3197.8
861,Karnataka,Rural,6,7142,1797,1845,2319,1637,744,1086,1705,18275,3045.83
862,Bihar,Urban,4,19257,4979,5379,4894,4499,4098,1491,8304,52901,13225.25
863,Tamil Nadu,Rural,3,4545,663,1220,1119,757,936,780,1331,11351,3783.67
864,Rajasthan,Rural,6,2045,742,293,609,1297,504,524,624,6638,1106.33
865,West Bengal,Rural,4,4677,1865,2160,2031,565,802,496,809,13405,3351.25
866,Tamil Nadu,Urban,8,11897,3742,2301,3407,5639,1418,946,4624,33974,4246.75
867,Uttar Pradesh,Rural,4,3543,1299,1040,613,2337,525,419,607,10383,2595.75
868,Rajasthan,Rural,6,5821,3131,1144,1963,376,1164,428,1562,15589,2598.17
869,Delhi,Urban,6,11538,2294,5361,3292,8747,2796,2531,2583,39142,6523.67
870,West Bengal,Rural,3,6929,1796,1592,1294,400,1390,1152,991,15544,5181.33
871,Rajasthan,Urban,7,7346,2358,1310,1741,15690,1273,1412,2818,33948,4849.71
872,Gujarat,Urban,3,7945,3525,1382,2120,6514,1667,1244,1234,25631,8543.67
873,Rajasthan,Urban,8,19814,7453,4837,3996,8423,5590,2900,6756,59769,7471.12
874,Bihar,Rural,7,5678,2066,1707,1706,1252,822,851,860,14942,2134.57
875,West Bengal,Rural,2,3943,2007,1315,1514,1147,741,926,1533,13126,6563.0
876,Rajasthan,Rural,2,4413,1557,630,1849,820,1125,816,1390,12600,6300.0
877,Bihar,Urban,6,9137,2803,1429,3199,9658,2234,1720,3194,33374,5562.33
878,Uttar Pradesh,Rural,2,9239,1116,3061,2809,2559,1935,549,2544,23812,11906.0
879,Karnataka,Rural,7,4419,1082,1066,982,585,965,247,907,10253,1464.71
880,Gujarat,Urban,5,17585,7478,1968,5511,8444,3692,1904,4100,50682,10136.4
881,Gujarat,Urban,6,10582,2512,4125,4237,9339,1904,2179,2258,37136,6189.33
882,Kerala,Rural,4,5736,1435,1590,1142,83,541,342,1179,12048,3012.0
883,Uttar Pradesh,Rural,3,3141,1140,759,1140,2389,558,378,434,9939,3313.0
884,Kerala,Urban,5,11744,3508,4890,3241,15566,2136,1181,4819,47085,9417.0
885,Gujarat,Rural,6,6694,2286,2231,941,954,998,635,821,15560,2593.33
886,Maharashtra,Rural,6,3093,628,1354,1548,2430,825,384,1568,11830,1971.67
887,Karnataka,Urban,7,18955,6059,4851,4384,6081,3516,3069,6630,53545,7649.29
888,Maharashtra,Urban,8,7368,1025,1950,1153,7536,814,1322,1196,22364,2795.5
889,Delhi,Rural,7,4292,2073,830,1216,3455,798,585,1642,14891,2127.29
890,Kerala,Urban,6,17876,7603,3474,3292,12143,3379,2192,6528,56487,9414.5
891,Bihar,Rural,2,5493,959,1830,1102,1605,821,975,1228,14013,7006.5
892,Kerala,Rural,6,6246,1268,1272,1647,1467,1017,990,1703,15610,2601.67
893,West Bengal,Rural,4,7990,2544,2536,1157,3039,1150,1371,1024,20811,5202.75
894,Uttar Pradesh,Urban,5,11515,5862,2446,2470,7971,2931,2519,1450,37164,7432.8
895,Bihar,Urban,3,20709,6369,6385,3509,5612,2181,3673,1981,50419,16806.33
896,West Bengal,Urban,4,22537,4702,2189,4243,5010,3958,2255,4991,49885,12471.25
897,Karnataka,Urban,4,11758,2188,3840,4512,8769,1689,2146,2381,37283,9320.75
898,Gujarat,Rural,8,5565,1267,1459,1150,722,718,638,831,12350,1543.75
899,Uttar Pradesh,Rural,8,4347,2119,1898,942,1483,1051,374,1572,13786,1723.25
900,Gujarat,Urban,8,16866,5896,3946,6792,14575,4060,1740,6155,60030,7503.75
901,West Bengal,Rural,6,2523,1237,631,699,443,506,557,504,7100,1183.33
902,Gujarat,Rural,7,5174,777,1935,677,2977,1002,708,608,13858,1979.71
903,Karnataka,Urban,7,13366,2474,4749,5517,16402,2427,3306,1628,49869,7124.14
904,West Bengal,Rural,2,2093,512,727,748,1347,349,429,417,6622,3311.0
905,Uttar Pradesh,Urban,7,5328,2164,1888,1525,6574,760,721,1916,20876,2982.29
906,Bihar,Rural,3,6241,1903,589,996,1839,667,606,1309,14150,4716.67
907,Delhi,Urban,6,12634,4365,2187,1990,12210,2353,1974,1435,39148,6524.67
908,Gujarat,Urban,5,8043,1340,782,986,5212,1375,433,2651,20822,4164.4
909,Maharashtra,Urban,2,11643,5205,2744,2797,15234,2154,1927,5690,47394,23697.0
910,Gujarat,Rural,5,3393,551,603,935,3275,744,223,436,10160,2032.0
911,Rajasthan,Rural,2,6994,1118,898,1340,1790,1083,1268,927,15418,7709.0
912,Uttar Pradesh,Rural,7,6942,1048,1962,1400,3689,979,1269,999,18288,2612.57
913,Rajasthan,Rural,7,7282,2943,2364,1935,132,982,1067,2059,18764,2680.57
914,West Bengal,Urban,3,5698,1481,2225,1074,11871,858,1003,1184,25394,8464.67
915,West Bengal,Urban,2,7836,1826,1371,914,5233,875,805,679,19539,9769.5
916,Gujarat,Rural,6,2802,1485,850,775,2625,635,507,723,10402,1733.67
917,Delhi,Rural,5,2844,507,315,811,2243,607,484,627,8438,1687.6
918,West Bengal,Rural,2,6403,2098,2843,2613,2391,1594,724,964,19630,9815.0
919,Delhi,Rural,6,2978,1465,714,919,1454,763,394,502,9189,1531.5
920,Karnataka,Rural,4,2350,535,851,470,3172,533,455,620,8986,2246.5
921,Delhi,Rural,2,3342,1443,719,1139,2249,1119,985,847,11843,5921.5
922,Uttar Pradesh,Rural,5,3123,1244,1078,1530,1711,547,619,1356,11208,2241.6
923,Uttar Pradesh,Rural,5,5638,1961,2665,1197,1922,1162,1363,2709,18617,3723.4
924,Bihar,Rural,4,3229,1165,1188,1658,506,505,577,795,9623,2405.75
925,Tamil Nadu,Urban,5,17863,5265,3864,3389,3909,2497,1854,5621,44262,8852.4
926,Rajasthan,Rural,4,3111,782,747,542,1454,627,385,942,8590,2147.5
927,Rajasthan,Rural,5,6259,1450,900,767,3447,1023,628,1474,15948,3189.6
928,Maharashtra,Rural,2,4143,1665,621,1829,2663,658,856,1856,14291,7145.5
929,West Bengal,Urban,6,7377,2608,1040,1142,12924,791,471,1993,28346,4724.33
930,Uttar Pradesh,Urban,3,17383,6462,4122,6262,17550,3235,2343,4549,61906,20635.33
931,Uttar Pradesh,Rural,3,4196,1458,1556,1465,181,861,442,1350,11509,3836.33
932,Bihar,Rural,5,2672,593,1109,1446,457,403,638,1093,8411,1682.2
933,Maharashtra,Rural,8,6705,1416,1545,2211,2181,940,520,1868,17386,2173.25
934,Tamil Nadu,Rural,7,2350,926,571,636,2683,582,543,677,8968,1281.14
935,Karnataka,Urban,6,15671,2352,3032,4550,10111,1829,1604,4100,43249,7208.17
936,Gujarat,Urban,5,13088,6720,4966,2751,12476,1881,2380,3820,48082,9616.4
937,West Bengal,Rural,8,5993,1599,702,1780,3212,738,893,1941,16858,2107.25
938,Tamil Nadu,Urban,2,9597,4227,3756,4289,17083,2156,2507,4645,48260,24130.0
939,Bihar,Rural,5,6604,1783,2393,1144,3008,1723,468,549,17672,3534.4
940,Rajasthan,Urban,2,22257,8729,8049,4287,11511,4460,1453,4255,65001,32500.5
941,Rajasthan,Rural,8,2728,1042,1143,432,696,578,558,682,7859,982.38
942,Maharashtra,Urban,6,13580,3810,4614,4224,17308,2638,656,2631,49461,8243.5
943,Delhi,Rural,6,2563,977,575,592,106,633,211,308,5965,994.17
944,West Bengal,Urban,3,14769,4388,5205,2555,11656,2952,1503,2262,45290,15096.67
945,Tamil Nadu,Rural,8,1828,1126,807,786,1084,552,492,622,7297,912.12
946,West Bengal,Urban,6,18114,6071,4638,7781,8283,3298,4234,7577,59996,9999.33
947,Karnataka,Rural,5,4370,1147,2118,1674,1079,844,617,2476,14325,2865.0
948,Maharashtra,Rural,6,6008,2102,1595,958,3184,1080,1295,2109,18331,3055.17
949,Karnataka,Urban,2,4561,1628,945,1770,4745,1467,1318,2182,18616,9308.0
950,Rajasthan,Rural,5,4963,1535,1150,1669,1939,1096,837,1827,15016,3003.2
951,West Bengal,Rural,5,4569,2097,1867,1881,723,1437,978,1782,15334,3066.8
952,West Bengal,Rural,7,3820,1229,572,772,3995,578,519,1247,12732,1818.86
953,Tamil Nadu,Urban,8,9400,2896,3089,1789,7130,2143,1717,2369,30533,3816.62
954,Rajasthan,Urban,4,5074,893,2132,1562,13926,978,793,2108,27466,6866.5
955,Rajasthan,Urban,2,14659,3480,3608,3705,14064,2249,2510,3879,48154,24077.0
956,Kerala,Urban,4,22301,9166,6669,7923,16891,3327,2785,1758,70820,17705.0
957,Gujarat,Urban,6,14433,3489,2061,6734,16421,1935,3066,2306,50445,8407.5
958,Kerala,Rural,5,3135,1192,1519,1151,2453,991,799,566,11806,2361.2
959,Uttar Pradesh,Rural,7,8836,1389,1316,2152,2853,1746,1162,1176,20630,2947.14
960,Bihar,Rural,4,3738,996,1265,825,1656,648,441,759,10328,2582.0
961,Gujarat,Rural,2,3741,622,1011,1137,1880,635,327,1279,10632,5316.0
962,Karnataka,Rural,8,5207,871,575,972,2194,554,597,1231,12201,1525.12
963,Tamil Nadu,Rural,2,4714,1766,2208,2349,1257,1204,389,1931,15818,7909.0
964,Karnataka,Urban,2,16997,6024,7852,7793,11115,3455,1910,3526,58672,29336.0
965,Karnataka,Rural,5,5833,1728,1060,1648,3169,1014,880,1862,17194,3438.8
966,Maharashtra,Rural,2,5902,1021,2091,1447,3730,1540,1246,2690,19667,9833.5
967,Uttar Pradesh,Urban,4,9956,3442,1073,3505,8984,1254,1808,820,30842,7710.5
968,Kerala,Urban,8,12053,4759,2377,4379,9079,3441,3091,4947,44126,5515.75
969,Delhi,Rural,6,9480,2216,2370,2789,135,1897,1115,2898,22900,3816.67
970,Karnataka,Rural,8,2388,444,995,715,2100,419,264,1078,8403,1050.38
971,Kerala,Rural,6,6297,1842,2569,1142,1489,1188,742,1639,16908,2818.0
972,Gujarat,Rural,4,4171,1271,1627,1259,3528,983,582,1000,14421,3605.25
973,Maharashtra,Urban,8,16315,9016,4166,3520,7459,2489,1131,4389,48485,6060.62
974,Maharashtra,Rural,2,3977,739,1322,1132,753,797,298,540,9558,4779.0
975,Bihar,Urban,5,13809,7205,4919,4711,10529,3445,2004,3730,50352,10070.4
976,Rajasthan,Rural,8,6921,2438,1740,1308,2269,1163,408,1789,18036,2254.5
977,Bihar,Rural,6,4033,1922,1872,2051,2823,820,567,1455,15543,2590.5
978,Uttar Pradesh,Urban,8,15433,4724,4707,3135,9370,3384,1373,3596,45722,5715.25
979,Karnataka,Urban,2,10339,5585,5435,1906,9408,3004,1289,1277,38243,19121.5
980,West Bengal,Urban,2,6407,2007,2372,1018,13998,1410,1060,1922,30194,15097.0
981,Rajasthan,Urban,5,22180,2912,4067,6706,11894,3917,3409,5939,61024,12204.8
982,Kerala,Urban,3,14124,6987,6963,5900,7723,5428,2575,6518,56218,18739.33
983,Kerala,Rural,2,2078,1280,834,411,2884,584,536,729,9336,4668.0
984,Gujarat,Rural,4,7018,1370,1322,2422,1059,1728,718,1450,17087,4271.75
985,West Bengal,Rural,7,5084,991,2176,1798,2385,1134,1465,1041,16074,2296.29
986,Uttar Pradesh,Urban,4,7353,3536,1521,2627,13183,1377,1929,834,32360,8090.0
987,West Bengal,Urban,3,11231,4312,5149,4590,11384,2832,959,4290,44747,14915.67
988,Kerala,Rural,7,5801,1931,2290,2771,2643,1270,1316,2774,20796,2970.86
989,Delhi,Rural,7,3698,790,740,1313,65,708,405,1087,8806,1258.0
990,Gujarat,Rural,7,5004,1607,582,1605,1987,791,500,1052,13128,1875.43
991,Karnataka,Urban,5,23440,6446,3173,3331,6163,3984,3060,1919,51516,10303.2
992,Karnataka,Urban,5,10987,2330,3782,3909,8922,1449,780,4126,36285,7257.0
993,Tamil Nadu,Urban,2,7227,3641,2798,1749,8521,1344,953,2208,28441,14220.5
994,Delhi,Rural,5,6938,2815,1756,2771,503,1557,473,1077,17890,3578.0
995,Kerala,Urban,5,10075,2450,3290,2877,5291,1611,1909,3075,30578,6115.6
996,Tamil Nadu,Rural,5,5679,1718,1523,2432,1373,1772,830,1279,16606,3321.2
997,Kerala,Urban,6,15794,4275,4654,4679,6285,2969,3016,5930,47602,7933.67
998,Gujarat,Urban,7,19690,9131,2393,2646,10066,4015,1957,7167,57065,8152.14
999,West Bengal,Urban,3,16034,7219,3362,5314,16644,3888,1220,1840,55521,18507.0
1000,Delhi,Rural,8,4936,2357,1496,1643,743,1397,1047,702,14321,1790.12
1001,Bihar,Rural,3,3444,1501,1047,995,3445,1082,876,786,13176,4392.0
1002,Rajasthan,Urban,3,10794,3120,1451,1374,9825,2295,1464,3014,33337,11112.33
1003,West Bengal,Rural,6,3414,1407,587,521,1511,663,218,1124,9445,1574.17
1004,Uttar Pradesh,Rural,8,3162,995,1546,800,2767,983,802,835,11890,1486.25
1005,Uttar Pradesh,Urban,5,9460,5531,3398,4788,5971,1456,885,4146,35635,7127.0
1006,Bihar,Urban,5,16582,2177,4038,5299,16300,2501,1493,4913,53303,10660.6
1007,Uttar Pradesh,Rural,4,3395,1442,1205,522,2488,463,356,631,10502,2625.5
1008,Uttar Pradesh,Urban,7,13027,4816,3651,2503,4516,3152,973,3008,35646,5092.29
1009,Maharashtra,Rural,8,5239,3343,957,1400,2737,819,1193,2528,18216,2277.0
1010,Gujarat,Urban,3,14395,3155,2725,3247,12357,2818,2490,5587,46774,15591.33
1011,Gujarat,Urban,2,10568,1263,2823,2408,13310,1223,967,1404,33966,16983.0
1012,Tamil Nadu,Rural,5,7146,1788,2898,2584,2404,1569,1218,881,20488,4097.6
1013,Karnataka,Urban,3,21581,9510,4765,3995,6976,4455,4080,6763,62125,20708.33
1014,Tamil Nadu,Rural,8,3964,1156,1164,815,1370,479,678,1290,10916,1364.5
1015,Bihar,Rural,8,7820,1138,1794,1723,263,1777,500,1901,16916,2114.5
1016,Delhi,Urban,8,10190,3064,4582,2971,6087,2685,2047,1947,33573,4196.62
1017,Rajasthan,Rural,2,4294,761,471,1361,3512,888,778,1091,13156,6578.0
1018,Maharashtra,Rural,3,3946,1081,1548,1010,2296,784,507,1060,12232,4077.33
1019,West Bengal,Urban,2,19830,5303,5642,3835,5817,2232,2264,4316,49239,24619.5
1020,Kerala,Rural,6,5711,2856,1708,2337,3667,1435,1494,1972,21180,3530.0
1021,Kerala,Urban,8,24327,3553,4622,4061,12557,5079,2154,8335,64688,8086.0
1022,West Bengal,Rural,4,7587,2761,2605,1739,1327,1487,751,927,19184,4796.0
1023,Maharashtra,Rural,2,2082,979,842,802,829,616,208,747,7105,3552.5
1024,Kerala,Urban,3,17877,5743,8655,6458,16721,3709,4609,4161,67933,22644.33
1025,West Bengal,Rural,3,8980,1528,2573,2189,3706,2112,1136,705,22929,7643.0
1026,Maharashtra,Urban,4,11220,3000,3359,1718,10000,1851,1162,2752,35062,8765.5
1027,Rajasthan,Rural,6,1808,1127,422,723,338,396,451,488,5753,958.83
1028,Karnataka,Urban,2,5124,1737,1897,1090,7893,1023,1522,2945,23231,11615.5
1029,Rajasthan,Urban,8,13367,8468,3163,7329,15992,3408,3239,1478,56444,7055.5
1030,Bihar,Rural,7,6579,1141,1418,1589,142,939,782,1089,13679,1954.14
1031,Kerala,Urban,3,9362,5321,2896,4784,4096,2243,2571,1698,32971,10990.33
1032,Uttar Pradesh,Rural,3,4639,2165,735,1235,1205,1309,348,2075,13711,4570.33
1033,Tamil Nadu,Urban,8,17115,6627,6920,4531,12835,3386,1951,3341,56706,7088.25
1034,Tamil Nadu,Urban,4,9639,3515,2769,1551,4772,1575,645,3127,27593,6898.25
1035,West Bengal,Rural,5,3825,851,1955,933,58,581,1036,1278,10517,2103.4
1036,Kerala,Urban,7,7164,3345,1907,2841,16838,1193,575,2754,36617,5231.0
1037,Tamil Nadu,Urban,3,11486,5072,3579,4960,4326,3860,1622,4265,39170,13056.67
1038,Rajasthan,Urban,5,17980,3847,2121,4113,4301,1845,3195,1415,38817,7763.4
1039,Delhi,Rural,3,7083,2814,1918,1951,1231,863,1102,1237,18199,6066.33
1040,Karnataka,Rural,3,6253,1461,1987,2372,947,1486,643,2225,17374,5791.33
1041,West Bengal,Urban,7,23248,6254,5468,4458,5717,3870,1550,8037,58602,8371.71
1042,Bihar,Rural,2,5290,1480,945,855,3030,1021,981,627,14229,7114.5
1043,Tamil Nadu,Rural,7,8346,3152,944,1182,1304,1359,1102,1228,18617,2659.57
1044,Maharashtra,Urban,3,10928,2128,3600,2514,6055,2038,1977,3650,32890,10963.33
1045,Tamil Nadu,Rural,4,6810,879,1611,2084,2079,1056,309,907,15735,3933.75
1046,Kerala,Rural,3,9089,3251,1626,2905,688,2043,847,1266,21715,7238.33
1047,Kerala,Rural,2,6124,1487,1702,1535,3538,1324,564,1348,17622,8811.0
1048,Karnataka,Urban,4,11659,2858,4259,4765,5525,2127,1788,5911,38892,9723.0
1049,Bihar,Rural,5,6069,3071,2162,1711,3193,1325,1100,1806,20437,4087.4
1050,West Bengal,Rural,5,3222,734,1133,504,1690,719,269,898,9169,1833.8
1051,Tamil Nadu,Rural,8,4786,2244,1417,1919,3854,985,681,767,16653,2081.62
1052,West Bengal,Urban,4,14110,1948,2090,4330,3386,2003,1508,4190,33565,8391.25
1053,Karnataka,Rural,3,6973,919,1840,929,3630,1338,358,2130,18117,6039.0
1054,Kerala,Rural,8,4990,824,1404,2012,3755,1440,1256,1688,17369,2171.12
1055,Karnataka,Rural,7,6498,1418,3092,2069,2611,1263,1063,2642,20656,2950.86
1056,Delhi,Urban,6,12526,5073,4889,2783,17687,2497,2506,1645,49606,8267.67
1057,Delhi,Rural,8,5323,1963,550,745,347,541,505,1148,11122,1390.25
1058,Rajasthan,Rural,5,6018,1463,1732,697,2130,990,878,761,14669,2933.8
1059,Bihar,Rural,7,3185,1046,895,1239,1288,452,645,1100,9850,1407.14
1060,Tamil Nadu,Urban,6,11079,2926,3767,4270,7750,2700,2555,2018,37065,6177.5
1061,Karnataka,Rural,8,5425,1786,1897,906,1541,1623,884,1487,15549,1943.62
1062,Rajasthan,Rural,6,3494,1916,1036,1763,1976,1191,330,1778,13484,2247.33
1063,Bihar,Urban,4,5925,2382,1260,1423,14114,1367,999,969,28439,7109.75
1064,Bihar,Urban,7,7935,1947,2634,2021,11339,2038,638,1028,29580,4225.71
1065,Uttar Pradesh,Urban,2,9256,5552,4735,2423,4195,3088,1684,2150,33083,16541.5
1066,Uttar Pradesh,Urban,6,21437,2879,5033,6803,14564,1975,2421,3493,58605,9767.5
1067,Rajasthan,Rural,8,5941,2034,2040,1693,441,1368,755,1447,15719,1964.88
1068,Gujarat,Rural,2,5696,2420,1840,1563,3405,1158,1145,589,17816,8908.0
1069,West Bengal,Rural,2,8314,1908,935,2238,2041,1023,1079,2368,19906,9953.0
1070,Uttar Pradesh,Rural,8,4071,1703,1346,1619,339,440,503,660,10681,1335.12
1071,Gujarat,Rural,5,2245,1166,532,409,2721,317,335,1043,8768,1753.6
1072,Bihar,Rural,3,4009,1615,802,915,601,1040,237,1223,10442,3480.67
1073,West Bengal,Rural,2,5608,1109,1435,1536,1564,1382,713,948,14295,7147.5
1074,Bihar,Rural,2,4594,1018,1714,1335,511,837,571,1812,12392,6196.0
1075,Rajasthan,Urban,2,15373,3311,5171,1875,17032,2236,2634,2249,49881,24940.5
1076,Bihar,Urban,4,17678,7564,7248,6147,7922,2736,3976,3232,56503,14125.75
1077,West Bengal,Urban,8,13938,4466,3562,5541,3758,4466,3296,3086,42113,5264.12
1078,Bihar,Urban,7,9447,1826,3454,1756,10527,2462,1075,4445,34992,4998.86
1079,Maharashtra,Urban,4,11441,4968,2472,5281,17028,2396,2085,2436,48107,12026.75
1080,Maharashtra,Urban,4,9549,6386,2042,4434,12357,1617,972,3341,40698,10174.5
1081,Delhi,Urban,2,16041,4726,3428,6266,8154,3298,2370,2504,46787,23393.5
1082,Uttar Pradesh,Rural,3,6548,1255,2554,1020,1266,1741,549,2638,17571,5857.0
1083,Rajasthan,Rural,3,4524,2037,1956,2277,3719,1463,813,1869,18658,6219.33
1084,Karnataka,Rural,4,2585,676,1249,827,2827,373,337,942,9816,2454.0
1085,Delhi,Rural,8,7978,2711,1926,2330,1498,1207,1203,1370,20223,2527.88
1086,Bihar,Urban,2,16046,3631,3419,5749,4967,2342,2456,2466,41076,20538.0
1087,Karnataka,Rural,7,7024,2922,1474,1459,3356,1127,378,2098,19838,2834.0
1088,Rajasthan,Rural,5,2528,1330,593,834,3555,440,595,625,10500,2100.0
1089,Tamil Nadu,Rural,8,6303,2247,2845,3050,2178,1358,1453,755,20189,2523.62
1090,Uttar Pradesh,Urban,8,13987,4055,2117,3651,13568,1767,1032,3182,43359,5419.88
1091,Delhi,Urban,2,12748,3775,3728,2413,15130,3063,1644,4119,46620,23310.0
1092,Tamil Nadu,Urban,6,9811,4360,2387,4397,10418,3852,1866,4996,42087,7014.5
1093,Gujarat,Urban,8,13045,1906,1603,2424,6475,2959,1758,2926,33096,4137.0
1094,Bihar,Urban,2,7198,3448,1520,1703,4858,1562,1004,2360,23653,11826.5
1095,Karnataka,Rural,5,5459,1042,630,1451,2124,775,777,436,12694,2538.8
1096,Tamil Nadu,Rural,3,7310,999,1104,2598,2693,1144,1078,900,17826,5942.0
1097,Rajasthan,Urban,7,20172,5473,5514,5859,11656,2717,2403,3875,57669,8238.43
1098,West Bengal,Urban,5,24862,5004,4865,7304,16817,4129,2997,2065,68043,13608.6
1099,Rajasthan,Rural,7,5480,2900,2011,1478,1556,1276,1238,2391,18330,2618.57
1100,Rajasthan,Rural,4,4702,2325,2439,1604,2326,1535,1049,1366,17346,4336.5
1101,Karnataka,Urban,6,7076,2094,2320,2190,13467,1121,726,1089,30083,5013.83
1102,Delhi,Urban,2,14147,3445,6632,4470,5731,2811,2164,5649,45049,22524.5
1103,Tamil Nadu,Urban,8,16199,9172,5488,5614,12496,3864,2985,8469,64287,8035.88
1104,Gujarat,Urban,8,18704,7371,5434,5244,16494,3500,3394,6092,66233,8279.12
1105,Delhi,Rural,6,4785,2594,1392,2081,104,887,321,1423,13587,2264.5
1106,Uttar Pradesh,Urban,8,19423,3332,5315,6776,4275,3862,3282,2059,48324,6040.5
1107,West Bengal,Urban,8,18449,3092,7000,6533,10550,3789,4101,3898,57412,7176.5
1108,Rajasthan,Urban,5,12114,6099,2954,6150,17225,2064,1690,1581,49877,9975.4
1109,Karnataka,Urban,6,14647,3262,7025,7201,7693,4774,3609,3903,52114,8685.67
1110,Gujarat,Urban,7,7020,1586,2342,1026,10025,1575,1010,1778,26362,3766.0
1111,West Bengal,Urban,2,7154,1689,946,1258,17735,1598,416,2590,33386,16693.0
1112,Kerala,Urban,6,5504,3146,1914,2777,3848,1868,430,1522,21009,3501.5
1113,West Bengal,Rural,5,1836,608,581,887,1402,524,279,223,6340,1268.0
1114,Rajasthan,Urban,6,16208,6911,4199,4978,3827,3340,1588,3801,44852,7475.33
1115,Karnataka,Urban,4,10444,3006,5227,2010,17540,1991,1444,3895,45557,11389.25
1116,Maharashtra,Rural,6,5723,2219,1344,2786,1441,1305,452,2261,17531,2921.83
1117,Tamil Nadu,Rural,3,2640,1396,1180,468,783,430,232,443,7572,2524.0
1118,Uttar Pradesh,Rural,2,3442,1295,729,840,1685,720,230,578,9519,4759.5
1119,Maharashtra,Urban,2,14020,3867,2692,4459,5829,1861,1978,4728,39434,19717.0
1120,West Bengal,Urban,5,14166,4821,3310,2692,9739,3292,1073,1650,40743,8148.6
1121,Maharashtra,Rural,8,5665,1780,1936,1844,724,1291,1031,1069,15340,1917.5
1122,Bihar,Urban,7,4372,1206,2345,951,16568,1581,1067,583,28673,4096.14
1123,Karnataka,Urban,2,16233,7172,6108,6509,3712,3257,2846,2004,47841,23920.5
1124,Bihar,Urban,2,7168,1350,978,1241,14170,963,633,1396,27899,13949.5
1125,Bihar,Urban,3,11222,3074,3570,3122,12732,2531,3408,4972,44631,14877.0
1126,Kerala,Rural,5,7731,2237,2337,2786,2963,852,1680,1097,21683,4336.6
1127,Bihar,Rural,8,4477,2091,1464,920,105,659,698,1600,12014,1501.75
1128,Gujarat,Rural,4,7123,2560,2652,1450,284,1547,834,1758,18208,4552.0
1129,Tamil Nadu,Rural,2,4958,1115,1747,1429,3742,817,832,1583,16223,8111.5
1130,Uttar Pradesh,Rural,8,3525,628,1048,796,2022,828,582,983,10412,1301.5
1131,Tamil Nadu,Urban,2,16307,3383,5814,5043,9673,3538,2784,3958,50500,25250.0
1132,Bihar,Urban,4,10525,2069,3262,3268,17968,2022,1273,1050,41437,10359.25
1133,Delhi,Urban,4,8438,3544,2649,2202,3375,1688,1783,2298,25977,6494.25
1134,Delhi,Rural,3,5941,1647,1392,1462,2589,634,520,733,14918,4972.67
1135,Rajasthan,Rural,2,5702,2935,846,2021,3792,981,1477,3018,20772,10386.0
1136,Karnataka,Rural,7,6425,1658,1543,980,1825,1523,598,1480,16032,2290.29
1137,Karnataka,Urban,5,15074,5286,3801,2313,10705,2488,3005,5801,48473,9694.6
1138,Karnataka,Rural,6,2122,1028,761,882,3229,490,177,279,8968,1494.67
1139,Uttar Pradesh,Urban,5,24382,4706,2989,8700,7349,3396,4249,1793,57564,11512.8
1140,Delhi,Urban,8,16132,5136,2017,2755,6345,2631,1294,5200,41510,5188.75
1141,West Bengal,Urban,3,7231,2127,3527,3735,11011,2348,1050,1643,32672,10890.67
1142,Delhi,Urban,3,4146,1065,2169,2195,10772,975,412,1871,23605,7868.33
1143,Maharashtra,Rural,6,3120,755,1003,953,666,927,260,609,8293,1382.17
1144,West Bengal,Rural,3,4458,1782,781,1852,2654,910,1021,1173,14631,4877.0
1145,Kerala,Urban,8,15591,2796,3634,4764,15510,2473,1334,5378,51480,6435.0
1146,Karnataka,Rural,4,3159,392,1054,360,3086,660,274,1019,10004,2501.0
1147,Kerala,Rural,5,2069,1044,680,990,1986,455,500,581,8305,1661.0
1148,Bihar,Rural,2,4048,1518,598,1065,3645,420,665,482,12441,6220.5
1149,Gujarat,Rural,3,6264,1348,1463,1778,1662,633,648,1728,15524,5174.67
1150,Maharashtra,Rural,7,7153,1266,734,1283,1920,1412,1055,891,15714,2244.86
1151,Tamil Nadu,Urban,6,12411,6300,5862,7273,16226,3931,1651,2093,55747,9291.17
1152,Delhi,Rural,8,5887,1731,1256,1346,2185,797,313,1474,14989,1873.62
1153,Gujarat,Urban,3,8136,1971,1426,2755,8234,1712,734,1597,26565,8855.0
1154,Gujarat,Rural,4,3830,1271,995,830,1250,708,193,885,9962,2490.5
1155,Rajasthan,Rural,3,7324,1014,848,1674,2305,981,1152,1888,17186,5728.67
1156,Bihar,Rural,8,6658,1495,1219,2206,1873,677,646,697,15471,1933.88
1157,Maharashtra,Urban,3,17375,6157,3010,3837,9734,2118,1104,4834,48169,16056.33
1158,Tamil Nadu,Urban,7,7679,3227,3711,3730,5737,2477,1184,2444,30189,4312.71
1159,Rajasthan,Urban,3,7699,4524,2881,2441,17323,1946,921,1593,39328,13109.33
1160,Delhi,Urban,7,6441,2064,820,2163,9266,1217,1242,1766,24979,3568.43
1161,Uttar Pradesh,Rural,4,4692,953,995,1379,3416,1207,903,854,14399,3599.75
1162,Tamil Nadu,Urban,2,16823,7213,6286,5151,17030,3051,3650,2832,62036,31018.0
1163,Karnataka,Urban,7,19492,5247,4331,7454,8363,2289,4284,5929,57389,8198.43
1164,Bihar,Rural,8,4557,1447,2318,1764,3200,1089,409,1944,16728,2091.0
1165,Tamil Nadu,Urban,5,17476,3808,6804,5161,15420,2781,2227,6005,59682,11936.4
1166,Uttar Pradesh,Rural,3,4877,1013,1564,2052,1671,1284,997,1976,15434,5144.67
1167,Bihar,Rural,8,3014,948,1085,798,1949,383,163,896,9236,1154.5
1168,Kerala,Rural,8,2130,833,930,726,1989,443,183,707,7941,992.62
1169,Kerala,Urban,2,5597,1153,2263,2377,9581,1524,1396,737,24628,12314.0
1170,Tamil Nadu,Rural,7,2036,1209,707,428,2840,566,151,906,8843,1263.29
1171,Bihar,Urban,8,14919,8313,4477,6355,9124,5776,2251,8826,60041,7505.12
1172,Rajasthan,Rural,3,6962,1889,831,1169,374,1529,1030,1720,15504,5168.0
1173,West Bengal,Rural,6,2630,612,1399,1340,1779,785,781,1096,10422,1737.0
1174,Maharashtra,Urban,5,14714,2560,3480,4212,11053,1985,1407,4493,43904,8780.8
1175,West Bengal,Rural,6,3872,2356,1554,1321,745,873,1024,725,12470,2078.33
1176,Gujarat,Urban,3,15689,5218,5649,2570,8203,4434,3618,6605,51986,17328.67
1177,Uttar Pradesh,Rural,6,6310,1120,3218,2043,1558,2153,623,2204,19229,3204.83
1178,Delhi,Urban,7,16376,2423,2209,2702,6665,1955,1319,4841,38490,5498.57
1179,Rajasthan,Rural,8,4180,2544,1131,1940,2470,1394,1036,548,15243,1905.38
1180,Rajasthan,Rural,5,3787,2460,2035,1055,2216,1059,1124,1303,15039,3007.8
1181,Maharashtra,Urban,3,20539,4760,5560,2790,11921,3881,1478,6576,57505,19168.33
1182,Kerala,Rural,8,3040,1257,742,481,3348,696,522,968,11054,1381.75
1183,Gujarat,Rural,8,7059,2227,1816,1850,2209,1012,1264,1628,19065,2383.12
1184,Karnataka,Urban,2,15191,4724,4709,4602,13802,2136,1941,1690,48795,24397.5
1185,Maharashtra,Rural,2,3875,990,1748,666,3190,497,385,1709,13060,6530.0
1186,Uttar Pradesh,Rural,4,5030,3030,957,1032,3787,802,934,2125,17697,4424.25
1187,Kerala,Urban,6,16343,6697,4781,5697,9364,3832,3857,5836,56407,9401.17
1188,Tamil Nadu,Rural,5,3265,1178,1038,1129,3849,1274,493,797,13023,2604.6
1189,West Bengal,Rural,6,2264,419,791,1237,3486,674,317,1116,10304,1717.33
1190,Gujarat,Rural,6,4830,1288,659,1641,607,1231,1043,1884,13183,2197.17
1191,Delhi,Urban,4,14774,3869,2719,5195,5502,3772,3080,5516,44427,11106.75
1192,Maharashtra,Urban,7,12064,4069,2884,2426,14200,3703,2935,2324,44605,6372.14
1193,Karnataka,Rural,4,7144,1267,1410,2810,2973,1918,704,1528,19754,4938.5
1194,Gujarat,Urban,5,5497,2293,2031,2004,3152,628,478,1665,17748,3549.6
1195,Gujarat,Urban,7,6626,1334,1862,1930,12148,1241,835,1617,27593,3941.86
1196,Tamil Nadu,Rural,3,7691,3385,1584,1969,3766,1914,742,2855,23906,7968.67
1197,Tamil Nadu,Rural,8,3363,1851,815,1133,3126,683,465,565,12001,1500.12
1198,Delhi,Urban,8,7822,2495,1971,2058,7691,1056,821,2302,26216,3277.0
1199,Uttar Pradesh,Urban,8,5692,2018,897,2545,13055,992,991,1702,27892,3486.5
1200,Bihar,Urban,6,17002,3955,4965,4837,12024,1721,2168,1802,48474,8079.0
1201,Kerala,Rural,4,4088,1419,736,1551,94,662,428,582,9560,2390.0
1202,Karnataka,Urban,4,14260,7306,7052,5948,11388,4541,2851,3740,57086,14271.5
1203,West Bengal,Urban,3,20600,5664,5333,5599,6590,2998,2570,4579,53933,17977.67
1204,Karnataka,Rural,2,7909,3550,2886,2966,818,1199,471,1308,21107,10553.5
1205,Kerala,Urban,2,15122,4549,4957,4446,6317,2861,1963,4251,44466,22233.0
1206,Karnataka,Rural,7,2782,1029,391,633,3144,477,432,510,9398,1342.57
1207,Uttar Pradesh,Rural,8,3969,1848,1325,1910,2780,729,381,468,13410,1676.25
1208,Uttar Pradesh,Rural,3,3353,1001,379,436,1471,347,609,1051,8647,2882.33
1209,Bihar,Urban,8,5210,2263,2151,1475,6379,1137,1197,676,20488,2561.0
1210,Rajasthan,Rural,2,4132,1367,912,1520,2740,887,705,536,12799,6399.5
1211,Delhi,Urban,3,11995,4667,5991,3275,8948,2717,3080,4532,45205,15068.33
1212,Bihar,Rural,3,4896,1706,1276,771,763,1069,903,550,11934,3978.0
1213,Kerala,Rural,3,5350,2817,2242,1798,2121,792,1042,1451,17613,5871.0
1214,Tamil Nadu,Urban,8,9469,4285,1782,4846,15850,2782,1099,1177,41290,5161.25
1215,Kerala,Urban,4,16745,4997,2967,2891,12817,2402,2324,2043,47186,11796.5
1216,Bihar,Urban,4,9634,4454,3204,3056,3526,1964,1291,1372,28501,7125.25
1217,Rajasthan,Rural,7,2889,526,584,381,1959,348,219,263,7169,1024.14
1218,Uttar Pradesh,Urban,6,23038,4214,4109,3528,15941,4187,2450,5616,63083,10513.83
1219,Karnataka,Rural,5,2845,647,1190,991,128,700,631,649,7781,1556.2
1220,Maharashtra,Rural,3,7696,2152,2195,2672,1693,921,669,1819,19817,6605.67
1221,Rajasthan,Rural,7,8215,2491,3120,1401,594,1609,1046,1128,19604,2800.57
1222,Gujarat,Urban,4,8344,1327,2689,1275,15089,2053,1603,1348,33728,8432.0
1223,Gujarat,Rural,4,4866,2010,1151,879,1140,635,412,1979,13072,3268.0
1224,Karnataka,Rural,4,3528,735,682,1282,1909,945,369,453,9903,2475.75
1225,Karnataka,Rural,8,6654,910,1647,1399,1174,1111,496,1704,15095,1886.88
1226,Bihar,Rural,7,3331,998,516,868,3120,518,700,1244,11295,1613.57
1227,Maharashtra,Rural,7,5766,2846,1701,1448,2298,910,1180,1821,17970,2567.14
1228,Rajasthan,Rural,7,6107,2082,760,1859,3191,879,876,1288,17042,2434.57
1229,Tamil Nadu,Rural,4,5218,3222,1798,1934,1120,1733,1055,1217,17297,4324.25
1230,Karnataka,Rural,7,3407,635,482,822,462,574,756,1215,8353,1193.29
1231,Rajasthan,Rural,8,5073,1537,1267,2003,741,930,584,1031,13166,1645.75
1232,Tamil Nadu,Urban,3,14534,4907,5095,5063,8926,3676,2092,5751,50044,16681.33
1233,West Bengal,Rural,2,6690,1919,2053,1062,3417,1345,1381,1063,18930,9465.0
1234,Uttar Pradesh,Urban,8,13395,4656,4339,5153,16869,2659,2735,3726,53532,6691.5
1235,Maharashtra,Rural,5,5625,892,912,1221,3639,886,939,500,14614,2922.8
1236,Gujarat,Rural,5,4264,936,1646,701,50,799,851,1245,10492,2098.4
1237,Rajasthan,Rural,3,6246,1960,1560,1505,3511,1558,363,816,17519,5839.67
1238,Karnataka,Rural,8,6214,3012,2344,2471,1629,800,1232,777,18479,2309.88
1239,Uttar Pradesh,Urban,7,15321,4285,7156,4075,17100,4213,1525,8375,62050,8864.29
1240,Kerala,Rural,8,3481,1529,591,1952,1217,985,339,599,10693,1336.62
1241,Karnataka,Urban,4,20077,4628,2121,6989,7073,1945,3643,3519,49995,12498.75
1242,West Bengal,Rural,7,8153,1304,1102,1960,1986,1439,1184,951,18079,2582.71
1243,Uttar Pradesh,Rural,7,3712,1076,1529,1122,742,954,800,1151,11086,1583.71
1244,Maharashtra,Rural,4,6061,1549,1421,1681,1105,1286,944,874,14921,3730.25
1245,Tamil Nadu,Urban,6,16382,6850,3783,4960,5193,4225,3059,3526,47978,7996.33
1246,Rajasthan,Rural,3,8119,1479,3010,2265,1193,1270,604,1585,19525,6508.33
1247,Tamil Nadu,Rural,6,8287,1771,1242,2984,3957,1249,1135,2089,22714,3785.67
1248,Delhi,Urban,2,19005,7698,2275,3439,16816,4400,1614,5040,60287,30143.5
1249,Delhi,Urban,5,24541,9597,4232,7710,13386,3582,1511,7047,71606,14321.2
1250,Gujarat,Rural,5,5325,1939,1544,751,333,1020,393,1762,13067,2613.4
1251,Bihar,Rural,3,5214,2707,2127,2039,1619,1136,1339,2629,18810,6270.0
1252,Rajasthan,Rural,6,2836,1190,1273,1131,642,548,628,1189,9437,1572.83
1253,Tamil Nadu,Urban,3,21112,3728,2487,3934,5894,4328,3644,3181,48308,16102.67
1254,West Bengal,Urban,3,10439,4917,3925,1382,17916,2553,657,3958,45747,15249.0
1255,Rajasthan,Rural,7,5316,1728,854,1295,2126,1194,1121,1901,15535,2219.29
1256,Uttar Pradesh,Rural,7,3290,919,673,1773,1845,606,655,1268,11029,1575.57
1257,Tamil Nadu,Rural,2,1891,737,441,771,3519,592,377,596,8924,4462.0
1258,Bihar,Urban,2,19107,7148,4146,3838,12372,3285,1232,1709,52837,26418.5
1259,Rajasthan,Urban,6,12179,4846,3855,6872,4244,3045,1772,3414,40227,6704.5
1260,Gujarat,Rural,5,4417,2306,1246,1702,2273,723,604,1418,14689,2937.8
1261,Tamil Nadu,Rural,7,2151,1240,879,515,3434,395,581,260,9455,1350.71
1262,Maharashtra,Rural,2,2916,675,606,1034,517,607,515,576,7446,3723.0
1263,Bihar,Rural,4,3325,1709,1132,687,395,890,345,872,9355,2338.75
1264,Delhi,Rural,6,4299,1862,1064,552,1841,653,475,766,11512,1918.67
1265,Tamil Nadu,Rural,2,4715,1220,1998,1249,2906,1236,989,1747,16060,8030.0
1266,Tamil Nadu,Rural,8,4180,966,1188,1273,3336,783,811,340,12877,1609.62
1267,West Bengal,Urban,7,20918,9731,3048,5078,4019,5031,4198,5647,57670,8238.57
1268,Gujarat,Urban,6,11563,5202,4368,4154,7441,1407,1835,4077,40047,6674.5
1269,Maharashtra,Rural,4,2109,776,541,1240,374,705,345,346,6436,1609.0
1270,Kerala,Urban,7,18463,5757,4857,4608,3112,4233,3360,4051,48441,6920.14
1271,Uttar Pradesh,Rural,5,4674,1842,933,1624,3389,1454,1057,1103,16076,3215.2
1272,Kerala,Urban,3,9116,2049,2794,3333,4314,1690,1520,2708,27524,9174.67
1273,West Bengal,Urban,6,17533,6066,5660,3228,16433,2197,1724,1467,54308,9051.33
1274,Kerala,Urban,3,19221,4706,3287,4600,13434,4260,2493,7565,59566,19855.33
1275,Uttar Pradesh,Urban,8,21859,4539,7206,6192,15408,3052,2764,4467,65487,8185.88
1276,Maharashtra,Rural,5,2915,1117,308,864,2380,577,400,952,9513,1902.6
1277,Kerala,Urban,3,9792,2921,2735,1287,15566,1094,1411,1803,36609,12203.0
1278,Rajasthan,Rural,5,4111,1425,1272,912,2543,677,560,1502,13002,2600.4
1279,Bihar,Urban,2,7615,1496,4369,3405,13983,1819,1417,1821,35925,17962.5
1280,Kerala,Urban,2,8440,4568,2895,3386,12515,2156,850,1014,35824,17912.0
1281,Kerala,Rural,4,2184,572,451,778,985,357,397,481,6205,1551.25
1282,West Bengal,Rural,3,3993,1266,643,1446,1550,583,466,559,10506,3502.0
1283,Delhi,Urban,7,11895,5240,2271,3173,13312,1464,2370,3802,43527,6218.14
1284,Maharashtra,Urban,3,23155,7255,7868,3824,17379,3712,3981,1838,69012,23004.0
1285,Delhi,Urban,4,13021,5975,4540,4369,16181,2901,2853,2351,52191,13047.75
1286,Kerala,Rural,2,4907,2544,1594,2495,1140,1493,374,1901,16448,8224.0
1287,Bihar,Urban,5,6926,1841,2145,3271,12470,1509,1351,2550,32063,6412.6
1288,Tamil Nadu,Urban,2,10759,4122,3754,3180,10371,1446,1330,895,35857,17928.5
1289,Maharashtra,Urban,3,20768,4731,5337,5048,15541,4909,3291,5970,65595,21865.0
1290,Kerala,Rural,3,3315,1320,331,1081,530,746,572,826,8721,2907.0
1291,Tamil Nadu,Urban,3,15799,9012,4356,3180,4403,4946,3983,2642,48321,16107.0
1292,Rajasthan,Rural,8,4067,750,934,744,1237,1283,802,1833,11650,1456.25
1293,Karnataka,Urban,8,4613,1623,1693,2237,12261,904,1163,1330,25824,3228.0
1294,Bihar,Rural,3,5367,2140,1690,1511,3992,1098,561,1415,17774,5924.67
1295,Karnataka,Urban,5,22087,5166,6635,6852,17002,4480,1540,8861,72623,14524.6
1296,Gujarat,Urban,6,7186,3698,1791,1288,11813,2388,745,769,29678,4946.33
1297,Tamil Nadu,Urban,4,21761,8236,4524,4566,16195,3674,1734,1817,62507,15626.75
1298,Bihar,Urban,2,13977,4621,1705,2629,17727,2543,2476,2329,48007,24003.5
1299,Kerala,Urban,6,16692,6705,3676,4942,9970,3704,1582,2246,49517,8252.83
1300,Tamil Nadu,Rural,4,6293,2799,2170,2008,959,1310,391,2304,18234,4558.5
1301,Delhi,Rural,4,8367,2977,2917,2740,862,1466,1242,2464,23035,5758.75
1302,Gujarat,Urban,4,9951,3334,2673,3464,13017,2790,2707,1639,39575,9893.75
1303,Uttar Pradesh,Rural,6,7002,2385,2330,1718,3656,1152,1386,1099,20728,3454.67
1304,Gujarat,Urban,7,15167,5145,2915,2453,17249,3631,2807,6421,55788,7969.71
1305,Kerala,Rural,2,4334,774,1259,645,1195,1081,568,1320,11176,5588.0
1306,Maharashtra,Urban,3,16632,5453,2171,5237,11836,3748,3889,4541,53507,17835.67
1307,Rajasthan,Urban,7,5988,1989,2242,1461,3105,1101,1135,673,17694,2527.71
1308,Rajasthan,Rural,7,1812,817,447,984,1319,584,298,320,6581,940.14
1309,Karnataka,Rural,2,5139,2152,2225,1431,2106,792,841,2106,16792,8396.0
1310,Gujarat,Rural,6,7641,2643,1035,1214,479,1030,666,2468,17176,2862.67
1311,Bihar,Rural,3,3605,1315,484,1144,2421,470,207,908,10554,3518.0
1312,Rajasthan,Urban,8,14727,4537,3950,2340,17501,1468,1202,1965,47690,5961.25
1313,Rajasthan,Rural,3,5801,2879,1107,1773,1969,750,898,674,15851,5283.67
1314,Rajasthan,Rural,3,5026,2388,2321,1298,3102,1393,1294,2297,19119,6373.0
1315,Rajasthan,Urban,3,11304,4747,3626,4647,6271,1268,1283,1980,35126,11708.67
1316,Tamil Nadu,Rural,8,7563,2574,793,2320,3044,1670,1381,781,20126,2515.75
1317,Maharashtra,Rural,7,6533,2639,655,2326,3697,1085,1077,718,18730,2675.71
1318,Uttar Pradesh,Rural,7,7325,912,1325,1201,3963,1342,628,1088,17784,2540.57
1319,West Bengal,Rural,3,3110,896,1604,978,927,828,376,969,9688,3229.33
1320,Bihar,Rural,8,7706,2185,1892,2184,2301,1228,502,789,18787,2348.38
1321,Bihar,Rural,4,6916,1693,1133,1818,2507,939,1215,1663,17884,4471.0
1322,Bihar,Rural,8,4759,1697,1740,1083,1750,863,606,1495,13993,1749.12
1323,Karnataka,Rural,4,3346,1223,525,642,3774,541,161,1070,11282,2820.5
1324,Gujarat,Urban,6,16276,3903,1806,3878,15021,2319,2302,5500,51005,8500.83
1325,Bihar,Rural,5,2236,1260,845,381,1031,388,453,905,7499,1499.8
1326,Rajasthan,Urban,2,10730,1501,2158,2062,14617,1685,789,1113,34655,17327.5
1327,Maharashtra,Urban,6,14757,5114,4199,5169,5427,1859,2715,4332,43572,7262.0
1328,Tamil Nadu,Rural,2,6166,2387,1868,2200,3048,1031,469,551,17720,8860.0
1329,Rajasthan,Urban,6,23188,7619,2450,6515,8087,2169,3089,2892,56009,9334.83
1330,Maharashtra,Urban,8,11860,4878,2670,5296,3882,3245,1292,5375,38498,4812.25
1331,Rajasthan,Rural,6,3682,2526,1126,997,589,1316,899,584,11719,1953.17
1332,Rajasthan,Urban,6,6228,1463,1249,1573,11232,964,1047,2298,26054,4342.33
1333,Karnataka,Urban,2,25161,8601,5610,4062,13638,4194,3803,7931,73000,36500.0
1334,Kerala,Urban,3,5623,909,1102,1089,7462,1609,631,1140,19565,6521.67
1335,Maharashtra,Urban,8,8710,1860,1456,1639,3390,2146,890,2082,22173,2771.62
1336,Bihar,Rural,6,5266,1573,2525,1806,3673,1011,1007,976,17837,2972.83
1337,Rajasthan,Urban,7,16472,6423,6168,5971,8086,3512,2570,2937,52139,7448.43
1338,Kerala,Urban,4,10533,1650,3093,1844,7766,1451,784,2383,29504,7376.0
1339,West Bengal,Urban,2,17168,5256,4337,2671,11002,2379,1816,3715,48344,24172.0
1340,Kerala,Rural,4,1853,794,641,770,3177,659,499,307,8700,2175.0
1341,Karnataka,Rural,5,7665,2758,1379,1655,2582,1453,637,646,18775,3755.0
1342,Uttar Pradesh,Urban,2,10899,1798,3597,2474,9705,1902,1923,1719,34017,17008.5
1343,Kerala,Rural,2,4977,1017,1084,1984,1887,675,803,1402,13829,6914.5
1344,Bihar,Rural,3,2778,1489,1420,690,1053,495,457,1157,9539,3179.67
1345,Karnataka,Rural,7,8000,1828,1562,2662,2948,1480,1144,1767,21391,3055.86
1346,Delhi,Urban,5,19661,3328,3683,5798,6311,1937,1768,5063,47549,9509.8
1347,Bihar,Rural,5,6386,1218,2734,1039,27,1623,463,1643,15133,3026.6
1348,Gujarat,Rural,4,4276,1469,686,1857,1647,696,596,702,11929,2982.25
1349,Karnataka,Urban,7,12619,4150,4405,3031,5253,2208,885,4213,36764,5252.0
1350,Karnataka,Urban,5,11568,3592,3114,3677,14653,2575,1208,1517,41904,8380.8
1351,Kerala,Urban,4,15866,8291,7353,7715,16369,4270,4004,1780,65648,16412.0
1352,Karnataka,Rural,3,3780,820,1266,452,3216,536,245,397,10712,3570.67
1353,Karnataka,Urban,7,12878,2999,4271,5836,9891,1861,3501,4491,45728,6532.57
1354,Delhi,Urban,7,7292,2786,1195,2603,6549,1676,384,827,23312,3330.29
1355,West Bengal,Rural,4,3373,894,1585,1564,810,944,614,1745,11529,2882.25
1356,Gujarat,Urban,3,10636,2987,2981,4242,10307,1494,2733,1255,36635,12211.67
1357,Kerala,Urban,7,9945,2629,2522,3694,17693,3068,2959,3101,45611,6515.86
1358,Bihar,Urban,8,13876,2007,1577,2345,16394,1809,2444,2142,42594,5324.25
1359,Maharashtra,Rural,2,6809,1327,1494,1050,937,1374,1140,2055,16186,8093.0
1360,Kerala,Urban,8,23729,6236,8855,3537,9732,5409,2890,7655,68043,8505.38
1361,Bihar,Rural,5,6913,1095,770,1464,837,1409,760,2035,15283,3056.6
1362,Bihar,Rural,4,3250,1102,435,894,2778,871,699,1150,11179,2794.75
1363,Karnataka,Rural,4,7638,1574,1254,2778,3647,798,543,1886,20118,5029.5
1364,Maharashtra,Urban,7,20521,6516,6053,2488,17800,2494,1955,2390,60217,8602.43
1365,Bihar,Rural,2,6967,2817,1135,2287,3138,896,614,1732,19586,9793.0
1366,Delhi,Urban,7,16111,4299,4516,6243,6574,3586,3601,6294,51224,7317.71
1367,Karnataka,Urban,5,11575,5519,5171,3093,6863,3216,2553,1592,39582,7916.4
1368,Delhi,Rural,8,4214,1020,797,1124,3065,886,1179,1509,13794,1724.25
1369,Rajasthan,Rural,3,2230,1376,997,936,1613,624,427,901,9104,3034.67
1370,Karnataka,Rural,5,8485,3212,1052,1166,1358,1848,746,2095,19962,3992.4
1371,Uttar Pradesh,Rural,4,5136,1709,1689,724,2760,853,999,1540,15410,3852.5
1372,Uttar Pradesh,Urban,7,11261,3229,5808,3725,11287,2039,2992,3771,44112,6301.71
1373,Uttar Pradesh,Rural,2,6133,1308,1318,1867,2998,1625,1280,1099,17628,8814.0
1374,Bihar,Rural,4,2914,411,990,485,3615,376,450,1184,10425,2606.25
1375,Tamil Nadu,Rural,5,2130,1237,797,429,2621,344,460,1028,9046,1809.2
1376,Kerala,Urban,8,13422,6199,2519,6812,17927,3997,2740,2361,55977,6997.12
1377,West Bengal,Rural,6,4948,1863,1830,1345,2108,1366,792,1662,15914,2652.33
1378,Tamil Nadu,Urban,7,9821,3672,2736,3081,11945,3049,2529,2068,38901,5557.29
1379,West Bengal,Rural,6,5172,2234,729,802,847,875,726,629,12014,2002.33
1380,Uttar Pradesh,Rural,6,3155,1190,1162,1009,915,432,177,1175,9215,1535.83
1381,Uttar Pradesh,Urban,6,21870,4644,8211,8898,4892,2693,4274,4580,60062,10010.33
1382,Maharashtra,Rural,3,4373,1123,706,1535,420,590,646,561,9954,3318.0
1383,Kerala,Rural,2,6141,1531,1630,1516,1133,1127,1175,1406,15659,7829.5
1384,Kerala,Urban,7,13577,5009,2590,1746,10471,1468,1252,3823,39936,5705.14
1385,Rajasthan,Urban,8,7239,1485,2144,1099,7626,707,690,2150,23140,2892.5
1386,Rajasthan,Rural,6,3454,1977,1012,1196,2675,932,623,1255,13124,2187.33
1387,Bihar,Rural,7,6700,1825,947,1941,650,1469,991,1711,16234,2319.14
1388,Kerala,Rural,6,6503,2023,1058,1458,3496,1360,601,1394,17893,2982.17
1389,Karnataka,Urban,7,10141,4709,4093,3229,7887,2766,1515,2321,36661,5237.29
1390,Tamil Nadu,Urban,2,7218,2556,1825,1457,17548,880,702,1919,34105,17052.5
1391,Kerala,Urban,7,15927,6515,4620,3325,3877,2607,1130,1982,39983,5711.86
1392,Rajasthan,Rural,3,2417,537,918,1240,844,771,189,672,7588,2529.33
1393,Kerala,Urban,3,12105,5619,4479,3866,3643,2610,1077,1445,34844,11614.67
1394,Rajasthan,Rural,7,6584,3432,888,1680,2146,1387,1073,1098,18288,2612.57
1395,Tamil Nadu,Urban,3,14258,4380,5028,2752,8387,2301,2439,3262,42807,14269.0
1396,Bihar,Rural,8,4920,1340,671,1936,75,620,859,983,11404,1425.5
1397,Gujarat,Urban,8,12629,2521,2387,3098,11788,2793,1987,3199,40402,5050.25
1398,West Bengal,Rural,4,2906,666,977,795,2261,637,376,401,9019,2254.75
1399,Kerala,Rural,8,7385,1006,796,1902,3879,1292,871,1240,18371,2296.38
1400,Bihar,Rural,6,2533,552,476,1085,453,700,244,1033,7076,1179.33
1401,Karnataka,Urban,8,13472,3880,6499,4738,13097,4834,2695,1710,50925,6365.62
1402,Rajasthan,Rural,3,2322,777,1013,1190,2765,510,571,433,9581,3193.67
1403,Tamil Nadu,Urban,8,17648,3815,4667,3999,10300,4469,4528,1787,51213,6401.62
1404,Kerala,Urban,6,18021,4574,4614,7192,7288,5389,3198,6811,57087,9514.5
1405,Delhi,Rural,3,3644,1388,508,704,2044,641,214,605,9748,3249.33
1406,Kerala,Urban,6,14889,3398,5244,5601,14053,2462,4131,5242,55020,9170.0
1407,Kerala,Rural,7,5601,1176,810,1470,2183,951,937,2227,15355,2193.57
1408,Karnataka,Rural,8,4508,797,1865,931,1149,649,645,1182,11726,1465.75
1409,Karnataka,Urban,7,5952,803,1549,2087,17809,618,668,2128,31614,4516.29
1410,Tamil Nadu,Rural,7,2624,529,1218,1239,1630,618,460,1179,9497,1356.71
1411,Kerala,Rural,8,3078,1230,1031,792,314,444,197,536,7622,952.75
1412,Gujarat,Urban,2,9005,2260,1654,2337,6882,1664,675,2699,27176,13588.0
1413,Kerala,Rural,8,2807,709,1026,1217,3158,704,321,328,10270,1283.75
1414,Tamil Nadu,Urban,6,16064,2616,2252,2342,12231,4161,1802,5784,47252,7875.33
1415,Delhi,Rural,4,2600,411,605,638,1347,521,228,745,7095,1773.75
1416,West Bengal,Urban,2,16580,6681,3391,4437,7272,4025,2474,6906,51766,25883.0
1417,Bihar,Rural,4,4131,1026,1331,1666,1870,1119,537,1908,13588,3397.0
1418,Kerala,Urban,3,7945,2137,2058,1315,15328,1205,1330,1029,32347,10782.33
1419,Delhi,Urban,6,22928,3214,6613,5290,16321,2744,2614,3083,62807,10467.83
1420,Uttar Pradesh,Rural,5,6189,3350,1824,1098,3488,1792,1191,1522,20454,4090.8
1421,Uttar Pradesh,Urban,2,11353,1989,4412,2535,6575,1699,1199,3181,32943,16471.5
1422,Delhi,Rural,2,5361,1734,1557,2024,1362,1773,814,713,15338,7669.0
1423,Gujarat,Rural,4,4758,1635,1859,1445,2215,1358,499,2662,16431,4107.75
1424,Tamil Nadu,Urban,6,12906,7144,3773,5829,14731,3337,3033,6549,57302,9550.33
1425,Uttar Pradesh,Rural,8,6032,3416,1798,1248,3907,1312,549,1797,20059,2507.38
1426,Maharashtra,Urban,4,17943,7052,3563,5590,10313,3064,1421,1992,50938,12734.5
1427,Gujarat,Urban,2,19473,6262,4207,6168,9340,2821,3859,4024,56154,28077.0
1428,Uttar Pradesh,Urban,8,13487,4173,2674,3243,16150,2784,2349,1372,46232,5779.0
1429,Kerala,Rural,7,6664,2179,2239,3158,1602,1465,684,1043,19034,2719.14
1430,West Bengal,Urban,3,5822,2808,2430,1518,12963,1213,1588,1498,29840,9946.67
1431,Rajasthan,Urban,2,24550,7052,5979,5613,16540,4186,1830,5488,71238,35619.0
1432,Uttar Pradesh,Urban,4,6669,1425,1638,2150,16513,1272,431,901,30999,7749.75
1433,Bihar,Rural,7,4624,935,936,2361,448,1083,1146,2098,13631,1947.29
1434,Rajasthan,Urban,8,21482,3140,6450,3095,11759,4791,1973,5598,58288,7286.0
1435,West Bengal,Rural,2,8457,3172,2525,3079,3516,1181,552,804,23286,11643.0
1436,Kerala,Rural,3,5636,741,880,1724,3722,637,697,1588,15625,5208.33
1437,Tamil Nadu,Rural,5,3441,2137,1185,1604,251,624,777,752,10771,2154.2
1438,Rajasthan,Rural,7,5214,1576,990,2315,902,810,1108,910,13825,1975.0
1439,Rajasthan,Rural,5,3987,573,1523,1093,1332,455,433,419,9815,1963.0
1440,Uttar Pradesh,Urban,2,11177,5529,2050,3418,10639,1541,1518,3189,39061,19530.5
1441,Maharashtra,Rural,4,8092,2410,1169,3049,2677,2067,1516,2787,23767,5941.75
1442,Gujarat,Rural,8,3516,1935,806,1276,1016,593,603,1206,10951,1368.88
1443,Gujarat,Rural,2,3266,1014,1699,1519,875,1215,304,1319,11211,5605.5
1444,West Bengal,Rural,5,5227,1287,1803,2364,1517,854,1021,1940,16013,3202.6
1445,Rajasthan,Urban,7,12008,5013,4202,3365,7487,2197,2831,4647,41750,5964.29
1446,Rajasthan,Urban,4,11804,2181,1860,3491,6255,1784,2230,4303,33908,8477.0
1447,West Bengal,Urban,2,14858,4754,6567,5297,5944,2641,2870,3122,46053,23026.5
1448,Maharashtra,Rural,4,4163,1808,1820,963,498,669,935,959,11815,2953.75
1449,Tamil Nadu,Urban,3,10357,3972,1638,2077,15602,1700,2236,3083,40665,13555.0
1450,Kerala,Rural,8,6659,2365,742,1159,2172,1214,649,2124,17084,2135.5
1451,Kerala,Rural,7,2155,866,335,342,2943,275,299,385,7600,1085.71
1452,Karnataka,Rural,2,2624,1112,488,1318,852,528,668,587,8177,4088.5
1453,Delhi,Rural,8,3950,1938,1708,1779,2313,1163,242,425,13518,1689.75
1454,Delhi,Urban,6,6504,2955,3189,2181,13614,1045,1074,1699,32261,5376.83
1455,Kerala,Urban,6,20318,6319,8213,3715,7018,2908,3879,3472,55842,9307.0
1456,Rajasthan,Rural,5,7553,1615,2636,2439,354,2039,1431,1104,19171,3834.2
1457,Kerala,Urban,5,17566,5255,3849,4794,17340,2441,1305,4386,56936,11387.2
1458,Bihar,Rural,5,3410,1563,859,1042,213,681,624,769,9161,1832.2
1459,West Bengal,Rural,3,5645,1409,1287,1615,1500,1063,955,1508,14982,4994.0
1460,Kerala,Rural,6,4638,1665,903,1531,2485,1119,394,1251,13986,2331.0
1461,Kerala,Rural,5,6039,2498,895,2042,2856,1774,1314,705,18123,3624.6
1462,Rajasthan,Urban,8,10243,4860,1439,2931,14728,2145,1634,3670,41650,5206.25
1463,West Bengal,Rural,8,3456,407,775,651,529,438,310,826,7392,924.0
1464,Uttar Pradesh,Urban,2,10536,4999,1397,3115,14197,2050,1347,2355,39996,19998.0
1465,Bihar,Rural,4,5197,613,677,1711,3213,901,546,457,13315,3328.75
1466,Gujarat,Urban,5,11964,3791,4214,2667,6997,1755,2173,1066,34627,6925.4
1467,Kerala,Urban,2,4671,3001,1660,933,5306,1187,578,1944,19280,9640.0
1468,Uttar Pradesh,Rural,2,2511,1278,479,895,2697,618,565,867,9910,4955.0
1469,Kerala,Urban,4,12990,4785,6001,2809,13620,3873,1620,5494,51192,12798.0
1470,Karnataka,Rural,7,5807,1617,910,880,95,997,965,1545,12816,1830.86
1471,Rajasthan,Rural,8,5501,1584,2145,1854,2954,1631,674,1983,18326,2290.75
1472,Bihar,Rural,8,2623,728,571,898,1029,400,473,1076,7798,974.75
1473,Maharashtra,Rural,5,4576,942,1165,1600,1155,819,687,903,11847,2369.4
1474,Rajasthan,Rural,4,7045,956,2435,1187,690,1279,1008,1533,16133,4033.25
1475,Kerala,Rural,4,6291,1801,1906,1375,1090,1850,932,993,16238,4059.5
1476,Maharashtra,Urban,2,13048,4250,3745,2637,3553,2843,2025,3610,35711,17855.5
1477,West Bengal,Urban,3,12435,1702,3735,3318,12999,1316,1505,1188,38198,12732.67
1478,Karnataka,Rural,5,4451,2000,982,1730,524,1294,983,1984,13948,2789.6
1479,Kerala,Rural,3,5026,1489,791,1365,71,836,563,1649,11790,3930.0
1480,Uttar Pradesh,Rural,8,7021,1763,2594,2106,3566,1642,1194,1367,21253,2656.62
1481,Kerala,Urban,2,14590,2104,4477,3968,4176,2212,2659,2501,36687,18343.5
1482,Kerala,Urban,4,16431,3081,5879,5568,11813,3297,2341,1864,50274,12568.5
1483,Kerala,Rural,4,9250,1868,2405,2223,3519,1628,965,1418,23276,5819.0
1484,Karnataka,Urban,4,25178,8129,7054,4259,14932,2874,2504,6998,71928,17982.0
1485,Rajasthan,Rural,5,4557,2154,1884,1036,2780,859,732,772,14774,2954.8
1486,Kerala,Rural,7,5064,3073,2140,2179,771,783,1301,1469,16780,2397.14
1487,Maharashtra,Urban,5,11904,5264,3103,6462,7872,2927,2657,6102,46291,9258.2
1488,Tamil Nadu,Rural,6,2227,433,898,475,823,527,169,872,6424,1070.67
1489,Bihar,Rural,5,3418,652,663,1255,2177,647,582,528,9922,1984.4
1490,Delhi,Urban,3,14331,4521,3784,4585,15460,2085,1527,4994,51287,17095.67
1491,Rajasthan,Rural,4,8000,1895,1548,2387,2502,1570,1135,1521,20558,5139.5
1492,Karnataka,Urban,3,11145,1674,2275,2519,9034,2576,1584,2059,32866,10955.33
1493,Karnataka,Urban,4,19455,5336,4236,6787,14264,2783,1697,6932,61490,15372.5
1494,Tamil Nadu,Urban,7,8233,1577,1952,3764,11756,1607,1883,1779,32551,4650.14
1495,Uttar Pradesh,Urban,5,6215,1578,1896,2184,7957,1199,1299,1651,23979,4795.8
1496,Maharashtra,Urban,8,7722,2877,1277,2729,15521,1958,1423,1378,34885,4360.62
1497,Kerala,Rural,3,4757,588,464,1447,3223,984,773,1627,13863,4621.0
1498,Delhi,Rural,4,3237,676,890,629,2552,598,447,355,9384,2346.0
1499,Gujarat,Urban,2,14724,2248,5415,3624,6514,3640,999,5443,42607,21303.5
1500,Gujarat,Urban,4,9270,1704,3977,3426,12412,2214,689,3388,37080,9270.0
1501,Karnataka,Rural,3,3667,751,1282,972,1545,856,339,1130,10542,3514.0
1502,Bihar,Rural,5,3388,1415,677,838,393,514,295,1000,8520,1704.0
1503,Maharashtra,Rural,7,5497,2175,1761,1707,1865,749,1078,1245,16077,2296.71
1504,Delhi,Rural,5,8112,3709,1203,3146,2040,1679,1000,2892,23781,4756.2
1505,Tamil Nadu,Rural,7,7074,2599,2558,1750,3351,1465,1193,1559,21549,3078.43
1506,Gujarat,Rural,8,7333,3138,1456,1121,608,1005,1001,2666,18328,2291.0
1507,Maharashtra,Rural,3,4621,1885,1238,1056,2502,845,569,2042,14758,4919.33
1508,Delhi,Rural,2,8245,1408,1263,1732,2745,1856,558,893,18700,9350.0
1509,Rajasthan,Rural,7,4837,664,1446,1811,1597,625,479,1239,12698,1814.0
1510,Uttar Pradesh,Rural,8,6134,2061,1687,1258,835,1351,522,779,14627,1828.38
1511,Kerala,Urban,7,15368,4704,4606,2540,6194,1869,2673,3344,41298,5899.71
1512,Uttar Pradesh,Rural,6,6716,1697,1662,2234,622,785,589,1525,15830,2638.33
1513,Delhi,Rural,2,5493,2097,786,1315,1922,705,832,681,13831,6915.5
1514,Delhi,Rural,3,4975,1297,504,1177,249,533,936,1190,10861,3620.33
1515,Rajasthan,Urban,7,18970,3012,2442,7601,14579,4991,2566,2678,56839,8119.86
1516,Gujarat,Rural,3,3353,792,859,709,1459,934,517,687,9310,3103.33
1517,Rajasthan,Rural,3,6160,2996,771,1748,3390,1595,966,1105,18731,6243.67
1518,Delhi,Rural,8,2687,559,1218,716,887,638,406,388,7499,937.38
1519,Rajasthan,Urban,8,9768,2435,956,1858,4312,1661,878,735,22603,2825.38
1520,Tamil Nadu,Urban,6,14022,5591,2168,3026,3645,1339,2383,1590,33764,5627.33
1521,West Bengal,Rural,2,1603,575,856,326,2220,400,136,463,6579,3289.5
1522,Karnataka,Urban,3,11398,2893,3543,2170,3027,1878,1783,1977,28669,9556.33
1523,Gujarat,Urban,6,8781,1299,1534,1636,11436,980,1370,2420,29456,4909.33
1524,Maharashtra,Rural,5,2985,1263,852,632,1496,661,344,788,9021,1804.2
1525,Maharashtra,Rural,4,4157,1137,496,1023,1121,1078,425,779,10216,2554.0
1526,Gujarat,Rural,2,3753,1469,981,907,1936,530,697,605,10878,5439.0
1527,Gujarat,Rural,4,5500,2449,2249,946,1070,1215,844,2135,16408,4102.0
1528,Tamil Nadu,Urban,2,22432,6755,3611,3945,3542,2547,3845,3914,50591,25295.5
1529,Rajasthan,Urban,2,11160,1918,2489,3705,11566,2180,1983,3642,38643,19321.5
1530,Tamil Nadu,Rural,3,3853,2066,1724,1765,311,763,541,914,11937,3979.0
1531,Maharashtra,Rural,8,4330,1531,1331,1502,3159,645,393,343,13234,1654.25
1532,Bihar,Urban,8,17528,2419,3024,5274,9285,2441,2811,6596,49378,6172.25
1533,West Bengal,Rural,3,3579,1275,675,1281,3431,565,183,629,11618,3872.67
1534,Rajasthan,Urban,3,15532,8312,2868,4190,6505,2715,1417,3702,45241,15080.33
1535,Bihar,Rural,3,4097,1558,1415,1170,1195,1205,534,575,11749,3916.33
1536,Uttar Pradesh,Urban,8,21174,9485,6450,8403,12700,3305,3237,6555,71309,8913.62
1537,West Bengal,Urban,4,19489,6613,7947,6803,3794,2535,3120,1905,52206,13051.5
1538,Uttar Pradesh,Rural,7,4418,1203,1427,1243,3209,1027,1361,2198,16086,2298.0
1539,Karnataka,Urban,2,9036,4807,3493,2241,8528,1906,1534,2842,34387,17193.5
1540,Karnataka,Rural,2,2715,1180,1142,1130,2137,348,259,700,9611,4805.5
1541,West Bengal,Rural,3,5250,2095,1178,2686,1760,1886,938,818,16611,5537.0
1542,Kerala,Rural,4,6640,1827,1524,1189,161,1119,691,988,14139,3534.75
1543,Gujarat,Rural,3,4555,1629,1359,1128,3288,829,890,1107,14785,4928.33
1544,Gujarat,Rural,6,2370,611,1020,845,2324,644,559,1159,9532,1588.67
1545,Rajasthan,Rural,7,1933,1150,1032,892,691,421,206,570,6895,985.0
1546,Kerala,Urban,4,13721,4225,4260,3904,17308,2216,885,2200,48719,12179.75
1547,Tamil Nadu,Rural,7,4227,1916,1022,1083,376,947,823,1414,11808,1686.86
1548,Gujarat,Rural,5,3341,595,861,1309,1854,738,514,892,10104,2020.8
1549,Kerala,Rural,7,6117,1131,1275,1996,3472,1212,1081,1430,17714,2530.57
1550,Gujarat,Rural,7,4072,2041,1587,1984,307,1406,1028,535,12960,1851.43
1551,Rajasthan,Rural,7,6068,2542,2145,1010,3477,1116,827,770,17955,2565.0
1552,Uttar Pradesh,Rural,5,8177,1263,869,2509,1926,1365,1383,2898,20390,4078.0
1553,Rajasthan,Urban,3,7375,2793,1553,1776,8311,1694,1524,2125,27151,9050.33
1554,Gujarat,Urban,3,12225,5679,3088,5534,6338,3791,2049,2215,40919,13639.67
1555,Uttar Pradesh,Urban,3,5824,1183,1704,1575,15618,2010,1601,1382,30897,10299.0
1556,Rajasthan,Rural,2,2297,886,561,741,1903,413,264,695,7760,3880.0
1557,Bihar,Rural,3,6183,1986,2085,2702,742,805,661,1017,16181,5393.67
1558,Uttar Pradesh,Rural,3,5893,2513,2709,2785,3192,1925,1311,2739,23067,7689.0
1559,Tamil Nadu,Urban,4,11069,4861,1712,3215,12213,2398,2139,3043,40650,10162.5
1560,Gujarat,Rural,3,6058,1687,678,2081,1999,1437,1095,1206,16241,5413.67
1561,Rajasthan,Rural,6,7204,1313,969,2495,1651,806,1541,1825,17804,2967.33
1562,Karnataka,Rural,3,4229,1627,451,888,2037,879,794,779,11684,3894.67
1563,Maharashtra,Rural,4,5424,2188,1261,1357,2208,668,473,716,14295,3573.75
1564,Uttar Pradesh,Urban,3,15338,6114,3055,5719,6281,4699,2973,3321,47500,15833.33
1565,Kerala,Urban,7,5640,2354,1066,1651,14305,1247,860,2656,29779,4254.14
1566,Karnataka,Rural,7,3795,1230,1544,1576,1557,613,360,1011,11686,1669.43
1567,Gujarat,Rural,8,6966,2690,1814,1605,2745,1743,1008,2088,20659,2582.38
1568,Kerala,Urban,8,5022,2400,1635,1987,13072,943,939,1398,27396,3424.5
1569,Kerala,Rural,8,3130,1164,906,1321,776,767,693,518,9275,1159.38
1570,Uttar Pradesh,Rural,5,8615,1875,1097,1152,201,1355,605,1450,16350,3270.0
1571,Gujarat,Rural,8,4081,728,1464,1185,1123,583,283,497,9944,1243.0
1572,Uttar Pradesh,Urban,6,12537,6385,5394,4282,6837,2830,2732,4749,45746,7624.33
1573,Tamil Nadu,Urban,7,12123,2227,5672,4607,8207,3995,2096,6032,44959,6422.71
1574,Bihar,Urban,5,11696,4807,5241,3619,3787,3554,1366,1207,35277,7055.4
1575,Tamil Nadu,Urban,8,12488,3812,3231,1923,5576,1970,1190,2451,32641,4080.12
1576,Gujarat,Urban,7,19486,5056,3365,3260,6550,4907,2455,5554,50633,7233.29
1577,Bihar,Urban,8,20516,6772,2465,3197,17021,4114,3309,4501,61895,7736.88
1578,Gujarat,Rural,7,3055,1160,357,798,3442,622,493,699,10626,1518.0
1579,Tamil Nadu,Rural,4,6294,2011,1275,1583,3814,1896,805,1783,19461,4865.25
1580,West Bengal,Rural,6,5142,939,787,1731,808,1377,921,564,12269,2044.83
1581,Delhi,Rural,7,5425,3060,967,942,1685,1260,551,2228,16118,2302.57
1582,Delhi,Rural,7,6686,1566,2941,2642,1084,983,1675,2499,20076,2868.0
1583,Kerala,Rural,7,5378,1664,1564,1818,239,862,978,683,13186,1883.71
1584,Kerala,Urban,8,6501,3085,2230,1868,3948,1578,462,1029,20701,2587.62
1585,Bihar,Urban,6,13549,6138,2230,3684,14589,2665,2799,1896,47550,7925.0
1586,Tamil Nadu,Urban,2,5074,1615,1069,1804,7899,1377,1017,1019,20874,10437.0
1587,Uttar Pradesh,Urban,4,19514,7014,5296,6942,7338,4165,2043,2671,54983,13745.75
1588,Rajasthan,Rural,3,4408,1566,1754,771,2876,815,928,1444,14562,4854.0
1589,Tamil Nadu,Rural,7,7550,3821,3113,1853,3992,1045,853,726,22953,3279.0
1590,Delhi,Urban,3,10553,5172,3334,3779,13985,1553,2447,4838,45661,15220.33
1591,Bihar,Urban,4,7096,1923,2413,1838,10135,1534,1087,2170,28196,7049.0
1592,Rajasthan,Urban,4,7304,3644,2566,1402,16855,1876,1109,3096,37852,9463.0
1593,Tamil Nadu,Urban,2,8241,3708,2803,2026,14646,1846,1273,1052,35595,17797.5
1594,Bihar,Urban,7,9091,3589,1280,3548,6223,1137,759,2604,28231,4033.0
1595,Gujarat,Urban,3,11352,3565,1902,3803,9603,2724,1822,2129,36900,12300.0
1596,Kerala,Urban,8,18284,7716,7335,4722,8957,2974,3174,7748,60910,7613.75
1597,Uttar Pradesh,Urban,7,13645,3991,3465,1848,9651,1850,1950,4453,40853,5836.14
1598,Uttar Pradesh,Rural,6,7943,2286,1846,2679,2345,1666,1421,1071,21257,3542.83
1599,Maharashtra,Urban,5,6821,2482,1079,1399,17984,1358,791,777,32691,6538.2
1600,Delhi,Rural,8,6639,1098,2674,1280,3506,1355,1289,1056,18897,2362.12
1601,Maharashtra,Urban,6,25066,7850,7000,6131,16882,3685,3441,8122,78177,13029.5
1602,Karnataka,Urban,2,18380,3247,5171,5421,11834,4106,2277,5647,56083,28041.5
1603,Bihar,Urban,5,14217,9679,6470,4597,11803,2685,1573,2757,53781,10756.2
1604,Maharashtra,Urban,3,8858,4530,3154,3488,5634,3026,1363,1711,31764,10588.0
1605,Delhi,Rural,4,5317,1895,1238,1465,2492,822,662,1160,15051,3762.75
1606,Bihar,Urban,7,15151,5166,5369,3451,11276,1660,1014,4563,47650,6807.14
1607,Karnataka,Urban,8,21504,3944,5349,3008,9654,2642,1956,6026,54083,6760.38
1608,Uttar Pradesh,Urban,6,8692,1617,3329,1713,5587,2487,1384,3842,28651,4775.17
1609,Rajasthan,Rural,2,2462,1223,390,890,3713,448,192,562,9880,4940.0
1610,Uttar Pradesh,Rural,3,3446,937,958,439,2775,592,195,501,9843,3281.0
1611,Maharashtra,Rural,5,5403,1931,2181,2763,3711,1906,1263,1899,21057,4211.4
1612,Rajasthan,Rural,6,7475,3205,2878,1651,1345,1723,1395,2056,21728,3621.33
1613,Rajasthan,Urban,4,16360,5750,5868,2952,10150,2733,2430,2820,49063,12265.75
1614,Maharashtra,Urban,7,23065,3274,7062,5806,13684,2271,4021,1881,61064,8723.43
1615,West Bengal,Rural,3,4327,811,1162,1389,3430,1002,516,1478,14115,4705.0
1616,Maharashtra,Urban,4,15443,9020,6373,4791,8690,2929,1317,2940,51503,12875.75
1617,Kerala,Rural,4,3641,661,1427,916,1492,940,272,1185,10534,2633.5
1618,Tamil Nadu,Urban,7,18952,10346,2912,6777,16884,5827,4663,5129,71490,10212.86
1619,Bihar,Rural,7,6454,2599,1925,1751,3770,986,712,2106,20303,2900.43
1620,Gujarat,Urban,8,9168,4577,3461,4265,4970,1481,1749,1759,31430,3928.75
1621,Tamil Nadu,Rural,4,8332,1962,2958,2757,3663,1177,417,1339,22605,5651.25
1622,Tamil Nadu,Rural,8,1647,694,625,369,2604,390,243,588,7160,895.0
1623,Tamil Nadu,Rural,3,5914,1981,1975,1360,3071,1342,1031,1184,17858,5952.67
1624,Uttar Pradesh,Urban,3,7560,2665,1857,1068,5506,997,1355,1185,22193,7397.67
1625,Karnataka,Urban,8,22866,8898,3652,4991,3469,2789,3365,7560,57590,7198.75
1626,Uttar Pradesh,Urban,3,11214,5714,4561,1884,8259,1963,1898,4193,39686,13228.67
1627,West Bengal,Urban,6,15069,7375,2536,5519,17997,3817,3849,4789,60951,10158.5
1628,Maharashtra,Urban,7,20263,3504,5265,8233,16235,4779,1416,3269,62964,8994.86
1629,Rajasthan,Rural,5,5239,1562,1271,1851,3273,1077,902,920,16095,3219.0
1630,Karnataka,Rural,7,3975,881,609,954,3810,921,818,927,12895,1842.14
1631,Kerala,Urban,3,9842,3494,1070,2619,6005,2281,579,3697,29587,9862.33
1632,Bihar,Urban,2,18106,4930,4897,4413,9609,3437,1248,1528,48168,24084.0
1633,Karnataka,Urban,7,24080,8071,7302,6936,8359,4333,2539,7697,69317,9902.43
1634,Kerala,Urban,6,9545,3738,2178,2234,11797,2219,935,3904,36550,6091.67
1635,Delhi,Urban,4,9964,3884,4215,2793,15106,1376,1338,1729,40405,10101.25
1636,Uttar Pradesh,Urban,7,12101,2216,5148,5514,4896,1832,1820,5561,39088,5584.0
1637,Uttar Pradesh,Rural,6,3493,1446,1126,1871,1021,958,839,876,11630,1938.33
1638,Gujarat,Rural,5,3666,1440,1302,1292,589,1126,877,1739,12031,2406.2
1639,Maharashtra,Urban,4,10106,3507,2200,1675,9244,1703,672,3866,32973,8243.25
1640,Bihar,Urban,4,10079,4278,2677,2326,15664,1411,806,1344,38585,9646.25
1641,Delhi,Rural,3,5492,1413,2255,1617,2162,1279,548,1491,16257,5419.0
1642,Gujarat,Rural,5,8821,2673,2586,1985,2264,1359,559,2007,22254,4450.8
1643,Uttar Pradesh,Rural,5,4729,1707,948,890,569,1466,591,521,11421,2284.2
1644,Karnataka,Rural,4,1629,762,900,697,1078,625,179,624,6494,1623.5
1645,Maharashtra,Rural,6,7398,2762,2078,1316,3088,1181,1224,2656,21703,3617.17
1646,Rajasthan,Rural,7,5828,2286,2106,1006,1005,1714,1366,2881,18192,2598.86
1647,West Bengal,Urban,7,19010,7858,3342,3885,4830,4214,2323,4753,50215,7173.57
1648,Karnataka,Rural,3,6020,1023,1010,1472,2225,828,636,1248,14462,4820.67
1649,Bihar,Urban,2,7802,2686,2519,3246,9785,1231,867,1968,30104,15052.0
1650,Delhi,Rural,7,6217,2276,2145,1446,3411,1641,1043,1651,19830,2832.86
1651,West Bengal,Rural,3,3847,1372,1447,1399,3379,808,692,871,13815,4605.0
1652,Rajasthan,Rural,3,7357,1021,1037,2292,2523,708,653,1770,17361,5787.0
1653,Tamil Nadu,Urban,5,14108,5785,3802,4444,13433,3763,1767,3055,50157,10031.4
1654,Uttar Pradesh,Rural,7,2519,595,885,538,1334,587,396,352,7206,1029.43
1655,Delhi,Rural,7,5961,1711,875,2547,2494,1609,1287,1163,17647,2521.0
1656,Maharashtra,Rural,7,7234,2653,2020,2447,2859,1090,1123,1801,21227,3032.43
1657,Bihar,Rural,7,5989,3134,2233,2159,356,1085,1521,1072,17549,2507.0
1658,Bihar,Urban,3,17515,3605,2875,3798,3227,1862,2805,2867,38554,12851.33
1659,Maharashtra,Rural,7,7855,1444,2115,2224,188,944,887,1276,16933,2419.0
1660,Rajasthan,Rural,5,3111,617,942,1046,2822,710,513,605,10366,2073.2
1661,Gujarat,Rural,2,5473,3441,2277,2430,1383,852,1276,2384,19516,9758.0
1662,Kerala,Rural,4,3551,1389,1049,940,3419,676,570,502,12096,3024.0
1663,Bihar,Rural,8,6797,2839,1169,1200,3260,1958,1354,1445,20022,2502.75
1664,Gujarat,Rural,2,5166,2903,1959,1523,2667,1795,1548,1184,18745,9372.5
1665,Gujarat,Rural,4,5600,1436,1448,1679,1149,872,620,865,13669,3417.25
1666,Karnataka,Rural,8,4293,676,956,575,3095,568,496,1380,12039,1504.88
1667,Uttar Pradesh,Rural,7,5491,1516,867,994,2875,1296,668,2278,15985,2283.57
1668,Bihar,Urban,7,5584,2950,1740,1135,7489,931,691,1801,22321,3188.71
1669,Uttar Pradesh,Urban,4,12015,2135,4173,2469,13638,2071,1588,4068,42157,10539.25
1670,Delhi,Rural,3,3613,474,575,844,3207,572,468,728,10481,3493.67
1671,Rajasthan,Rural,3,4350,1931,1579,1560,877,1045,384,641,12367,4122.33
1672,Delhi,Rural,6,7416,3329,2343,2010,2803,1853,940,1880,22574,3762.33
1673,West Bengal,Rural,5,2686,1143,1118,1314,3142,870,472,1003,11748,2349.6
1674,Rajasthan,Urban,7,23784,3768,7400,8028,15627,3418,2833,6845,71703,10243.29
1675,Gujarat,Urban,6,12202,3554,3553,4014,3208,3723,2391,3505,36150,6025.0
1676,West Bengal,Rural,4,5645,2810,2927,2293,2196,1548,1069,816,19304,4826.0
1677,Karnataka,Rural,8,8707,2930,2952,2957,3016,914,1197,951,23624,2953.0
1678,West Bengal,Urban,7,9886,4397,2565,1837,14465,2264,1779,2947,40140,5734.29
1679,Uttar Pradesh,Rural,5,9294,3688,2895,1599,1647,1948,1062,2159,24292,4858.4
1680,Rajasthan,Urban,3,13970,5049,2541,3873,5020,1587,1686,1078,34804,11601.33
1681,Kerala,Rural,8,2499,903,549,843,1035,476,144,703,7152,894.0
1682,Gujarat,Rural,4,4146,828,1630,2210,1811,1516,748,1314,14203,3550.75
1683,Tamil Nadu,Urban,6,20205,7609,4511,5965,14230,2823,2782,2414,60539,10089.83
1684,West Bengal,Rural,3,7616,1447,1437,1797,1829,1014,474,2822,18436,6145.33
1685,Tamil Nadu,Urban,8,13781,2479,3900,1855,6301,3143,821,4616,36896,4612.0
1686,Bihar,Urban,7,25887,7771,3118,5813,13456,4145,2938,5681,68809,9829.86
1687,Kerala,Rural,2,5631,2559,2114,2438,2804,930,1187,1313,18976,9488.0
1688,West Bengal,Rural,6,5446,2523,2916,1306,497,1813,1236,2444,18181,3030.17
1689,West Bengal,Rural,3,4908,887,1616,952,493,1338,891,2057,13142,4380.67
1690,West Bengal,Rural,3,7067,1522,915,1744,1158,1227,509,863,15005,5001.67
1691,Tamil Nadu,Urban,2,8841,2748,2232,2374,12337,1567,1623,3965,35687,17843.5
1692,Kerala,Urban,3,6653,2856,972,1076,13404,1210,949,1463,28583,9527.67
1693,Rajasthan,Rural,8,5615,2047,2079,1884,269,1553,1017,2195,16659,2082.38
1694,Maharashtra,Urban,7,9317,3741,2595,2648,8968,1216,1136,3224,32845,4692.14
1695,Uttar Pradesh,Urban,7,12969,3837,3023,4215,5038,1522,2461,4444,37509,5358.43
1696,Bihar,Rural,3,4313,1211,1536,733,3163,1008,377,449,12790,4263.33
1697,Bihar,Urban,5,24039,4872,6064,4902,5870,4192,3505,4208,57652,11530.4
1698,Bihar,Rural,6,6587,2682,985,1204,181,1154,1186,895,14874,2479.0
1699,Karnataka,Urban,7,20310,3896,4724,3166,13932,3648,1283,4167,55126,7875.14
1700,Rajasthan,Rural,7,1902,525,847,410,1004,271,224,637,5820,831.43
1701,Rajasthan,Rural,7,3273,1728,728,1301,3832,728,297,1279,13166,1880.86
1702,Gujarat,Urban,8,6989,1476,1105,936,16707,1254,839,1066,30372,3796.5
1703,Tamil Nadu,Urban,2,5955,2259,2715,2466,6537,734,417,1872,22955,11477.5
1704,Kerala,Rural,2,5570,1647,745,2236,3577,1092,927,1177,16971,8485.5
1705,Karnataka,Urban,8,14014,3169,5776,2553,16017,2039,1722,4166,49456,6182.0
1706,Uttar Pradesh,Urban,8,7013,1322,1194,1795,3472,1746,551,1262,18355,2294.38
1707,Delhi,Rural,7,6125,1199,1586,1315,2942,1150,1074,1965,17356,2479.43
1708,Delhi,Urban,8,6068,2831,1385,1886,16472,1558,920,1727,32847,4105.88
1709,Delhi,Rural,3,5569,2843,2453,1048,122,796,1285,1106,15222,5074.0
1710,Karnataka,Urban,7,14531,6956,3121,6197,15967,1941,3428,4362,56503,8071.86
1711,Rajasthan,Rural,2,2216,440,653,1058,3664,667,399,771,9868,4934.0
1712,Bihar,Rural,4,7021,2036,2690,2539,1199,1448,779,1918,19630,4907.5
1713,Gujarat,Urban,4,8992,3381,2363,2071,6309,2324,1407,1034,27881,6970.25
1714,Karnataka,Urban,2,19973,2985,3444,2439,6350,2585,1520,1651,40947,20473.5
1715,Karnataka,Rural,8,2961,949,504,491,744,703,214,1058,7624,953.0
1716,Uttar Pradesh,Rural,8,5016,1873,2239,1683,3336,856,1110,917,17030,2128.75
1717,Gujarat,Rural,4,2277,860,898,737,2667,699,548,965,9651,2412.75
1718,Tamil Nadu,Urban,6,6797,2142,745,1944,15193,1768,738,2691,32018,5336.33
1719,Uttar Pradesh,Urban,3,16817,7856,5737,5473,9359,2306,3188,4090,54826,18275.33
1720,Rajasthan,Rural,4,3831,944,1317,1617,280,904,812,936,10641,2660.25
1721,West Bengal,Urban,4,14044,3093,3110,4003,15603,1544,1794,4879,48070,12017.5
1722,Delhi,Urban,3,7905,2009,866,2493,8591,1491,1315,864,25534,8511.33
1723,Karnataka,Urban,6,16413,5626,2154,4621,8661,3695,1802,3151,46123,7687.17
1724,West Bengal,Rural,5,3594,1524,885,1061,3001,442,509,915,11931,2386.2
1725,Rajasthan,Urban,7,15746,6054,1746,5001,8363,2840,1591,1366,42707,6101.0
1726,Rajasthan,Rural,6,7014,3059,2374,1725,3678,1148,624,1356,20978,3496.33
1727,Uttar Pradesh,Urban,5,17034,5653,2080,6876,11835,2678,993,1856,49005,9801.0
1728,Bihar,Urban,5,15051,6047,2415,3756,4644,3004,1365,4190,40472,8094.4
1729,Maharashtra,Rural,7,4718,1843,2466,2146,1729,1559,1268,2572,18301,2614.43
1730,Kerala,Rural,8,2663,1295,1389,899,22,775,462,761,8266,1033.25
1731,Rajasthan,Rural,8,2594,1704,1465,587,2737,593,265,1285,11230,1403.75
1732,Kerala,Urban,2,8390,1814,1121,2528,6087,2525,1024,1430,24919,12459.5
1733,Uttar Pradesh,Rural,2,6423,3105,2334,2526,2242,1819,1374,2294,22117,11058.5
1734,Rajasthan,Urban,6,16533,3072,2125,4191,14971,3657,2429,3664,50642,8440.33
1735,West Bengal,Rural,8,3568,1852,585,607,698,592,419,491,8812,1101.5
1736,Rajasthan,Rural,5,3425,774,900,574,923,430,431,769,8226,1645.2
1737,Kerala,Rural,4,5146,1203,1688,2161,2194,1143,588,2392,16515,4128.75
1738,Bihar,Urban,6,5878,2273,2125,1208,10928,830,351,952,24545,4090.83
1739,Tamil Nadu,Rural,7,5607,1530,770,1378,240,805,931,1129,12390,1770.0
1740,Kerala,Urban,6,11752,1402,3049,2010,6733,1157,548,3570,30221,5036.83
1741,Maharashtra,Rural,6,6596,2773,2110,2025,2118,977,388,881,17868,2978.0
1742,Kerala,Urban,8,11220,5174,1665,2111,10050,1911,2159,2183,36473,4559.12
1743,Tamil Nadu,Urban,2,19127,4475,5650,3475,17556,5387,3976,2703,62349,31174.5
1744,Gujarat,Urban,7,13951,6434,6176,3960,10914,4490,4099,2471,52495,7499.29
1745,Gujarat,Rural,4,5741,2196,2791,2307,805,1143,480,2065,17528,4382.0
1746,Kerala,Rural,8,8500,1196,2240,1014,500,1535,1047,2514,18546,2318.25
1747,Karnataka,Rural,7,4595,2056,2369,1746,108,1451,652,1441,14418,2059.71
1748,Uttar Pradesh,Rural,5,3763,526,1378,1098,1003,456,314,1039,9577,1915.4
1749,Rajasthan,Urban,8,6639,3389,3081,2453,6809,1515,1125,1878,26889,3361.12
1750,Tamil Nadu,Rural,4,2990,1055,965,630,949,716,203,251,7759,1939.75
1751,Kerala,Urban,7,8079,4406,3325,3797,11352,1165,1534,1260,34918,4988.29
1752,Kerala,Rural,6,7112,3436,2179,1099,1188,953,1328,2361,19656,3276.0
1753,Kerala,Rural,2,3652,1675,607,1441,1961,870,535,1060,11801,5900.5
1754,Uttar Pradesh,Rural,5,7858,2122,1450,2242,421,1269,369,2102,17833,3566.6
1755,Gujarat,Rural,6,5183,810,591,1010,2843,779,815,1308,13339,2223.17
1756,Delhi,Urban,4,11598,7111,4504,5073,16263,2579,1868,1760,50756,12689.0
1757,Karnataka,Urban,4,25370,9235,7953,4073,12944,5102,3550,8264,76491,19122.75
1758,Rajasthan,Urban,6,9196,1867,1979,2608,10391,1482,1009,1091,29623,4937.17
1759,Maharashtra,Urban,4,18994,6887,1935,4097,13643,3600,2222,5812,57190,14297.5
1760,Gujarat,Urban,2,11799,5666,2204,3277,12313,2630,1246,3321,42456,21228.0
1761,Gujarat,Rural,5,3491,2171,802,964,2806,1059,640,1196,13129,2625.8
1762,Karnataka,Urban,5,5736,1723,2673,2782,12671,1081,533,2292,29491,5898.2
1763,Gujarat,Urban,5,7313,2475,1377,2218,7358,1492,877,2981,26091,5218.2
1764,West Bengal,Urban,4,14663,4585,6394,4873,14036,4748,1475,4649,55423,13855.75
1765,Tamil Nadu,Rural,3,6323,918,766,889,2628,1141,598,1665,14928,4976.0
1766,Tamil Nadu,Urban,8,15159,5063,2095,3839,8424,3066,2011,5820,45477,5684.62
1767,Karnataka,Urban,4,18169,3740,4537,6696,13965,4897,2565,5460,60029,15007.25
1768,Rajasthan,Rural,4,5022,1518,492,658,1198,1201,349,955,11393,2848.25
1769,Uttar Pradesh,Urban,8,15330,2968,2559,4808,14983,1852,1812,3937,48249,6031.12
1770,Rajasthan,Urban,7,9998,2698,2415,4439,14143,1635,1480,5027,41835,5976.43
1771,Bihar,Rural,3,4564,2560,1830,1894,3934,1311,769,1950,18812,6270.67
1772,Tamil Nadu,Urban,6,11784,2330,2557,2135,6937,2799,993,3831,33366,5561.0
1773,Kerala,Urban,6,11774,3446,4403,2309,11460,3376,2470,1969,41207,6867.83
1774,Karnataka,Rural,5,3521,862,807,1059,650,1072,786,1725,10482,2096.4
1775,Kerala,Rural,3,2080,635,681,409,3531,534,268,720,8858,2952.67
1776,Rajasthan,Rural,8,6780,3236,1196,2102,1872,1222,1265,1955,19628,2453.5
1777,Karnataka,Urban,3,6369,2867,919,2014,11063,1415,608,2669,27924,9308.0
1778,Delhi,Rural,7,6761,1397,1898,1895,73,900,828,1643,15395,2199.29
1779,West Bengal,Rural,8,6801,2500,1516,1426,3065,1455,799,964,18526,2315.75
1780,Bihar,Rural,8,4602,1217,2107,1853,3678,1265,833,1896,17451,2181.38
1781,Bihar,Urban,4,12172,4374,1971,3833,4593,2825,2943,5418,38129,9532.25
1782,Bihar,Urban,2,19448,9164,3637,5734,8407,5585,4380,6388,62743,31371.5
1783,Uttar Pradesh,Rural,4,2979,718,576,1359,2166,538,533,808,9677,2419.25
1784,Delhi,Rural,4,7356,2299,1745,2837,3566,1246,740,2483,22272,5568.0
1785,Rajasthan,Rural,7,2725,389,575,588,2395,621,544,595,8432,1204.57
1786,Rajasthan,Rural,3,5399,786,1551,1356,2068,536,459,1841,13996,4665.33
1787,Delhi,Urban,8,14704,5099,2530,3466,13002,3099,2929,7683,52512,6564.0
1788,Karnataka,Urban,3,8797,2242,1449,2912,17947,1301,1032,1428,37108,12369.33
1789,Karnataka,Urban,5,8026,942,1494,1248,13744,1595,430,1799,29278,5855.6
1790,Bihar,Urban,5,7487,3175,1139,2971,11485,1593,1357,713,29920,5984.0
1791,Maharashtra,Rural,2,4686,2316,729,1138,1924,984,1104,2037,14918,7459.0
1792,Karnataka,Urban,6,15431,8015,6805,7002,16850,3621,1670,2222,61616,10269.33
1793,West Bengal,Rural,4,7599,3105,1524,1904,2247,1506,1116,2541,21542,5385.5
1794,West Bengal,Rural,3,7276,2781,2508,1720,1553,1527,775,1371,19511,6503.67
1795,Delhi,Urban,5,11992,2280,5163,4459,3394,3884,1398,1533,34103,6820.6
1796,Gujarat,Rural,4,3795,2144,698,1848,1493,884,596,641,12099,3024.75
1797,Tamil Nadu,Urban,2,9725,4340,2748,4461,15014,3080,1474,4073,44915,22457.5
1798,Rajasthan,Urban,8,8544,3392,2671,2073,11999,1536,1407,2399,34021,4252.62
1799,Uttar Pradesh,Rural,8,4783,1245,1640,1618,3863,1591,542,2691,17973,2246.62
1800,Maharashtra,Urban,6,11703,3827,1928,2839,5655,2005,565,1358,29880,4980.0
1801,Delhi,Rural,3,4232,1188,775,692,480,802,627,1154,9950,3316.67
1802,Tamil Nadu,Rural,7,1807,930,367,466,785,284,223,490,5352,764.57
1803,West Bengal,Rural,2,6808,1820,2105,1725,1398,1586,1283,2048,18773,9386.5
1804,Bihar,Rural,8,5780,1382,3064,1514,2620,1888,738,1734,18720,2340.0
1805,Gujarat,Rural,4,5013,1468,1018,1692,741,898,1027,1094,12951,3237.75
1806,Tamil Nadu,Urban,7,7818,3446,3331,1728,11046,2409,1443,825,32046,4578.0
1807,Maharashtra,Rural,8,5692,2263,1979,1997,1765,662,670,424,15452,1931.5
1808,Gujarat,Rural,4,5185,1835,790,1013,291,929,429,1374,11846,2961.5
1809,Gujarat,Rural,2,3064,746,991,843,3462,359,437,393,10295,5147.5
1810,Gujarat,Rural,6,3638,1489,1156,1246,2701,682,760,1424,13096,2182.67
1811,Kerala,Rural,7,7635,1673,779,2655,1271,1737,532,1456,17738,2534.0
1812,Karnataka,Urban,6,18554,3459,4575,2844,8718,5185,2850,7288,53473,8912.17
1813,Tamil Nadu,Urban,8,16495,3964,3963,5018,17003,1773,2812,1919,52947,6618.38
1814,Delhi,Urban,6,4682,2920,1046,1998,10494,1390,651,2622,25803,4300.5
1815,Delhi,Rural,6,4351,1008,2199,1722,3055,1524,646,1765,16270,2711.67
1816,Karnataka,Urban,4,19632,8868,4593,6411,9979,4041,2482,1846,57852,14463.0
1817,Uttar Pradesh,Urban,5,20537,7032,6812,3532,5940,4210,2637,6903,57603,11520.6
1818,Uttar Pradesh,Rural,7,4031,864,1190,1499,3606,428,546,1196,13360,1908.57
1819,Bihar,Rural,4,2548,1283,906,502,2539,931,562,871,10142,2535.5
1820,Gujarat,Urban,8,5751,1597,1550,1575,13319,1334,1292,728,27146,3393.25
1821,Bihar,Rural,4,6310,2581,1667,919,1485,1422,1025,1822,17231,4307.75
1822,Bihar,Urban,2,12676,2929,3911,3843,17351,1612,2059,4886,49267,24633.5
1823,Gujarat,Rural,2,7411,1892,1711,1146,1523,2143,1246,1952,19024,9512.0
1824,Delhi,Urban,8,17559,6472,4184,2401,16137,1965,2965,5673,57356,7169.5
1825,Rajasthan,Urban,8,25884,6407,8798,4729,3456,3231,3461,4476,60442,7555.25
1826,Uttar Pradesh,Urban,2,19717,4522,4378,5611,6738,5142,3120,3728,52956,26478.0
1827,Maharashtra,Urban,5,25641,4342,8477,6126,17334,4968,1594,3731,72213,14442.6
1828,Maharashtra,Rural,4,6036,1757,2421,2090,2844,1602,598,2763,20111,5027.75
1829,Bihar,Rural,5,2363,1370,1085,1256,2327,485,424,467,9777,1955.4
1830,Uttar Pradesh,Rural,5,3022,1054,1319,843,3935,612,538,1147,12470,2494.0
1831,Maharashtra,Rural,6,6692,2477,2576,1808,656,977,1059,2561,18806,3134.33
1832,Bihar,Urban,3,6919,2551,3676,1477,5338,1787,1787,3926,27461,9153.67
1833,Tamil Nadu,Rural,5,3816,2181,1643,1112,2770,1045,412,1998,14977,2995.4
1834,Gujarat,Urban,3,12111,4570,6265,5920,17378,2500,2102,2515,53361,17787.0
1835,Maharashtra,Urban,3,10931,4462,1121,3796,11633,2373,1106,3357,38779,12926.33
1836,Bihar,Rural,3,4704,1946,1264,1135,3718,936,443,1178,15324,5108.0
1837,Delhi,Rural,2,4754,1640,2286,915,1276,834,468,1333,13506,6753.0
1838,Kerala,Urban,8,6813,1629,1072,1545,7115,1083,1650,1355,22262,2782.75
1839,Bihar,Rural,7,6396,2060,1642,1581,1463,1094,1395,945,16576,2368.0
1840,Rajasthan,Urban,5,5196,2407,2166,2006,6064,840,1224,1143,21046,4209.2
1841,Tamil Nadu,Urban,6,6964,1765,2517,2401,11336,1583,1518,1162,29246,4874.33
1842,Kerala,Rural,8,2777,1639,1038,1304,2131,716,326,694,10625,1328.12
1843,West Bengal,Urban,6,12048,4781,4030,2631,11805,2635,1178,893,40001,6666.83
1844,Maharashtra,Urban,6,7339,1222,1461,1201,9228,1871,1133,2824,26279,4379.83
1845,Tamil Nadu,Rural,7,4540,1501,1121,1617,2768,945,818,1494,14804,2114.86
1846,Tamil Nadu,Rural,3,3511,890,1199,1618,3515,1030,353,1393,13509,4503.0
1847,Maharashtra,Urban,7,20510,3413,2233,3763,7075,3554,3445,2100,46093,6584.71
1848,Delhi,Rural,2,6059,2314,956,967,504,723,710,885,13118,6559.0
1849,Delhi,Rural,3,6515,1132,2081,1728,3428,1463,330,1952,18629,6209.67
1850,Gujarat,Rural,6,3148,1624,1396,1395,305,887,693,989,10437,1739.5
1851,Kerala,Rural,4,5733,2602,1291,1859,646,1330,593,2616,16670,4167.5
1852,West Bengal,Urban,5,7705,3436,2378,3058,16692,1931,1095,4093,40388,8077.6
1853,Karnataka,Urban,2,17458,8000,2622,4849,15763,3290,999,4059,57040,28520.0
1854,West Bengal,Rural,4,3883,1345,1291,1388,1192,1257,677,483,11516,2879.0
1855,West Bengal,Rural,8,2413,469,423,484,3195,433,498,610,8525,1065.62
1856,Maharashtra,Rural,8,4752,1759,2117,1976,832,1816,1324,684,15260,1907.5
1857,West Bengal,Rural,3,7675,2371,2750,2484,178,1919,758,1475,19610,6536.67
1858,Uttar Pradesh,Rural,3,1620,682,630,821,3626,528,492,782,9181,3060.33
1859,Kerala,Rural,3,2071,558,425,812,3295,358,442,943,8904,2968.0
1860,Maharashtra,Urban,2,19524,4811,8146,8351,7731,3845,3506,2944,58858,29429.0
1861,West Bengal,Rural,7,3837,2370,2113,2253,3991,1275,811,955,17605,2515.0
1862,Karnataka,Rural,3,5190,2147,551,967,1752,1073,989,1507,14176,4725.33
1863,Karnataka,Urban,8,10177,3294,1841,3642,16555,1868,1723,1423,40523,5065.38
1864,Maharashtra,Urban,4,4752,1275,1566,1098,6322,1202,966,540,17721,4430.25
1865,Delhi,Rural,3,4705,2325,1733,1545,1142,572,1025,1174,14221,4740.33
1866,Delhi,Rural,5,4969,2766,1453,1603,1509,887,542,984,14713,2942.6
1867,Kerala,Rural,8,3735,574,993,928,1121,933,669,800,9753,1219.12
1868,Karnataka,Urban,4,8727,3138,2136,4015,12375,2286,2143,3025,37845,9461.25
1869,Tamil Nadu,Rural,8,2952,852,842,858,1295,338,204,263,7604,950.5
1870,Kerala,Rural,8,5637,1540,1835,2566,1133,1932,1199,1819,17661,2207.62
1871,Uttar Pradesh,Rural,6,3533,727,525,787,860,759,786,674,8651,1441.83
1872,Delhi,Rural,3,3987,943,692,1143,3595,1051,447,1092,12950,4316.67
1873,Delhi,Rural,3,6379,1744,855,2366,2036,1181,744,1687,16992,5664.0
1874,West Bengal,Rural,2,3352,959,549,1473,695,666,581,1476,9751,4875.5
1875,Karnataka,Urban,3,6517,2374,2444,1564,10562,1518,1286,1766,28031,9343.67
1876,Bihar,Urban,5,15164,7066,4383,6468,5941,3522,1608,4586,48738,9747.6
1877,Maharashtra,Urban,3,10127,2093,2387,3277,14428,1979,578,3958,38827,12942.33
1878,Rajasthan,Urban,2,10061,1254,1816,3083,14631,1810,1838,3340,37833,18916.5
1879,Rajasthan,Rural,2,3392,1857,459,1212,2381,584,290,1037,11212,5606.0
1880,Gujarat,Rural,5,6360,1914,1727,1092,3363,1388,753,845,17442,3488.4
1881,Maharashtra,Rural,6,4252,833,2049,2221,1659,822,821,993,13650,2275.0
1882,Gujarat,Rural,7,3107,529,365,1009,2356,636,397,686,9085,1297.86
1883,Kerala,Rural,6,5661,1917,1783,1271,2338,842,743,674,15229,2538.17
1884,Uttar Pradesh,Urban,5,14738,6628,4134,5504,13057,1861,870,3742,50534,10106.8
1885,Kerala,Rural,5,2290,648,614,595,3467,569,267,510,8960,1792.0
1886,Tamil Nadu,Rural,7,4251,808,1979,1161,2551,925,983,706,13364,1909.14
1887,Maharashtra,Rural,3,4040,1680,644,1438,3658,725,270,1235,13690,4563.33
1888,Karnataka,Urban,5,17289,7667,2970,3336,11127,3634,2836,5383,54242,10848.4
1889,Bihar,Rural,4,6159,3346,926,1907,676,1466,674,2370,17524,4381.0
1890,Kerala,Rural,2,7819,1043,2038,1639,1123,961,1059,789,16471,8235.5
1891,Gujarat,Rural,7,2542,738,1041,734,3812,494,438,446,10245,1463.57
1892,Uttar Pradesh,Rural,5,6085,1249,1462,2155,774,866,434,1337,14362,2872.4
1893,Tamil Nadu,Urban,4,22045,8801,6375,2962,9444,2692,1320,1697,55336,13834.0
1894,Gujarat,Urban,3,6092,2754,1623,3003,16052,938,1634,3350,35446,11815.33
1895,West Bengal,Rural,4,5376,3303,2304,2259,3099,1136,971,1998,20446,5111.5
1896,West Bengal,Urban,8,6149,1665,875,2604,11197,1487,1656,2488,28121,3515.12
1897,Bihar,Rural,8,4345,1393,1735,1462,3509,873,832,569,14718,1839.75
1898,Karnataka,Urban,7,7525,1606,2058,2673,4067,1112,623,807,20471,2924.43
1899,Maharashtra,Urban,5,5510,1301,1039,1424,16878,1716,443,1060,29371,5874.2
1900,Bihar,Rural,2,4882,1485,821,936,2945,1076,600,510,13255,6627.5
1901,Maharashtra,Rural,8,2120,1178,1013,539,2947,597,240,830,9464,1183.0
1902,West Bengal,Urban,5,12305,2882,1743,1766,17393,2223,2347,3841,44500,8900.0
1903,Bihar,Rural,2,4278,1705,1377,1547,1388,1471,851,1554,14171,7085.5
1904,Rajasthan,Urban,2,11015,2689,2465,2646,6256,1337,1588,3582,31578,15789.0
1905,Uttar Pradesh,Urban,4,11953,7332,3452,3487,6620,3954,2432,2171,41401,10350.25
1906,Rajasthan,Urban,3,11510,4615,5922,4155,17140,3907,1702,3038,51989,17329.67
1907,Kerala,Urban,5,5847,3408,2029,2476,10397,892,974,2716,28739,5747.8
1908,Gujarat,Rural,4,6093,1302,2164,1231,365,1094,1075,1580,14904,3726.0
1909,Tamil Nadu,Urban,4,6464,2268,952,1388,6207,1292,884,3012,22467,5616.75
1910,Delhi,Rural,7,1799,558,453,498,2752,484,312,460,7316,1045.14
1911,Kerala,Rural,2,8352,2535,1597,2321,3834,1035,1424,2516,23614,11807.0
1912,Bihar,Urban,7,5288,2691,2149,1437,13355,796,1301,1231,28248,4035.43
1913,Tamil Nadu,Urban,4,14892,8608,5927,5327,4030,4872,4487,3310,51453,12863.25
1914,Kerala,Urban,8,9634,3632,3408,2237,10695,1390,1409,1928,34333,4291.62
1915,Maharashtra,Urban,7,22853,3204,3670,4228,10428,4715,2186,5997,57281,8183.0
1916,Uttar Pradesh,Rural,8,4736,1046,573,1085,846,854,740,1970,11850,1481.25
1917,Maharashtra,Urban,5,10980,5703,2249,6144,14269,3902,906,5261,49414,9882.8
1918,Tamil Nadu,Rural,3,2403,1028,775,670,1701,557,493,411,8038,2679.33
1919,Delhi,Rural,7,3933,995,971,618,115,657,660,1545,9494,1356.29
1920,Karnataka,Rural,6,3527,1724,586,964,3747,984,474,442,12448,2074.67
1921,West Bengal,Rural,7,4430,1383,996,2130,2520,991,1141,850,14441,2063.0
1922,Gujarat,Urban,4,24110,4418,5227,7671,12809,2476,1294,3214,61219,15304.75
1923,Gujarat,Urban,3,7967,3697,2441,2742,12903,1325,776,1806,33657,11219.0
1924,Maharashtra,Rural,6,8020,2113,2945,1112,2326,1504,1098,685,19803,3300.5
1925,Delhi,Rural,4,2514,775,1026,646,3201,682,287,699,9830,2457.5
1926,Kerala,Urban,6,6817,3007,1730,2440,3400,2441,1768,1577,23180,3863.33
1927,Bihar,Rural,7,5140,1632,1668,1001,2946,1263,707,1395,15752,2250.29
1928,Uttar Pradesh,Rural,8,2588,1175,552,530,3590,583,442,346,9806,1225.75
1929,Delhi,Urban,3,8981,2130,2338,1433,15869,1869,644,1597,34861,11620.33
1930,Uttar Pradesh,Rural,8,5042,1398,1944,2142,702,1203,1175,1180,14786,1848.25
1931,Delhi,Urban,7,7287,1545,1585,2265,5583,1039,444,3079,22827,3261.0
1932,Gujarat,Urban,5,20473,4518,7329,5495,5419,3419,3060,6203,55916,11183.2
1933,Gujarat,Rural,8,3258,966,583,790,1901,345,258,933,9034,1129.25
1934,Delhi,Urban,3,16474,5095,7221,2868,11462,2927,4041,5808,55896,18632.0
1935,Bihar,Urban,4,21605,4197,4346,6725,15347,4346,3468,4646,64680,16170.0
1936,Karnataka,Rural,2,6576,2016,2249,975,853,1521,631,1822,16643,8321.5
1937,Delhi,Urban,4,7349,1770,2250,3026,7718,1348,797,1440,25698,6424.5
1938,Bihar,Rural,7,2584,442,983,734,2928,464,284,913,9332,1333.14
1939,Bihar,Rural,4,4120,1306,1097,736,99,810,676,748,9592,2398.0
1940,Maharashtra,Rural,6,4189,1576,799,1810,2394,1219,367,1494,13848,2308.0
1941,Tamil Nadu,Urban,8,21886,5924,3543,4235,15397,2801,2795,7053,63634,7954.25
1942,West Bengal,Urban,8,15157,3750,6712,3641,3483,2691,3595,2086,41115,5139.38
1943,Tamil Nadu,Urban,3,10544,2092,2782,4185,9373,2151,1489,3140,35756,11918.67
1944,Tamil Nadu,Urban,7,16589,4947,2925,3183,13705,2469,2296,2310,48424,6917.71
1945,Tamil Nadu,Urban,2,8035,1336,1764,3436,12218,1064,1164,1112,30129,15064.5
1946,Karnataka,Urban,5,6136,3315,2264,1768,16060,1258,1441,1902,34144,6828.8
1947,West Bengal,Rural,7,3130,1505,833,1351,3739,504,436,897,12395,1770.71
1948,Tamil Nadu,Rural,5,6532,1095,1817,1534,1006,945,846,1931,15706,3141.2
1949,Maharashtra,Rural,2,6462,1584,1401,1818,1844,1168,728,1137,16142,8071.0
1950,Bihar,Rural,6,4358,2256,1916,1069,3367,834,514,2039,16353,2725.5
1951,Maharashtra,Urban,3,11321,4106,3239,3344,10906,1454,1567,2273,38210,12736.67
1952,Gujarat,Rural,3,2701,1061,713,781,860,268,356,714,7454,2484.67
1953,Karnataka,Rural,7,3471,1865,1320,1260,2843,1056,433,1456,13704,1957.71
1954,Delhi,Urban,3,9033,3291,2170,1984,9139,1540,2207,4486,33850,11283.33
1955,Gujarat,Rural,8,8502,3163,1134,2421,1756,1399,1542,2364,22281,2785.12
1956,Kerala,Rural,3,3154,1342,1044,644,3872,492,329,484,11361,3787.0
1957,West Bengal,Urban,7,5447,2936,2555,1737,4016,1000,1154,799,19644,2806.29
1958,Tamil Nadu,Urban,4,14473,3987,2400,2099,9103,1932,1381,3854,39229,9807.25
1959,Maharashtra,Rural,4,4484,740,1733,1615,718,619,1102,463,11474,2868.5
1960,Tamil Nadu,Urban,3,13496,8819,7410,5577,9458,3621,1192,5119,54692,18230.67
1961,Uttar Pradesh,Urban,4,8917,4965,3298,2412,13067,1361,1544,1818,37382,9345.5
1962,Tamil Nadu,Rural,5,3154,1398,525,1258,1466,816,582,1274,10473,2094.6
1963,Kerala,Urban,7,16735,8681,2707,5826,3552,3138,2481,5945,49065,7009.29
1964,West Bengal,Urban,6,5917,2004,2257,1660,14274,1355,421,862,28750,4791.67
1965,Kerala,Rural,7,5433,911,1404,1826,3,1032,407,619,11635,1662.14
1966,Uttar Pradesh,Rural,7,3284,1170,1419,1151,2788,649,276,663,11400,1628.57
1967,Uttar Pradesh,Rural,8,7164,3378,2180,2445,1342,1298,445,2903,21155,2644.38
1968,Tamil Nadu,Urban,5,12490,4983,4409,5815,15844,2650,1657,3068,50916,10183.2
1969,Karnataka,Rural,4,3301,483,664,981,958,348,173,539,7447,1861.75
1970,Bihar,Rural,7,4354,1642,977,560,3292,543,696,1299,13363,1909.0
1971,Tamil Nadu,Urban,5,6534,1741,2308,3470,14289,1773,1208,2606,33929,6785.8
1972,West Bengal,Rural,4,4456,2069,1655,885,3936,878,681,931,15491,3872.75
1973,Kerala,Urban,2,6438,1538,1750,1810,13507,1058,1252,1713,29066,14533.0
1974,Delhi,Urban,5,15087,4730,2757,2638,9883,2696,2664,3554,44009,8801.8
1975,Tamil Nadu,Rural,3,7124,1302,1692,2822,1911,995,424,1564,17834,5944.67
1976,Gujarat,Rural,3,5823,937,1234,1905,1479,993,1029,1037,14437,4812.33
1977,Bihar,Urban,6,25249,8790,3897,8831,12749,4171,4583,5389,73659,12276.5
1978,Karnataka,Urban,7,14376,4385,1774,3064,4391,2127,2903,4105,37125,5303.57
1979,Delhi,Urban,4,16589,6383,1892,6182,8142,4085,974,4368,48615,12153.75
1980,Rajasthan,Urban,3,16951,7816,6156,5042,15062,2905,1170,4006,59108,19702.67
1981,Delhi,Rural,3,9565,3437,2416,1396,1316,1067,574,2279,22050,7350.0
1982,Karnataka,Urban,6,12360,5690,3275,6331,16574,2899,1463,4300,52892,8815.33
1983,Kerala,Rural,5,2205,1363,562,546,705,613,248,908,7150,1430.0
1984,Gujarat,Urban,2,9858,2707,1504,3314,6962,2437,756,2452,29990,14995.0
1985,Karnataka,Urban,2,11668,4206,1382,2969,5218,1657,2105,3000,32205,16102.5
1986,Delhi,Rural,3,5891,1780,2801,2083,1678,2052,1453,1390,19128,6376.0
1987,Delhi,Urban,2,7986,2328,2899,3387,15122,1488,990,2359,36559,18279.5
1988,Maharashtra,Rural,8,4559,1571,1669,1684,1272,576,343,1453,13127,1640.88
1989,Karnataka,Rural,2,4121,850,1596,992,302,1022,488,1506,10877,5438.5
1990,Maharashtra,Urban,5,7108,4364,3678,3639,3195,1874,1580,2589,28027,5605.4
1991,Tamil Nadu,Rural,3,8380,1719,2753,1440,2596,1130,1108,2331,21457,7152.33
1992,Rajasthan,Urban,3,6971,1607,990,838,17920,720,493,538,30077,10025.67
1993,Rajasthan,Rural,5,4433,1771,1075,1549,613,432,300,698,10871,2174.2
1994,Kerala,Urban,2,6173,2581,1132,1810,3797,1331,496,643,17963,8981.5
1995,Rajasthan,Urban,2,12866,2915,1497,2808,15746,2298,603,2036,40769,20384.5
1996,Karnataka,Rural,8,6711,3025,2460,2038,735,1232,1217,2281,19699,2462.38
1997,Rajasthan,Rural,8,9036,3234,2841,2550,1471,1840,794,3263,25029,3128.62
1998,Gujarat,Urban,7,18031,6176,4398,4108,12865,3956,2486,5774,57794,8256.29
1999,Rajasthan,Rural,8,5918,3656,2025,3015,3220,1272,1330,1859,22295,2786.88
2000,Tamil Nadu,Rural,8,5869,1249,2116,1199,3410,941,394,2085,17263,2157.88
2001,West Bengal,Urban,6,15048,2501,4561,5172,14176,1636,2544,3502,49140,8190.0
2002,Maharashtra,Rural,3,5291,3073,899,1968,2513,1010,1430,1393,17577,5859.0
2003,Uttar Pradesh,Urban,8,11889,2235,4013,1644,4750,2713,859,2031,30134,3766.75
2004,Uttar Pradesh,Urban,3,17102,2445,2538,3296,8224,3197,2517,1850,41169,13723.0
2005,Kerala,Urban,5,10630,2365,3987,3949,3101,1910,1657,1825,29424,5884.8
2006,Uttar Pradesh,Rural,3,8799,3246,1669,2495,3268,1005,1709,1884,24075,8025.0
2007,Delhi,Urban,4,20536,7208,3997,6071,10506,4718,1036,4580,58652,14663.0
2008,Gujarat,Urban,8,17804,5226,3684,6192,7545,2256,1501,1687,45895,5736.88
2009,Karnataka,Rural,2,6850,1738,1357,2018,1749,870,638,636,15856,7928.0
2010,Karnataka,Urban,6,11423,1737,2639,4236,16384,2622,1149,4226,44416,7402.67
2011,West Bengal,Urban,6,18900,4928,5050,5220,6344,2303,1426,3849,48020,8003.33
2012,Bihar,Urban,8,8883,3810,3742,4031,9123,1477,1532,3399,35997,4499.62
2013,West Bengal,Urban,6,5734,2428,2851,1047,15904,1595,495,624,30678,5113.0
2014,Uttar Pradesh,Rural,5,5179,2220,1440,1241,3732,1197,1147,2196,18352,3670.4
2015,West Bengal,Rural,3,5335,2663,2633,937,2810,1211,1074,2083,18746,6248.67
2016,Maharashtra,Urban,4,16319,3132,3264,3926,3178,4008,2671,6589,43087,10771.75
2017,Kerala,Urban,6,15789,7318,5357,2432,15596,2386,1581,3801,54260,9043.33
2018,Tamil Nadu,Rural,6,4265,1050,1028,815,120,1047,628,1632,10585,1764.17
2019,Maharashtra,Rural,5,3133,640,972,721,957,668,446,825,8362,1672.4
2020,West Bengal,Rural,4,9215,2836,1885,3165,3041,1959,1416,1342,24859,6214.75
2021,Uttar Pradesh,Rural,7,3170,518,403,776,1947,316,436,429,7995,1142.14
2022,Rajasthan,Urban,3,13101,2554,3945,5808,6948,4263,1192,4286,42097,14032.33
2023,Delhi,Urban,5,5728,1743,1126,2610,14857,1204,969,1508,29745,5949.0
2024,West Bengal,Urban,6,15432,3033,2362,5205,3848,3006,1164,5391,39441,6573.5
2025,Tamil Nadu,Urban,3,15198,2013,2881,3521,3785,3530,1701,1228,33857,11285.67
2026,Tamil Nadu,Urban,3,11666,4365,2362,5474,11138,2384,2158,4009,43556,14518.67
2027,Kerala,Rural,8,5770,2995,2576,1308,1826,1946,999,2138,19558,2444.75
2028,Bihar,Rural,8,3892,1221,515,1166,3083,798,514,397,11586,1448.25
2029,Uttar Pradesh,Urban,2,8972,1871,1529,1887,14093,2011,1370,3197,34930,17465.0
2030,Uttar Pradesh,Urban,3,16297,3090,3381,7216,13615,2903,1971,2613,51086,17028.67
2031,Bihar,Rural,7,6941,1527,1334,1391,1976,843,1151,628,15791,2255.86
2032,Karnataka,Rural,7,1786,1050,968,680,3747,609,430,865,10135,1447.86
2033,Maharashtra,Urban,2,24815,7882,5511,8227,8615,5275,2840,7767,70932,35466.0
2034,Tamil Nadu,Urban,5,16962,6571,5592,2529,14356,2094,2516,2563,53183,10636.6
2035,Uttar Pradesh,Rural,5,4733,2030,2000,2283,315,1376,814,811,14362,2872.4
2036,Gujarat,Urban,2,21141,4042,3456,4553,14739,3052,4559,1877,57419,28709.5
2037,Maharashtra,Rural,8,5176,1660,1814,809,2345,548,343,754,13449,1681.12
2038,Kerala,Rural,4,2690,1351,1022,1309,3669,461,599,368,11469,2867.25
2039,Gujarat,Urban,6,11845,1429,2748,2027,12085,2392,638,3669,36833,6138.83
2040,Bihar,Rural,6,7949,1096,2817,2585,2815,1519,1349,873,21003,3500.5
2041,Karnataka,Urban,6,22593,7791,7651,4540,5176,5042,2118,6322,61233,10205.5
2042,Gujarat,Urban,7,10600,7499,2231,4353,10164,3650,1339,3682,43518,6216.86
2043,Bihar,Rural,6,5113,1277,1673,1502,787,1571,1201,1452,14576,2429.33
2044,Bihar,Urban,4,19306,4246,2861,4582,13794,2073,2915,4331,54108,13527.0
2045,Uttar Pradesh,Urban,4,15938,9694,4841,8207,8559,4977,1560,7715,61491,15372.75
2046,Karnataka,Rural,4,4696,786,1891,1061,1328,1245,666,1764,13437,3359.25
2047,West Bengal,Urban,6,8979,1424,1265,3074,13379,2620,1421,2430,34592,5765.33
2048,West Bengal,Rural,2,4381,664,991,1137,1743,939,691,580,11126,5563.0
2049,Delhi,Urban,7,22379,7959,7979,6827,6985,4498,1968,7773,66368,9481.14
2050,Uttar Pradesh,Rural,2,4420,2521,644,2133,1271,892,1170,1809,14860,7430.0
2051,Bihar,Rural,6,3407,591,662,901,1002,564,261,383,7771,1295.17
2052,Delhi,Urban,6,12032,6443,1887,4842,9992,3135,1398,4615,44344,7390.67
2053,Rajasthan,Urban,6,11800,3812,3633,4120,11399,2057,1685,3359,41865,6977.5
2054,Rajasthan,Urban,3,13153,8076,6388,5798,17728,4274,2525,5327,63269,21089.67
2055,Rajasthan,Rural,6,5091,2056,761,1605,3953,523,717,646,15352,2558.67
2056,West Bengal,Rural,2,5575,1060,728,1216,1311,1122,505,956,12473,6236.5
2057,Maharashtra,Rural,7,6144,1424,1230,1735,3810,1215,927,2098,18583,2654.71
2058,Kerala,Urban,2,23567,6112,7612,4040,7033,4904,1744,7166,62178,31089.0
2059,Kerala,Rural,7,3767,1645,1320,1464,177,974,655,1431,11433,1633.29
2060,West Bengal,Urban,3,10413,6368,3761,5268,5404,2355,1757,4570,39896,13298.67
2061,Tamil Nadu,Rural,6,4644,1034,898,621,1968,465,552,471,10653,1775.5
2062,Kerala,Urban,2,9213,3047,902,2496,12517,1961,1227,1792,33155,16577.5
2063,Uttar Pradesh,Rural,7,4384,724,1073,680,1579,520,594,1383,10937,1562.43
2064,Rajasthan,Rural,6,4867,1037,1597,1625,229,986,720,1553,12614,2102.33
2065,Rajasthan,Rural,8,4875,718,2053,1753,3293,694,567,690,14643,1830.38
2066,Gujarat,Rural,3,6657,2094,963,1305,1584,1042,854,1673,16172,5390.67
2067,Karnataka,Rural,2,4531,1991,616,1591,2428,1177,787,416,13537,6768.5
2068,Kerala,Rural,2,5844,1778,959,1888,2776,1115,489,996,15845,7922.5
2069,Tamil Nadu,Urban,5,14494,1893,1984,3126,17466,1681,2026,1304,43974,8794.8
2070,Karnataka,Urban,6,18487,5797,6383,4806,3807,2237,1941,4582,48040,8006.67
2071,Delhi,Rural,5,5830,681,1590,1278,3294,1077,751,1975,16476,3295.2
2072,Kerala,Urban,5,12997,6816,4791,3145,14944,2974,886,2389,48942,9788.4
2073,Tamil Nadu,Urban,5,10556,4439,5758,5611,3711,2669,882,4399,38025,7605.0
2074,Maharashtra,Rural,5,7159,1994,1255,1800,3775,811,510,2251,19555,3911.0
2075,Uttar Pradesh,Rural,6,9206,3246,959,2554,2518,1504,1039,2419,23445,3907.5
2076,Karnataka,Rural,7,5677,1198,1683,810,3709,927,995,1948,16947,2421.0
2077,Rajasthan,Rural,8,3318,791,1164,746,3684,939,513,1334,12489,1561.12
2078,West Bengal,Rural,7,3917,974,890,647,2234,399,582,976,10619,1517.0
2079,Uttar Pradesh,Rural,4,3523,1261,652,963,2366,759,620,259,10403,2600.75
2080,Rajasthan,Rural,5,4906,1949,1681,1369,2707,1070,962,1318,15962,3192.4
2081,Karnataka,Rural,7,5351,972,1210,1371,3903,1191,995,2000,16993,2427.57
2082,Karnataka,Urban,7,7027,3920,2735,3213,3693,1777,966,1672,25003,3571.86
2083,Kerala,Rural,6,6304,1625,2301,2489,1515,1198,1104,681,17217,2869.5
2084,Karnataka,Rural,4,4767,2248,2126,981,583,1281,780,666,13432,3358.0
2085,Delhi,Urban,7,10075,6166,2840,3375,17236,2254,1621,2225,45792,6541.71
2086,Delhi,Urban,7,15755,7396,5452,7217,7052,3242,3937,5883,55934,7990.57
2087,Rajasthan,Rural,6,4137,916,1190,658,1834,875,687,900,11197,1866.17
2088,Uttar Pradesh,Rural,5,4706,1068,1744,1245,2491,1594,813,1975,15636,3127.2
2089,Delhi,Rural,5,6718,3239,2204,1589,2703,1879,491,2402,21225,4245.0
2090,Rajasthan,Urban,2,11846,2437,4505,3363,8446,1558,2210,2276,36641,18320.5
2091,West Bengal,Rural,8,2092,978,939,341,3750,555,451,377,9483,1185.38
2092,Kerala,Rural,6,5057,1463,985,1193,187,1238,649,609,11381,1896.83
2093,Maharashtra,Rural,2,3761,1497,1629,1569,343,814,879,1516,12008,6004.0
2094,Delhi,Rural,7,3806,919,1239,1481,1841,1110,535,1409,12340,1762.86
2095,Kerala,Rural,2,4701,1143,1042,1027,1142,1332,779,1064,12230,6115.0
2096,Delhi,Rural,8,3813,1357,749,1112,678,931,543,726,9909,1238.62
2097,Tamil Nadu,Urban,8,9732,2784,1926,2801,7498,2373,1886,3609,32609,4076.12
2098,Gujarat,Rural,8,3286,1457,1040,926,3865,748,708,932,12962,1620.25
2099,Tamil Nadu,Rural,8,5009,753,1115,1463,3202,1206,635,1994,15377,1922.12
2100,Rajasthan,Urban,2,19831,8814,4145,3408,11184,4067,2954,7177,61580,30790.0
2101,Kerala,Urban,5,20635,7324,8945,8686,4284,3369,4316,4599,62158,12431.6
2102,Maharashtra,Urban,4,15352,8379,7155,4844,15353,4434,2748,3198,61463,15365.75
2103,Karnataka,Rural,7,3311,1650,1040,1084,442,877,338,1584,10326,1475.14
2104,Rajasthan,Rural,5,3932,990,1082,525,1409,712,682,597,9929,1985.8
2105,Tamil Nadu,Urban,4,15863,5226,4482,6783,7220,3032,3699,5234,51539,12884.75
2106,West Bengal,Rural,5,5688,1640,2127,1504,2620,1073,682,1892,17226,3445.2
2107,Rajasthan,Urban,7,6881,2364,1996,2270,3227,1095,410,2371,20614,2944.86
2108,Tamil Nadu,Rural,7,7381,2809,1225,1815,834,1995,969,2630,19658,2808.29
2109,Maharashtra,Urban,3,13574,7584,5601,5790,6329,1771,3345,5342,49336,16445.33
2110,Kerala,Urban,2,24378,6341,4615,7382,17684,2492,2480,4137,69509,34754.5
2111,Bihar,Rural,4,5851,2739,2901,2074,2625,1190,607,2665,20652,5163.0
2112,Bihar,Urban,8,17950,4268,5361,5704,15581,4702,2217,4696,60479,7559.88
2113,Delhi,Rural,5,4814,1950,1157,867,108,960,711,751,11318,2263.6
2114,Bihar,Rural,6,4577,1482,1620,634,2271,652,626,1443,13305,2217.5
2115,Maharashtra,Rural,6,4043,1952,1767,1083,960,1161,802,1773,13541,2256.83
2116,Tamil Nadu,Rural,6,5231,1106,812,983,2719,751,455,1467,13524,2254.0
2117,Bihar,Rural,5,2070,393,329,420,472,605,399,253,4941,988.2
2118,Bihar,Rural,6,6468,2053,1361,1163,3199,1542,1328,2614,19728,3288.0
2119,Rajasthan,Rural,8,6391,1205,1769,806,3690,1132,597,1778,17368,2171.0
2120,Gujarat,Rural,3,6211,1805,1120,2598,1454,910,1083,2549,17730,5910.0
2121,Rajasthan,Urban,2,22059,4585,7547,6450,16164,4647,1339,5331,68122,34061.0
2122,Rajasthan,Urban,2,14891,4151,1659,3373,9276,1423,1235,2764,38772,19386.0
2123,Uttar Pradesh,Urban,8,7108,3105,1314,2485,10850,1842,1187,1377,29268,3658.5
2124,Delhi,Urban,5,11826,2878,4857,3832,17412,2093,1739,2592,47229,9445.8
2125,Bihar,Rural,7,2668,1003,762,864,3956,403,171,836,10663,1523.29
2126,Gujarat,Urban,4,6471,3389,2713,1616,10599,2085,846,2873,30592,7648.0
2127,Bihar,Rural,5,4467,2229,613,2062,3069,1103,642,1473,15658,3131.6
2128,Delhi,Urban,2,8744,4236,2586,3392,5154,1539,1419,4345,31415,15707.5
2129,Bihar,Urban,2,8435,3059,3764,4119,17469,1263,1228,2500,41837,20918.5
2130,West Bengal,Urban,7,7267,2364,2519,1198,17265,1403,1302,1417,34735,4962.14
2131,Maharashtra,Urban,2,13057,8435,2932,3280,16013,4505,3594,2050,53866,26933.0
2132,Rajasthan,Urban,2,12813,2545,5641,3161,9086,2850,2533,5331,43960,21980.0
2133,Tamil Nadu,Urban,8,9743,2755,1013,3241,13152,1583,1646,3032,36165,4520.62
2134,Delhi,Urban,5,8553,1614,4349,1519,13188,2884,2060,4120,38287,7657.4
2135,Gujarat,Urban,8,11288,1899,3620,2008,8634,1969,2023,1508,32949,4118.62
2136,Rajasthan,Urban,3,13380,3662,3424,6299,7450,4548,2125,2174,43062,14354.0
2137,Uttar Pradesh,Urban,6,8394,3611,1156,3283,12665,1764,1820,1128,33821,5636.83
2138,Bihar,Urban,5,9921,6705,4316,2304,4695,1606,897,4016,34460,6892.0
2139,Gujarat,Urban,8,10123,3327,1197,2222,8801,1227,2102,3324,32323,4040.38
2140,Delhi,Urban,2,16456,4835,2863,5498,5501,4184,1514,2266,43117,21558.5
2141,Uttar Pradesh,Urban,3,5753,1960,1542,2534,11290,1617,1037,1180,26913,8971.0
2142,Delhi,Rural,8,5970,2556,2111,1365,551,1595,347,1994,16489,2061.12
2143,Bihar,Rural,8,2634,1563,1033,1318,3308,813,437,986,12092,1511.5
2144,Bihar,Urban,2,19705,3835,6793,6761,7004,5702,3306,7216,60322,30161.0
2145,Gujarat,Rural,5,5935,3142,2355,1781,1974,1592,1388,2834,21001,4200.2
2146,Karnataka,Rural,5,3759,1136,1894,1190,2566,1067,828,1711,14151,2830.2
2147,Maharashtra,Rural,3,9228,3276,1916,2850,185,1257,1387,1174,21273,7091.0
2148,Tamil Nadu,Rural,2,8140,1170,1254,1300,1836,1022,520,1936,17178,8589.0
2149,West Bengal,Rural,4,4863,1904,1001,1568,2641,1240,269,1756,15242,3810.5
2150,Tamil Nadu,Rural,2,4719,1541,807,1479,1968,748,310,1701,13273,6636.5
2151,Maharashtra,Urban,7,23438,8665,5181,5543,17053,3013,2532,7613,73038,10434.0
2152,Karnataka,Urban,4,17588,6486,3781,4518,14300,2321,2733,4142,55869,13967.25
2153,Bihar,Rural,6,2018,600,750,625,1851,456,356,784,7440,1240.0
2154,Karnataka,Rural,6,5812,2401,905,1051,1741,1407,1159,1670,16146,2691.0
2155,Bihar,Rural,2,9092,3172,2353,2373,1239,2193,806,2715,23943,11971.5
2156,Rajasthan,Rural,6,7396,2080,1027,1650,1036,1359,1093,494,16135,2689.17
2157,Rajasthan,Rural,2,5766,2808,1423,1760,1870,1981,707,850,17165,8582.5
2158,Bihar,Urban,6,18947,2828,6557,6428,13699,4840,3720,3551,60570,10095.0
2159,Tamil Nadu,Urban,4,9791,2047,2818,3293,5278,1648,676,3641,29192,7298.0
2160,Rajasthan,Urban,7,12098,3366,1471,3072,15556,2244,2252,3725,43784,6254.86
2161,Bihar,Rural,8,5814,1585,1347,2286,1268,894,1090,2574,16858,2107.25
2162,Gujarat,Urban,7,6201,3419,2444,1519,12396,1433,859,1724,29995,4285.0
2163,Uttar Pradesh,Rural,4,5941,1628,1195,2208,1087,1388,663,1338,15448,3862.0
2164,Delhi,Rural,7,7760,3771,2711,1333,1740,1592,965,2716,22588,3226.86
2165,West Bengal,Urban,8,14318,5107,5867,4434,13472,3849,2859,5169,55075,6884.38
2166,Maharashtra,Rural,5,8575,2411,2461,2237,2360,885,1417,788,21134,4226.8
2167,West Bengal,Rural,7,2421,1533,1362,595,1379,532,193,1146,9161,1308.71
2168,Uttar Pradesh,Rural,6,8128,2457,2476,2666,1951,937,1130,2233,21978,3663.0
2169,Delhi,Rural,6,3095,1211,864,632,1417,414,166,550,8349,1391.5
2170,Kerala,Rural,5,8237,3217,1137,2600,2140,900,936,1990,21157,4231.4
2171,Rajasthan,Urban,5,17146,7298,5914,5784,17590,4170,2251,1328,61481,12296.2
2172,Maharashtra,Urban,5,7734,3488,3806,2472,8156,2492,2305,2584,33037,6607.4
2173,Kerala,Rural,3,2881,833,752,1020,3573,573,342,1036,11010,3670.0
2174,Bihar,Rural,2,6292,3196,2788,1901,2731,810,1349,1282,20349,10174.5
2175,Karnataka,Urban,2,8005,2579,1608,1799,11038,1961,1048,1108,29146,14573.0
2176,Tamil Nadu,Urban,6,12999,3798,1904,3441,17762,3223,1009,3850,47986,7997.67
2177,Delhi,Rural,2,9513,2837,2890,1620,224,1831,1451,1686,22052,11026.0
2178,Gujarat,Urban,8,16157,7645,2849,8253,6496,5164,3228,7194,56986,7123.25
2179,Gujarat,Rural,4,2447,878,859,1028,117,354,317,872,6872,1718.0
2180,Uttar Pradesh,Rural,3,5207,1209,1915,1667,1084,879,694,1164,13819,4606.33
2181,West Bengal,Urban,5,16887,7281,2499,4327,12114,3541,2801,5249,54699,10939.8
2182,Maharashtra,Urban,8,20231,9176,5955,6079,13876,3631,3691,7664,70303,8787.88
2183,Gujarat,Urban,4,11342,6875,4918,3091,7977,3887,2430,6023,46543,11635.75
2184,Bihar,Rural,7,5583,2268,1296,852,3701,630,833,1278,16441,2348.71
2185,Karnataka,Rural,5,2719,770,1036,746,84,665,460,1206,7686,1537.2
2186,Uttar Pradesh,Rural,7,6006,2549,963,1207,3899,1415,994,1227,18260,2608.57
2187,Kerala,Urban,3,12214,5504,2910,3039,13891,2529,1319,3893,45299,15099.67
2188,Delhi,Rural,5,4148,1100,1851,1121,2031,836,441,2015,13543,2708.6
2189,Delhi,Urban,2,14687,2811,4613,2560,15031,1538,2363,4185,47788,23894.0
2190,Kerala,Urban,6,10803,4688,1830,3523,9125,1434,1624,1069,34096,5682.67
2191,Rajasthan,Rural,8,6694,2212,2879,2039,2693,1180,1148,2843,21688,2711.0
2192,Tamil Nadu,Urban,4,12317,4802,5184,2695,10857,2827,3560,1568,43810,10952.5
2193,West Bengal,Urban,5,21272,7336,2578,3499,3751,3796,2219,4446,48897,9779.4
2194,Bihar,Urban,5,15506,3768,5103,5312,7299,2550,1328,4448,45314,9062.8
2195,Maharashtra,Urban,2,12334,5720,5123,2655,9200,2405,1413,3211,42061,21030.5
2196,Kerala,Urban,8,17026,6638,5833,5788,3259,2098,1804,3326,45772,5721.5
2197,Karnataka,Urban,8,20893,3597,5540,6327,4255,3413,1857,4122,50004,6250.5
2198,Uttar Pradesh,Urban,3,10090,2058,2642,3007,14829,1224,1050,3508,38408,12802.67
2199,Karnataka,Rural,2,6820,1068,1014,1897,649,792,1321,853,14414,7207.0
2200,West Bengal,Rural,7,8757,2497,2603,2184,23,1642,1426,2235,21367,3052.43
2201,Uttar Pradesh,Rural,5,4160,1598,632,1098,1599,827,896,1171,11981,2396.2
2202,Kerala,Urban,5,12027,3448,2050,4218,3302,2850,1665,2049,31609,6321.8
2203,Delhi,Urban,8,14613,6006,5821,5734,6362,3698,1844,1983,46061,5757.62
2204,Gujarat,Urban,8,16880,6345,5581,5403,10623,4071,1963,2434,53300,6662.5
2205,Kerala,Rural,4,2677,1121,1178,1141,1779,469,238,452,9055,2263.75
2206,Bihar,Rural,5,8419,2041,2796,1531,3611,1280,1012,2760,23450,4690.0
2207,Maharashtra,Urban,2,11193,3613,2399,1920,12998,2108,2408,2610,39249,19624.5
2208,West Bengal,Urban,5,14273,3990,5090,3160,11491,2918,856,5004,46782,9356.4
2209,Gujarat,Urban,8,21851,6841,2285,3260,7825,3184,1642,3312,50200,6275.0
2210,West Bengal,Rural,3,6875,1936,1075,1261,859,830,1062,2453,16351,5450.33
2211,Bihar,Rural,3,3593,1972,1866,950,1076,1265,449,1239,12410,4136.67
2212,West Bengal,Urban,3,11971,5943,2489,4249,9576,2906,1153,4796,43083,14361.0
2213,Bihar,Rural,4,6719,1673,1737,1599,907,1435,900,559,15529,3882.25
2214,Uttar Pradesh,Rural,5,3679,950,1305,703,113,1125,592,1455,9922,1984.4
2215,Rajasthan,Urban,3,6391,1412,2272,2328,17624,1467,865,1281,33640,11213.33
2216,West Bengal,Rural,5,2268,1160,345,491,1371,696,500,984,7815,1563.0
2217,Gujarat,Rural,8,3968,1005,1554,1587,3047,651,332,542,12686,1585.75
2218,Kerala,Rural,5,3733,1798,791,1156,633,922,608,1575,11216,2243.2
2219,Maharashtra,Urban,7,9794,2755,4519,4041,9384,2681,1294,2586,37054,5293.43
2220,Delhi,Urban,7,11115,2004,2775,4398,10410,1976,2180,1845,36703,5243.29
2221,Rajasthan,Rural,4,7490,2873,870,1625,451,1223,552,1371,16455,4113.75
2222,Bihar,Urban,4,26330,4113,5433,6747,4361,2549,3707,2469,55709,13927.25
2223,Kerala,Urban,6,19604,3182,2254,7536,4610,3763,2852,3449,47250,7875.0
2224,Uttar Pradesh,Rural,2,8344,2883,1878,1957,698,1778,1406,1992,20936,10468.0
2225,Karnataka,Urban,4,6018,1726,1653,1601,6289,1262,1084,2095,21728,5432.0
2226,Tamil Nadu,Rural,5,3270,1308,836,1107,3308,692,388,432,11341,2268.2
2227,Gujarat,Rural,6,2543,1232,923,1222,1093,464,645,904,9026,1504.33
2228,Kerala,Rural,4,6967,1236,2701,1266,3434,1405,875,1863,19747,4936.75
2229,Uttar Pradesh,Rural,4,2068,983,477,723,921,626,370,272,6440,1610.0
2230,Rajasthan,Urban,6,12412,6257,2880,5117,6088,3763,2796,2622,41935,6989.17
2231,Rajasthan,Rural,6,2852,1094,967,1038,473,897,513,580,8414,1402.33
2232,Bihar,Urban,4,19108,8837,6101,2841,4274,2506,3470,3514,50651,12662.75
2233,Tamil Nadu,Urban,4,8709,3694,1148,2437,14630,1296,1783,3311,37008,9252.0
2234,Delhi,Rural,6,4579,1560,1723,1576,1772,748,456,1170,13584,2264.0
2235,Delhi,Rural,7,4394,2949,2166,1548,1778,1091,453,2214,16593,2370.43
2236,Tamil Nadu,Rural,6,2810,322,942,785,2856,381,395,819,9310,1551.67
2237,Delhi,Urban,7,7792,1440,1622,1820,6086,1141,1651,1964,23516,3359.43
2238,Tamil Nadu,Rural,4,6446,3251,1415,2628,1387,1852,649,1725,19353,4838.25
2239,Bihar,Urban,8,14685,6796,2846,3100,3637,2644,1648,4712,40068,5008.5
2240,Tamil Nadu,Urban,5,15875,8406,3009,5734,17640,3401,3259,4118,61442,12288.4
2241,Tamil Nadu,Rural,5,3566,1037,1992,1615,85,997,568,478,10338,2067.6
2242,Kerala,Urban,8,8187,3339,3004,2128,4447,2164,2129,2496,27894,3486.75
2243,Karnataka,Urban,8,6416,2667,2495,2207,15062,1420,1393,721,32381,4047.62
2244,Karnataka,Rural,7,2697,1137,836,890,1016,748,270,1262,8856,1265.14
2245,Gujarat,Rural,5,2592,958,1127,1141,250,515,545,509,7637,1527.4
2246,Delhi,Urban,5,10035,2510,2395,2009,8526,2049,1388,4179,33091,6618.2
2247,Gujarat,Urban,3,13777,3157,2473,3834,17453,3524,1684,5086,50988,16996.0
2248,Bihar,Rural,7,5227,2528,2645,2793,2215,800,828,1196,18232,2604.57
2249,Gujarat,Urban,2,14921,4301,2329,3326,8980,2270,2819,3954,42900,21450.0
2250,Rajasthan,Rural,7,2266,1277,1136,458,1128,678,372,605,7920,1131.43
2251,Uttar Pradesh,Urban,6,12928,6820,5574,3107,12247,3447,3813,2779,50715,8452.5
2252,Uttar Pradesh,Rural,7,4222,1513,816,582,3686,620,618,1163,13220,1888.57
2253,Maharashtra,Urban,4,12367,2404,3135,3611,12003,3354,1451,5101,43426,10856.5
2254,Gujarat,Urban,2,20774,7726,5151,6307,10728,2336,2867,7096,62985,31492.5
2255,Bihar,Rural,6,2957,1005,1014,866,844,462,147,895,8190,1365.0
2256,Tamil Nadu,Urban,2,24303,6052,8012,6850,13787,2683,3107,7900,72694,36347.0
2257,Gujarat,Rural,4,3818,1241,1539,921,420,891,801,1348,10979,2744.75
2258,Karnataka,Urban,8,9142,3979,1522,3164,13323,2165,1602,2293,37190,4648.75
2259,West Bengal,Urban,8,8065,3333,3352,1425,7395,2496,654,2320,29040,3630.0
2260,Rajasthan,Rural,5,4377,872,1503,1479,2978,1242,591,789,13831,2766.2
2261,Bihar,Rural,8,7339,2354,2355,2462,1422,1084,479,883,18378,2297.25
2262,Gujarat,Rural,7,5262,1526,685,1448,3883,796,776,908,15284,2183.43
2263,Bihar,Urban,5,16588,4557,2490,5833,14309,4409,3548,5091,56825,11365.0
2264,Maharashtra,Rural,4,5967,1582,1004,2969,357,2050,1180,2799,17908,4477.0
2265,Tamil Nadu,Rural,6,5767,1868,928,1677,7,903,708,1282,13140,2190.0
2266,West Bengal,Urban,6,14014,5851,2987,4977,9981,2185,1151,2516,43662,7277.0
2267,Delhi,Rural,6,5962,2231,2160,1078,1151,1308,1241,1313,16444,2740.67
2268,West Bengal,Urban,5,16049,6049,5347,5209,14992,2833,1247,2836,54562,10912.4
2269,Kerala,Urban,3,8051,2751,3191,2874,8427,1493,1102,1703,29592,9864.0
2270,Maharashtra,Rural,2,4737,1690,805,1735,3688,1284,1085,1198,16222,8111.0
2271,Kerala,Urban,5,10865,2263,5132,3650,10116,1980,1280,5027,40313,8062.6
2272,Bihar,Urban,3,11890,3919,3477,3490,9883,3936,2351,5035,43981,14660.33
2273,Gujarat,Urban,5,21535,5299,4698,6718,7114,5462,1650,2084,54560,10912.0
2274,Tamil Nadu,Rural,4,4462,1541,880,691,3968,777,379,634,13332,3333.0
2275,Maharashtra,Urban,6,15085,3383,4705,5405,6897,3647,1740,4045,44907,7484.5
2276,Tamil Nadu,Rural,5,3117,1049,1122,545,3271,606,362,307,10379,2075.8
2277,Tamil Nadu,Urban,3,14240,3683,4994,2439,15862,3426,1493,1657,47794,15931.33
2278,Kerala,Urban,3,13818,8469,6592,3730,13722,4437,3093,6719,60580,20193.33
2279,Tamil Nadu,Urban,4,7034,2234,3581,1419,11948,2021,736,749,29722,7430.5
2280,West Bengal,Rural,6,5740,1949,1039,1938,1909,1342,339,1239,15495,2582.5
2281,Maharashtra,Rural,8,5125,1080,2229,1006,193,987,390,2123,13133,1641.62
2282,Tamil Nadu,Urban,7,18384,4802,3892,7188,3220,5452,2264,1921,47123,6731.86
2283,Uttar Pradesh,Urban,4,8992,3110,3091,3064,7589,1930,1072,1480,30328,7582.0
2284,Rajasthan,Rural,6,2067,973,649,806,2345,391,331,397,7959,1326.5
2285,Gujarat,Rural,6,3785,2020,932,2183,2467,1055,547,1596,14585,2430.83
2286,Kerala,Urban,7,14681,8434,6917,4841,4218,2411,1043,4143,46688,6669.71
2287,Karnataka,Urban,7,7789,2757,1643,3908,6915,1316,1999,2175,28502,4071.71
2288,Kerala,Urban,6,22492,4734,8685,6318,3897,5573,4223,4130,60052,10008.67
2289,Uttar Pradesh,Rural,2,4797,1984,538,1550,2762,771,436,1646,14484,7242.0
2290,Delhi,Rural,5,6031,1659,2153,2166,1861,1075,834,992,16771,3354.2
2291,Delhi,Rural,2,4202,1401,1864,801,3540,846,453,2208,15315,7657.5
2292,Bihar,Rural,2,6317,1119,2242,1172,3969,675,920,1545,17959,8979.5
2293,Karnataka,Rural,6,8149,3306,2041,1634,1963,1112,797,2787,21789,3631.5
2294,Bihar,Urban,4,14349,7119,7617,5093,10320,3143,2770,6497,56908,14227.0
2295,Karnataka,Urban,6,10538,4855,3559,3454,11025,3004,679,1552,38666,6444.33
2296,Gujarat,Rural,2,5016,1977,2882,1191,3058,899,1269,1316,17608,8804.0
2297,Gujarat,Rural,7,2380,853,978,991,1999,557,594,484,8836,1262.29
2298,Tamil Nadu,Urban,6,6739,1789,2216,2372,3175,1326,364,1929,19910,3318.33
2299,Bihar,Urban,8,7822,1566,1139,1254,9140,1297,1359,1819,25396,3174.5
2300,Bihar,Urban,3,12459,3033,1703,3491,8623,3269,966,5026,38570,12856.67
2301,Gujarat,Rural,8,3436,1077,1294,1376,2690,1089,716,1274,12952,1619.0
2302,Gujarat,Rural,3,2033,734,852,390,868,343,189,721,6130,2043.33
2303,Kerala,Urban,6,9036,3574,1450,4098,15160,1719,2280,4210,41527,6921.17
2304,Kerala,Urban,6,7033,4376,3337,3873,15922,2012,1350,2427,40330,6721.67
2305,Kerala,Urban,7,17975,5248,5528,5610,4066,2928,1681,4395,47431,6775.86
2306,Tamil Nadu,Urban,8,17520,7424,2085,5515,3760,3842,1138,2685,43969,5496.12
2307,Maharashtra,Urban,3,9009,3352,2263,1530,16024,2151,1393,3186,38908,12969.33
2308,Delhi,Rural,3,4739,1403,1291,1289,2123,830,227,781,12683,4227.67
2309,West Bengal,Urban,8,19682,4928,2758,4919,15142,2348,3095,3025,55897,6987.12
2310,Tamil Nadu,Rural,4,7337,1779,1335,1727,1029,749,502,967,15425,3856.25
2311,Maharashtra,Urban,6,14234,7876,5033,4332,14705,3087,2024,2627,53918,8986.33
2312,Delhi,Rural,5,5930,2639,1909,2694,3641,1163,1365,2368,21709,4341.8
2313,West Bengal,Urban,5,9292,2380,2236,2844,6584,2422,1215,3805,30778,6155.6
2314,Tamil Nadu,Rural,6,7489,1077,1768,1234,1914,1256,1237,1620,17595,2932.5
2315,Rajasthan,Rural,4,2875,1372,1163,612,2364,698,488,763,10335,2583.75
2316,Rajasthan,Urban,4,14753,4006,5093,5629,3205,1772,2363,2769,39590,9897.5
2317,Uttar Pradesh,Rural,7,5495,648,1271,924,1061,590,671,1547,12207,1743.86
2318,Kerala,Rural,8,7873,1606,2500,2288,601,1893,1450,1790,20001,2500.12
2319,Maharashtra,Rural,4,3767,701,631,2044,681,663,315,936,9738,2434.5
2320,Karnataka,Rural,7,3473,1958,500,1683,2542,495,742,403,11796,1685.14
2321,Uttar Pradesh,Rural,7,6833,1943,2568,1208,387,1432,971,902,16244,2320.57
2322,Karnataka,Rural,2,6068,3742,2511,1585,474,1593,1099,2774,19846,9923.0
2323,Tamil Nadu,Urban,3,10735,2453,4929,2181,14319,3111,2929,3144,43801,14600.33
2324,Maharashtra,Urban,2,12430,4308,4224,2469,5903,1384,1370,3716,35804,17902.0
2325,West Bengal,Rural,2,1913,873,344,514,956,252,387,830,6069,3034.5
2326,Gujarat,Rural,8,2972,1112,832,1246,2204,847,232,410,9855,1231.88
2327,Delhi,Urban,4,18438,3082,5845,5058,6097,4504,2691,5282,50997,12749.25
2328,Kerala,Rural,8,3245,487,448,517,74,367,334,1270,6742,842.75
2329,Delhi,Urban,8,16908,3673,3032,2974,4821,3269,1216,6903,42796,5349.5
2330,Delhi,Rural,2,6922,3001,985,2387,1121,1010,868,1931,18225,9112.5
2331,Rajasthan,Rural,6,2389,1133,868,389,1812,495,516,877,8479,1413.17
2332,Kerala,Rural,6,6705,1958,1303,2113,1072,666,1147,1760,16724,2787.33
2333,West Bengal,Rural,2,5614,1925,860,1057,517,1008,637,1611,13229,6614.5
2334,Tamil Nadu,Urban,6,6227,2458,1507,1418,12525,1497,534,959,27125,4520.83
2335,Karnataka,Urban,8,12650,6983,2943,6327,12726,3263,878,1467,47237,5904.62
2336,West Bengal,Urban,5,18384,4283,2135,5323,15080,2695,1560,5032,54492,10898.4
2337,Karnataka,Urban,5,5463,3055,2088,2875,11867,1937,809,2916,31010,6202.0
2338,Rajasthan,Urban,8,10750,4434,3310,2198,13134,2282,1938,3694,41740,5217.5
2339,Maharashtra,Rural,4,5152,3236,1674,2498,933,1252,1099,606,16450,4112.5
2340,Tamil Nadu,Urban,8,4941,2596,1392,2289,16744,797,1056,1133,30948,3868.5
2341,Maharashtra,Rural,8,5582,673,526,1623,1862,1006,480,1141,12893,1611.62
2342,Bihar,Urban,7,5825,1772,877,2039,15110,1525,1157,1896,30201,4314.43
2343,Delhi,Rural,7,4369,596,1002,648,1598,812,688,1090,10803,1543.29
2344,Tamil Nadu,Rural,3,2945,1573,646,507,3092,569,378,779,10489,3496.33
2345,Uttar Pradesh,Rural,6,2349,1302,1193,1274,1587,597,354,1193,9849,1641.5
2346,Karnataka,Urban,6,14482,4989,4334,5158,8620,3236,1181,2621,44621,7436.83
2347,Gujarat,Urban,7,15185,5605,4703,4625,12512,2159,938,3006,48733,6961.86
2348,Bihar,Rural,3,6080,3218,1086,1062,3120,1314,597,2717,19194,6398.0
2349,Gujarat,Urban,6,12233,2324,2744,3735,6268,1912,1796,4878,35890,5981.67
2350,Kerala,Rural,6,4028,1957,865,1379,2574,1032,346,1656,13837,2306.17
2351,Delhi,Rural,2,5687,2503,931,1867,2492,853,1036,1699,17068,8534.0
2352,Maharashtra,Urban,5,17767,4352,3552,4039,6597,3306,1699,5399,46711,9342.2
2353,Delhi,Urban,8,14383,3326,3370,3812,3852,3145,2572,4590,39050,4881.25
2354,Maharashtra,Rural,4,5889,3169,2320,1712,1112,1317,1025,1997,18541,4635.25
2355,Rajasthan,Urban,6,14832,7282,5924,6975,9440,2575,3567,7981,58576,9762.67
2356,Gujarat,Urban,2,5600,2422,1521,1887,10967,1332,774,1438,25941,12970.5
2357,Rajasthan,Rural,2,5437,667,1764,683,3456,877,312,1902,15098,7549.0
2358,Uttar Pradesh,Rural,6,3066,1297,561,819,2161,733,380,294,9311,1551.83
2359,Gujarat,Rural,2,3912,1827,1360,1128,1461,1189,453,973,12303,6151.5
2360,Tamil Nadu,Urban,8,9182,3092,2048,2065,13333,2674,1821,1964,36179,4522.38
2361,Maharashtra,Urban,2,9047,2201,1511,4403,6972,1683,1267,1985,29069,14534.5
2362,Gujarat,Urban,5,8512,3261,1858,1547,3820,1883,1307,2934,25122,5024.4
2363,Karnataka,Urban,7,14023,5170,4141,4571,15220,2037,1416,3246,49824,7117.71
2364,Karnataka,Urban,8,13693,4008,3083,5970,9652,3306,3030,3875,46617,5827.12
2365,Bihar,Rural,6,5102,758,1466,1509,457,909,597,832,11630,1938.33
2366,Rajasthan,Urban,2,13138,6383,4073,4460,6259,4682,3583,5124,47702,23851.0
2367,Gujarat,Rural,5,5365,2391,1451,2301,958,1173,909,719,15267,3053.4
2368,Uttar Pradesh,Urban,4,15577,7094,5434,5222,8890,2103,2585,5303,52208,13052.0
2369,West Bengal,Urban,8,11783,3649,1116,2371,7808,2542,601,844,30714,3839.25
2370,West Bengal,Urban,7,15208,6337,5554,1941,8435,1732,2312,2938,44457,6351.0
2371,Maharashtra,Rural,6,2948,933,1559,586,3960,648,266,1409,12309,2051.5
2372,Delhi,Urban,6,12607,4335,4862,5861,8748,2704,1426,2728,43271,7211.83
2373,Kerala,Rural,8,4618,2880,1145,2359,3256,1183,1034,697,17172,2146.5
2374,Bihar,Urban,5,16448,6082,6107,6304,14474,2806,1313,7488,61022,12204.4
2375,Rajasthan,Rural,3,4070,1424,1420,716,2899,657,324,994,12504,4168.0
2376,Maharashtra,Urban,6,12070,3547,3352,4283,9327,2621,1481,4599,41280,6880.0
2377,West Bengal,Rural,3,3553,1696,1033,1401,718,1026,480,1351,11258,3752.67
2378,Uttar Pradesh,Urban,2,8836,4559,3484,3990,13006,1460,710,1289,37334,18667.0
2379,West Bengal,Urban,8,12649,7436,2776,3857,6166,2931,3323,6029,45167,5645.88
2380,Rajasthan,Rural,4,2940,1123,647,914,121,662,554,731,7692,1923.0
2381,West Bengal,Urban,6,13972,3846,2918,2361,8986,3875,1024,5863,42845,7140.83
2382,Karnataka,Rural,7,8651,3019,2099,2018,1650,1143,993,2094,21667,3095.29
2383,Uttar Pradesh,Urban,6,20141,5558,2953,6569,8758,2383,1062,3215,50639,8439.83
2384,Uttar Pradesh,Rural,4,4970,1071,1970,2714,2642,1298,427,1046,16138,4034.5
2385,Rajasthan,Rural,3,3882,1082,1391,1280,3160,588,907,1232,13522,4507.33
2386,Bihar,Urban,7,7276,3395,2224,1981,3833,1631,1170,3489,24999,3571.29
2387,Karnataka,Urban,3,11566,6776,2930,2333,15827,1991,3265,3562,48250,16083.33
2388,Tamil Nadu,Urban,8,10267,4721,2217,2003,15299,2388,951,4675,42521,5315.12
2389,Karnataka,Rural,4,4047,558,1398,580,3954,842,492,788,12659,3164.75
2390,Delhi,Rural,5,4397,1781,1022,1285,1193,1365,1032,1330,13405,2681.0
2391,Delhi,Rural,7,3053,1629,847,1561,2292,652,431,1119,11584,1654.86
2392,Maharashtra,Rural,5,5322,2175,1975,1447,2887,1132,766,1430,17134,3426.8
2393,Delhi,Rural,3,3118,704,866,1282,659,704,651,456,8440,2813.33
2394,Delhi,Urban,5,9021,1235,2132,2900,8335,831,1185,1782,27421,5484.2
2395,Rajasthan,Urban,2,5808,2081,2209,2030,6357,1353,1617,3291,24746,12373.0
2396,Bihar,Urban,8,20772,3742,6192,2904,13371,4122,3185,3217,57505,7188.12
2397,Kerala,Urban,6,6225,2723,2129,1274,5894,1127,987,2509,22868,3811.33
2398,Maharashtra,Rural,6,7500,3641,883,1978,2025,1690,697,2470,20884,3480.67
2399,West Bengal,Urban,8,10629,2813,1447,3356,15768,2462,1754,1583,39812,4976.5
2400,Tamil Nadu,Rural,4,4061,756,1138,1510,196,1250,1067,1707,11685,2921.25
2401,Karnataka,Urban,3,6355,1831,2412,2053,11022,1578,652,720,26623,8874.33
2402,Kerala,Urban,2,10833,4057,5148,2812,12342,3549,1203,1959,41903,20951.5
2403,West Bengal,Urban,2,17892,3932,1925,2999,10696,2763,3549,6363,50119,25059.5
2404,Bihar,Urban,5,11548,4367,4151,5186,12321,2562,3377,3741,47253,9450.6
2405,Maharashtra,Rural,6,3830,1484,731,837,1178,646,317,1144,10167,1694.5
2406,Kerala,Rural,8,4339,1915,1681,1662,2588,984,469,1506,15144,1893.0
2407,Delhi,Rural,3,8428,1376,3285,2757,1994,1845,523,1708,21916,7305.33
2408,Karnataka,Rural,5,5676,2514,1233,2575,1169,1449,1229,647,16492,3298.4
2409,Tamil Nadu,Rural,5,3703,1535,1441,652,3556,906,370,573,12736,2547.2
2410,Rajasthan,Urban,4,15948,6650,4542,7248,3956,3028,3190,3015,47577,11894.25
2411,Gujarat,Rural,7,2196,550,259,456,2655,523,422,405,7466,1066.57
2412,Karnataka,Rural,3,6538,2074,1009,1220,395,1434,524,1129,14323,4774.33
2413,West Bengal,Rural,8,5097,931,1441,781,2362,912,856,1007,13387,1673.38
2414,Delhi,Rural,7,5619,2436,1485,985,2153,684,511,609,14482,2068.86
2415,Delhi,Urban,2,6076,2006,1837,2167,16750,770,446,670,30722,15361.0
2416,Gujarat,Rural,4,5598,2582,2055,1391,2615,1427,679,1632,17979,4494.75
2417,Tamil Nadu,Urban,2,12866,2414,2434,4114,7722,1658,1353,3660,36221,18110.5
2418,Kerala,Rural,8,5205,2352,1465,1388,332,1310,1156,1468,14676,1834.5
2419,Delhi,Rural,4,4608,1733,923,753,1066,1017,447,1347,11894,2973.5
2420,Rajasthan,Urban,5,12741,2430,1422,4471,13083,2089,1174,3191,40601,8120.2
2421,Gujarat,Rural,4,5484,2266,866,1168,418,932,1094,1039,13267,3316.75
2422,Tamil Nadu,Urban,3,25997,9819,5697,6760,9620,2567,3646,6783,70889,23629.67
2423,West Bengal,Rural,8,3736,1503,486,1018,2267,991,481,1140,11622,1452.75
2424,Karnataka,Urban,5,21293,9803,8160,8464,8713,5493,1183,8327,71436,14287.2
2425,Delhi,Urban,3,16531,5990,4525,1951,7690,2796,2313,4913,46709,15569.67
2426,Uttar Pradesh,Rural,5,4761,1297,1122,1204,745,1359,469,1772,12729,2545.8
2427,Tamil Nadu,Rural,5,3245,1451,669,560,683,426,176,805,8015,1603.0
2428,Gujarat,Rural,4,7490,1976,1621,1956,3692,809,979,1486,20009,5002.25
2429,Rajasthan,Urban,2,8087,2124,1336,2557,13062,1270,1596,1173,31205,15602.5
2430,Uttar Pradesh,Urban,7,16477,3911,2247,4771,3910,2286,2605,5593,41800,5971.43
2431,Tamil Nadu,Urban,2,9487,4257,3984,2778,9459,3153,2156,3870,39144,19572.0
2432,Gujarat,Rural,8,2469,609,823,370,1299,288,463,554,6875,859.38
2433,Tamil Nadu,Urban,3,17206,4393,8619,6459,3165,3758,4036,5514,53150,17716.67
2434,Gujarat,Rural,3,7552,2711,1492,2709,647,1094,855,2303,19363,6454.33
2435,Gujarat,Rural,8,4790,2226,1289,908,1539,1256,728,1231,13967,1745.88
2436,Maharashtra,Rural,4,2976,854,1438,1283,3102,745,357,441,11196,2799.0
2437,Delhi,Rural,2,3044,844,913,886,1080,438,551,1009,8765,4382.5
2438,Tamil Nadu,Rural,7,7427,2336,1674,2550,1350,1721,1023,1280,19361,2765.86
2439,Maharashtra,Rural,8,9316,3247,2987,2281,449,1343,1641,1398,22662,2832.75
2440,Maharashtra,Urban,6,15773,3113,4272,7111,10424,4377,3192,4733,52995,8832.5
2441,Tamil Nadu,Rural,6,3744,953,1536,1590,1244,798,913,1764,12542,2090.33
2442,Maharashtra,Urban,2,16928,5573,2417,2075,12211,3722,1730,3870,48526,24263.0
2443,Uttar Pradesh,Urban,3,20566,5972,4551,4363,6957,2545,1420,6169,52543,17514.33
2444,Rajasthan,Urban,4,13820,6461,3911,7422,13666,3599,2479,3442,54800,13700.0
2445,Karnataka,Rural,6,3228,1146,1180,1067,1991,1004,814,529,10959,1826.5
2446,Gujarat,Rural,5,6447,983,2171,1854,1538,1465,1262,1459,17179,3435.8
2447,Delhi,Rural,6,7116,2361,3011,2528,3565,1167,1053,1802,22603,3767.17
2448,Maharashtra,Rural,4,8147,1442,2436,1472,3633,1138,1399,1581,21248,5312.0
2449,Kerala,Rural,6,4850,1461,1366,1822,3441,889,363,1179,15371,2561.83
2450,Kerala,Rural,2,3646,897,1390,1238,3478,910,780,1399,13738,6869.0
2451,Delhi,Urban,4,10172,3713,3326,2012,15098,2015,1243,2232,39811,9952.75
2452,West Bengal,Urban,3,15284,9439,7195,7480,13299,4908,2118,7711,67434,22478.0
2453,Bihar,Rural,6,2794,858,587,628,3247,883,500,1063,10560,1760.0
2454,Rajasthan,Urban,4,5572,2410,1011,1997,6826,1629,486,2462,22393,5598.25
2455,Rajasthan,Urban,3,13463,2326,4757,5480,13426,1892,2742,3601,47687,15895.67
2456,Gujarat,Rural,7,4380,2755,1908,1455,3818,859,1153,1712,18040,2577.14
2457,Gujarat,Urban,7,11220,2604,2033,1828,6938,2435,857,2761,30676,4382.29
2458,Tamil Nadu,Rural,4,6023,2147,1396,2092,2857,1386,944,2299,19144,4786.0
2459,Rajasthan,Urban,7,21010,3891,6854,5057,11166,3141,3028,3597,57744,8249.14
2460,Tamil Nadu,Rural,7,4876,2604,2161,1676,270,1203,1038,1531,15359,2194.14
2461,Kerala,Urban,5,6984,2278,2238,1367,15276,920,1162,1263,31488,6297.6
2462,Bihar,Rural,7,4684,1105,1228,1558,2905,530,758,1236,14004,2000.57
2463,Bihar,Urban,5,13329,3451,4988,4785,10088,1859,1993,6361,46854,9370.8
2464,Rajasthan,Rural,3,4113,1827,1119,1668,1377,999,876,1338,13317,4439.0
2465,Delhi,Rural,2,2912,1598,485,894,639,878,677,459,8542,4271.0
2466,West Bengal,Urban,4,13739,5283,6879,4813,12404,2906,4166,7031,57221,14305.25
2467,Gujarat,Urban,4,18584,2475,2684,5969,6400,2043,3457,6777,48389,12097.25
2468,Gujarat,Urban,7,13362,7268,4194,5366,3275,2888,1731,3455,41539,5934.14
2469,Kerala,Rural,3,3993,642,1636,1247,3051,549,442,1756,13316,4438.67
2470,Uttar Pradesh,Rural,4,4399,2500,2000,1592,739,840,924,776,13770,3442.5
2471,Uttar Pradesh,Urban,6,19135,6229,7777,5437,15518,3384,3871,3016,64367,10727.83
2472,Delhi,Urban,8,22716,5021,4290,3700,13626,4906,2410,1952,58621,7327.62
2473,Kerala,Urban,5,17877,3609,4227,4672,11082,4943,3545,5901,55856,11171.2
2474,Bihar,Rural,8,2533,798,375,533,1083,374,226,451,6373,796.62
2475,Rajasthan,Urban,8,8989,1375,2928,2865,14443,1522,1093,3431,36646,4580.75
2476,Uttar Pradesh,Rural,4,6707,1952,1269,928,2465,781,941,495,15538,3884.5
2477,Rajasthan,Urban,8,6492,1486,2896,2894,12682,1682,749,1178,30059,3757.38
2478,Rajasthan,Urban,7,11470,5435,1717,2935,13082,3337,2128,4144,44248,6321.14
2479,Delhi,Rural,4,1780,1000,555,809,3532,500,420,250,8846,2211.5
2480,Tamil Nadu,Rural,8,3431,1237,1721,832,320,1057,809,1594,11001,1375.12
2481,Tamil Nadu,Urban,4,10817,2609,2048,2435,3459,1537,1894,4218,29017,7254.25
2482,Kerala,Urban,7,14756,3702,4805,4702,6228,2849,1298,1561,39901,5700.14
2483,Delhi,Rural,3,3362,871,953,901,3712,634,303,805,11541,3847.0
2484,Karnataka,Urban,6,11980,3486,2683,2386,10092,2546,3293,3031,39497,6582.83
2485,Tamil Nadu,Urban,7,15099,5488,5182,2617,17970,2759,2623,3757,55495,7927.86
2486,Kerala,Rural,2,6948,1658,1327,1286,1180,1455,861,649,15364,7682.0
2487,Uttar Pradesh,Rural,7,2806,1813,1263,656,3226,734,554,521,11573,1653.29
2488,Maharashtra,Urban,6,7946,3896,1893,1647,7879,1345,1606,2026,28238,4706.33
2489,Bihar,Rural,3,6084,2326,862,2297,2597,1420,842,2145,18573,6191.0
2490,Tamil Nadu,Rural,4,2286,521,481,772,134,414,359,535,5502,1375.5
2491,Rajasthan,Urban,5,15359,7659,7489,4931,7406,3713,4050,3330,53937,10787.4
2492,Kerala,Rural,4,7533,2908,941,1890,1606,1106,1334,2743,20061,5015.25
2493,Maharashtra,Urban,8,15690,5325,5747,8538,14142,3706,1923,2897,57968,7246.0
2494,Karnataka,Rural,7,3047,799,677,581,2134,551,327,471,8587,1226.71
2495,Maharashtra,Rural,6,2878,815,422,585,2180,438,525,672,8515,1419.17
2496,Gujarat,Urban,3,9568,3868,2893,2902,10475,2226,617,3107,35656,11885.33
2497,Rajasthan,Urban,5,7366,2843,2710,2969,4337,1786,615,2820,25446,5089.2
2498,Uttar Pradesh,Urban,5,8781,5225,4803,4469,14484,2812,975,2416,43965,8793.0
2499,Rajasthan,Urban,5,21579,6982,3470,4086,8060,3115,1210,5863,54365,10873.0
2500,Delhi,Rural,8,4626,1838,721,1317,793,987,731,539,11552,1444.0
2501,Rajasthan,Urban,2,9496,2837,3059,3385,8254,2236,1638,718,31623,15811.5
2502,Bihar,Rural,2,3801,1606,548,1579,797,580,554,1591,11056,5528.0
2503,Kerala,Rural,8,3701,1970,2100,1655,2593,765,591,2108,15483,1935.38
2504,Delhi,Urban,8,8633,2218,2329,2275,7026,1602,1563,2566,28212,3526.5
2505,Uttar Pradesh,Rural,5,6519,2238,1820,1607,3334,717,1263,2167,19665,3933.0
2506,Rajasthan,Urban,7,11859,4935,4463,2034,10007,3111,2315,3640,42364,6052.0
2507,West Bengal,Urban,6,11380,3494,3877,3382,10386,2662,1975,3046,40202,6700.33
2508,Delhi,Rural,7,6963,1583,2508,2154,3996,1019,905,1955,21083,3011.86
2509,Maharashtra,Rural,8,6461,3358,3137,2281,1688,1227,1265,2753,22170,2771.25
2510,Tamil Nadu,Rural,3,2557,1350,720,699,3610,635,276,480,10327,3442.33
2511,Kerala,Rural,6,6075,1188,1224,1225,3545,913,378,2310,16858,2809.67
2512,Kerala,Urban,5,9073,2517,1097,2434,3844,1758,1255,2750,24728,4945.6
2513,Kerala,Urban,8,13689,5533,3857,5541,7834,1762,2422,4930,45568,5696.0
2514,Delhi,Rural,7,2262,693,997,442,1951,454,357,400,7556,1079.43
2515,West Bengal,Urban,4,15466,6559,1780,2651,10210,3159,1939,2564,44328,11082.0
2516,Uttar Pradesh,Urban,4,15335,7348,2472,3268,3831,4748,3025,3997,44024,11006.0
2517,Delhi,Urban,2,18624,4274,3108,2289,13846,2075,1121,2986,48323,24161.5
2518,West Bengal,Urban,2,10991,4541,4072,4197,17694,2149,1323,2939,47906,23953.0
2519,West Bengal,Rural,8,2700,1170,1166,856,3638,564,705,395,11194,1399.25
2520,Rajasthan,Rural,4,2020,1296,844,1039,2069,563,442,901,9174,2293.5
2521,Kerala,Urban,4,20220,6025,2778,2806,13452,4385,2086,2419,54171,13542.75
2522,Gujarat,Urban,5,9846,1612,2028,1706,13217,2002,1276,801,32488,6497.6
2523,Tamil Nadu,Rural,6,5292,1269,2693,1428,3576,1156,1298,1923,18635,3105.83
2524,Karnataka,Urban,2,15278,4172,5921,3121,15288,4656,1459,3592,53487,26743.5
2525,Uttar Pradesh,Rural,3,2408,496,314,509,882,674,493,577,6353,2117.67
2526,Maharashtra,Urban,7,17869,4777,2600,5140,11351,3001,2520,2049,49307,7043.86
2527,Rajasthan,Rural,2,3684,1217,1068,1404,3116,786,560,993,12828,6414.0
2528,Karnataka,Urban,8,9397,4368,3475,1941,13921,1032,1470,2536,38140,4767.5
2529,Karnataka,Rural,2,2900,1126,380,593,2896,285,323,807,9310,4655.0
2530,West Bengal,Rural,8,5178,1566,1886,2161,449,1378,1132,1664,15414,1926.75
2531,Maharashtra,Rural,4,3731,1485,1165,773,2692,442,365,1541,12194,3048.5
2532,Uttar Pradesh,Urban,4,10105,4226,2676,3431,7839,1403,1152,3299,34131,8532.75
2533,Delhi,Urban,6,9754,3929,1209,3874,15132,2400,973,4115,41386,6897.67
2534,Tamil Nadu,Rural,2,7493,2034,2252,1220,3559,1045,483,2490,20576,10288.0
2535,Bihar,Urban,7,14389,3393,3347,4391,9259,3204,1730,2774,42487,6069.57
2536,West Bengal,Rural,4,3293,1147,833,1477,2651,692,676,1282,12051,3012.75
2537,Uttar Pradesh,Rural,5,3783,897,878,1113,2947,1295,863,1091,12867,2573.4
2538,Gujarat,Rural,6,3743,703,1182,534,1567,577,287,1214,9807,1634.5
2539,Maharashtra,Rural,7,4878,2309,1978,2524,3954,1700,1042,537,18922,2703.14
2540,Rajasthan,Urban,2,11498,5424,4261,1888,9966,1735,2170,3999,40941,20470.5
2541,Maharashtra,Urban,3,19668,4347,7859,6720,9572,2860,3554,6788,61368,20456.0
2542,Karnataka,Urban,6,15244,3549,3492,4950,5694,3952,879,1400,39160,6526.67
2543,Maharashtra,Urban,6,10372,1831,2185,4976,3789,1747,1748,2881,29529,4921.5
2544,Karnataka,Rural,3,7480,2655,2302,2923,232,1237,938,2478,20245,6748.33
2545,Karnataka,Rural,2,5724,1587,1126,1270,2977,913,512,1827,15936,7968.0
2546,West Bengal,Rural,7,5184,921,1510,1423,1960,1038,820,1936,14792,2113.14
2547,Bihar,Urban,8,15223,5345,3280,5503,9002,3163,1371,2412,45299,5662.38
2548,Kerala,Urban,6,13235,5955,2775,4467,16333,3713,2483,6476,55437,9239.5
2549,Tamil Nadu,Rural,3,3138,1658,920,1627,1495,472,675,1672,11657,3885.67
2550,Bihar,Rural,4,3637,1193,733,1186,3655,764,287,1407,12862,3215.5
2551,Maharashtra,Rural,5,3227,509,817,1093,2525,699,667,281,9818,1963.6
2552,Kerala,Rural,6,5103,1365,1528,2024,438,1510,758,2093,14819,2469.83
2553,Tamil Nadu,Rural,5,7724,2542,2865,1794,1244,1379,1180,1961,20689,4137.8
2554,Maharashtra,Rural,6,4736,2057,867,1223,2552,1243,893,619,14190,2365.0
2555,Delhi,Rural,7,4167,889,1095,1514,3780,1086,516,1245,14292,2041.71
2556,West Bengal,Urban,7,20063,8107,5817,4994,7821,2673,2600,3555,55630,7947.14
2557,Karnataka,Rural,3,6501,3114,1533,2189,1089,2055,497,2757,19735,6578.33
2558,Karnataka,Rural,8,6156,3585,3207,1902,2266,1675,1436,1659,21886,2735.75
2559,Bihar,Rural,7,7192,1416,1049,2515,1959,755,1134,629,16649,2378.43
2560,Delhi,Urban,8,15315,3929,3800,5154,14963,2326,1832,5482,52801,6600.12
2561,Bihar,Rural,6,6903,2175,1136,856,1861,1510,1187,1947,17575,2929.17
2562,Tamil Nadu,Urban,5,13751,3176,4388,5561,16953,1800,2340,4494,52463,10492.6
2563,Uttar Pradesh,Rural,6,2779,810,1088,521,1347,786,603,591,8525,1420.83
2564,Karnataka,Rural,5,6131,3011,1555,2022,1190,753,441,711,15814,3162.8
2565,Kerala,Rural,3,2645,477,444,616,867,396,365,467,6277,2092.33
2566,Karnataka,Urban,4,24009,9384,5932,6622,17370,4242,3879,5553,76991,19247.75
2567,Kerala,Urban,7,14717,8755,6046,7012,17423,2708,1241,3636,61538,8791.14
2568,Tamil Nadu,Rural,2,4776,1546,1844,1313,1903,1551,479,1891,15303,7651.5
2569,Rajasthan,Rural,2,5033,1132,2143,1222,3776,827,962,658,15753,7876.5
2570,Delhi,Rural,2,7999,2059,1332,2249,585,1571,1260,616,17671,8835.5
2571,Uttar Pradesh,Rural,2,2170,807,598,561,2703,754,572,423,8588,4294.0
2572,Uttar Pradesh,Urban,5,21277,8143,6466,6969,7387,4760,4499,4135,63636,12727.2
2573,Tamil Nadu,Urban,8,19169,9567,5543,7027,16453,4592,3241,1724,67316,8414.5
2574,Delhi,Urban,4,17854,3890,3627,5416,10580,3656,3729,4508,53260,13315.0
2575,West Bengal,Urban,6,6723,2508,1178,3030,5138,1836,1630,2420,24463,4077.17
2576,Uttar Pradesh,Rural,2,4863,2231,1076,1575,508,1278,381,1748,13660,6830.0
2577,Kerala,Urban,6,10699,2694,2436,3744,16299,2097,1811,1149,40929,6821.5
2578,Kerala,Rural,7,7553,2335,1384,1738,2080,2128,810,1207,19235,2747.86
2579,Uttar Pradesh,Urban,8,7135,1939,1564,1122,9134,1189,865,721,23669,2958.62
2580,Tamil Nadu,Urban,6,19558,4470,5576,3774,7652,2113,2403,3947,49493,8248.83
2581,Tamil Nadu,Rural,4,4509,1683,1382,589,3773,1082,791,713,14522,3630.5
2582,Rajasthan,Urban,4,11086,7066,1860,3564,10219,1945,2912,6138,44790,11197.5
2583,Uttar Pradesh,Urban,6,22749,8073,6845,4386,3392,2501,1629,8144,57719,9619.83
2584,Gujarat,Rural,7,5199,969,573,1761,3103,1222,668,1688,15183,2169.0
2585,Delhi,Rural,3,2546,834,680,319,1546,364,471,284,7044,2348.0
2586,Gujarat,Urban,2,12400,2644,2871,4743,10823,2020,1822,3662,40985,20492.5
2587,Gujarat,Rural,3,5290,1632,1710,992,3159,683,981,1470,15917,5305.67
2588,Uttar Pradesh,Rural,7,7649,1391,1906,2023,1667,1531,1230,3068,20465,2923.57
2589,Tamil Nadu,Urban,8,8476,2423,1731,4320,9285,2018,821,2054,31128,3891.0
2590,West Bengal,Urban,6,8676,2362,3612,4128,17094,2410,1434,2317,42033,7005.5
2591,Gujarat,Urban,5,10846,3729,2893,3651,7710,1436,626,3251,34142,6828.4
2592,Uttar Pradesh,Urban,8,12261,2784,1657,3174,17256,1243,1192,3629,43196,5399.5
2593,Delhi,Urban,4,18912,8693,3129,5408,14790,4728,2563,2136,60359,15089.75
2594,West Bengal,Urban,3,8668,3946,1214,2537,14090,1948,564,761,33728,11242.67
2595,Delhi,Urban,4,8682,2336,3096,2532,10231,2071,982,975,30905,7726.25
2596,Kerala,Rural,4,5158,1934,2233,2268,3207,690,1001,1699,18190,4547.5
2597,Bihar,Rural,5,7104,1645,1534,1209,1846,648,1199,645,15830,3166.0
2598,Tamil Nadu,Urban,8,16070,2429,3094,4573,17677,1497,2192,1416,48948,6118.5
2599,Tamil Nadu,Rural,6,5472,1057,2001,1618,2294,1230,519,2291,16482,2747.0
2600,Kerala,Rural,4,4280,1755,863,610,1679,613,707,1726,12233,3058.25
2601,Maharashtra,Rural,5,3497,1527,1155,881,1090,891,725,817,10583,2116.6
2602,Rajasthan,Urban,7,4161,817,879,1261,8536,1062,374,1406,18496,2642.29
2603,Karnataka,Rural,6,2683,642,1108,1458,1546,681,778,1430,10326,1721.0
2604,Maharashtra,Urban,7,21097,5521,5082,3930,10951,4363,1853,4878,57675,8239.29
2605,Maharashtra,Urban,4,19868,4474,4842,6709,4109,2518,4008,1958,48486,12121.5
2606,Gujarat,Urban,7,12246,7645,6938,6905,16097,2519,1586,3496,57432,8204.57
2607,Uttar Pradesh,Urban,5,19171,8010,2213,3627,10172,2578,1932,3773,51476,10295.2
2608,Maharashtra,Urban,7,11720,1571,1416,3493,14183,1920,876,1076,36255,5179.29
2609,Delhi,Urban,8,18424,4286,4430,6466,6162,4301,3011,5633,52713,6589.12
2610,Tamil Nadu,Urban,2,19252,4559,6047,5318,10426,3245,1573,6469,56889,28444.5
2611,Uttar Pradesh,Urban,2,19896,9675,7815,8531,12619,3460,2558,1908,66462,33231.0
2612,Uttar Pradesh,Urban,6,24976,7908,3242,3180,13136,3225,2520,7704,65891,10981.83
2613,Delhi,Rural,4,7216,2290,2447,1026,3884,1684,994,1444,20985,5246.25
2614,Uttar Pradesh,Urban,8,13610,2327,4256,4283,14106,3253,960,2479,45274,5659.25
2615,Maharashtra,Urban,5,5238,1871,2663,2549,9085,1574,1445,2303,26728,5345.6
2616,Uttar Pradesh,Urban,2,16101,8294,4014,8309,16081,5646,4298,8153,70896,35448.0
2617,Delhi,Urban,6,19664,3725,6468,7138,7048,2576,1205,4301,52125,8687.5
2618,Karnataka,Rural,3,7843,1377,2115,2094,2380,931,849,2505,20094,6698.0
2619,Kerala,Urban,3,13380,6178,3753,6848,12362,2765,1078,4157,50521,16840.33
2620,Gujarat,Urban,4,17195,6256,4677,6672,6602,2616,1732,2192,47942,11985.5
2621,Karnataka,Rural,3,3646,1227,582,1222,3158,993,998,1372,13198,4399.33
2622,Maharashtra,Rural,2,3654,1376,1288,1427,3471,596,371,1053,13236,6618.0
2623,Maharashtra,Rural,6,2677,622,745,898,2680,700,529,640,9491,1581.83
2624,Gujarat,Rural,8,4729,963,1947,1525,1633,731,1025,1792,14345,1793.12
2625,Gujarat,Urban,8,17191,3245,4144,4096,16597,3961,2209,4141,55584,6948.0
2626,Gujarat,Urban,2,12490,6085,3982,2648,4341,3279,3305,4501,40631,20315.5
2627,Gujarat,Urban,8,15566,2430,2736,6970,4405,4350,1753,3754,41964,5245.5
2628,West Bengal,Rural,6,2876,1476,1609,1565,120,792,666,1112,10216,1702.67
2629,Kerala,Rural,7,3653,761,971,1103,2584,706,627,1118,11523,1646.14
2630,Kerala,Urban,2,19239,3213,7146,7874,14195,3467,1805,1742,58681,29340.5
2631,Bihar,Rural,3,4646,2108,2014,1342,2018,1283,1087,2257,16755,5585.0
2632,West Bengal,Urban,6,16827,4275,4570,3081,8690,3276,3400,6196,50315,8385.83
2633,Rajasthan,Urban,4,15626,5197,5898,2536,6376,2818,1421,2257,42129,10532.25
2634,Delhi,Urban,5,13166,1863,2207,4420,14274,3043,1406,2488,42867,8573.4
2635,Karnataka,Rural,5,4333,1442,657,1406,1316,1213,730,555,11652,2330.4
2636,Gujarat,Rural,3,4523,1695,1060,2477,3601,1292,642,1978,17268,5756.0
2637,Bihar,Urban,6,5377,1764,1299,1447,3377,1672,1436,2393,18765,3127.5
2638,Delhi,Rural,8,2297,996,615,628,3050,431,306,935,9258,1157.25
2639,Uttar Pradesh,Rural,3,3395,571,453,678,515,494,688,693,7487,2495.67
2640,Tamil Nadu,Rural,7,3272,1744,1142,1887,1064,1142,388,1491,12130,1732.86
2641,Delhi,Rural,8,5882,3785,2397,2126,1974,2047,1452,2377,22040,2755.0
2642,Karnataka,Urban,5,11082,6863,4030,5055,6474,2478,2520,2942,41444,8288.8
2643,Tamil Nadu,Rural,4,3739,973,771,814,2722,559,738,1467,11783,2945.75
2644,Gujarat,Rural,2,3017,867,956,925,1417,313,226,331,8052,4026.0
2645,Maharashtra,Rural,4,4126,1030,1973,2177,3503,791,314,1062,14976,3744.0
2646,Rajasthan,Rural,8,4378,2687,1627,2008,696,1067,969,2238,15670,1958.75
2647,Gujarat,Rural,6,8277,1482,2109,1178,3558,1765,1023,2457,21849,3641.5
2648,Bihar,Urban,5,17967,7385,4621,5367,9914,1891,2336,5257,54738,10947.6
2649,Kerala,Rural,3,5882,1274,2355,2686,1917,1848,1188,2640,19790,6596.67
2650,West Bengal,Urban,3,9600,2712,2801,2735,6332,1991,1012,2191,29374,9791.33
2651,Uttar Pradesh,Rural,8,6051,2243,1229,1762,263,820,334,1591,14293,1786.62
2652,Gujarat,Rural,6,4204,2404,1628,1953,3552,1291,565,581,16178,2696.33
2653,Rajasthan,Urban,7,15242,5151,1531,3021,8117,2907,996,4530,41495,5927.86
2654,Delhi,Rural,5,6880,1310,1799,917,1205,1470,860,1688,16129,3225.8
2655,Delhi,Urban,6,16007,5736,4357,4019,10452,1767,1120,4806,48264,8044.0
2656,Karnataka,Urban,7,11056,6668,2269,2658,7965,2092,2401,1738,36847,5263.86
2657,Karnataka,Urban,8,10044,2960,4438,4373,4300,1531,2289,3371,33306,4163.25
2658,Uttar Pradesh,Urban,8,16262,4291,4830,3804,14585,3503,3339,7251,57865,7233.12
2659,Rajasthan,Urban,7,20521,8974,4902,6787,14309,2654,4012,2630,64789,9255.57
2660,Karnataka,Rural,7,5849,2895,2065,1428,1190,1209,931,2088,17655,2522.14
2661,Karnataka,Urban,3,12987,3315,5322,6621,16541,4391,3296,6273,58746,19582.0
2662,Delhi,Urban,4,7848,3325,2654,1893,7365,1995,1776,3318,30174,7543.5
2663,Rajasthan,Rural,7,5188,2332,2140,1628,584,770,1356,2141,16139,2305.57
2664,Uttar Pradesh,Urban,2,13690,5079,4173,3050,10049,3730,1633,4291,45695,22847.5
2665,Gujarat,Urban,8,16294,6801,3641,4978,9306,2817,1872,3597,49306,6163.25
2666,Karnataka,Rural,4,1786,961,851,544,3835,358,470,642,9447,2361.75
2667,Gujarat,Urban,8,14437,5686,2869,5471,6113,2333,2422,4959,44290,5536.25
2668,Uttar Pradesh,Rural,7,6014,3186,1458,1096,1540,955,1328,1260,16837,2405.29
2669,Maharashtra,Urban,8,11265,5897,2561,2327,3096,2109,2049,3872,33176,4147.0
2670,Delhi,Rural,5,6840,2322,2993,1849,2099,1483,1600,2720,21906,4381.2
2671,Karnataka,Urban,5,20756,8630,6004,4723,3533,1948,2967,3681,52242,10448.4
2672,West Bengal,Rural,2,3569,1998,1192,1701,3654,1128,288,900,14430,7215.0
2673,Uttar Pradesh,Rural,6,5659,827,1736,1357,3234,552,460,729,14554,2425.67
2674,Rajasthan,Urban,5,7864,4175,1191,1594,3596,1898,1473,3131,24922,4984.4
2675,Bihar,Urban,7,9455,4409,3115,3646,5612,1602,1683,2908,32430,4632.86
2676,Maharashtra,Urban,4,7134,3714,1274,3407,5922,2208,1483,930,26072,6518.0
2677,Maharashtra,Rural,6,5678,2437,1416,1458,832,1505,855,946,15127,2521.17
2678,Tamil Nadu,Rural,2,2929,1061,585,987,631,504,507,380,7584,3792.0
2679,West Bengal,Urban,2,19664,5504,5264,6021,14094,2022,1354,2913,56836,28418.0
2680,Maharashtra,Rural,7,2534,375,523,445,1173,549,478,258,6335,905.0
2681,Kerala,Rural,6,4883,1235,1006,1173,3600,1024,659,1447,15027,2504.5
2682,Maharashtra,Urban,2,10990,1602,4363,2416,8506,2003,1108,3511,34499,17249.5
2683,Bihar,Urban,8,9656,2615,2543,1931,16310,902,1452,2985,38394,4799.25
2684,Rajasthan,Rural,5,2880,399,517,442,3528,667,545,400,9378,1875.6
2685,West Bengal,Rural,5,5887,1053,1746,2865,529,1928,566,1116,15690,3138.0
2686,Karnataka,Urban,2,12192,4387,1748,3379,6389,3439,874,3190,35598,17799.0
2687,West Bengal,Rural,3,4826,2581,1403,1576,896,1384,1090,1392,15148,5049.33
2688,Kerala,Rural,7,5684,2024,1572,1960,1656,1252,1120,1941,17209,2458.43
2689,West Bengal,Rural,4,5079,1931,707,1358,1426,879,520,1550,13450,3362.5
2690,Maharashtra,Rural,3,2547,640,824,797,1625,496,556,342,7827,2609.0
2691,Bihar,Urban,7,11302,4094,1440,3747,8496,3264,1153,4925,38421,5488.71
2692,Rajasthan,Urban,4,4651,2929,1472,1026,6320,867,592,1497,19354,4838.5
2693,West Bengal,Rural,8,7037,1805,1850,2818,3527,1389,1386,1351,21163,2645.38
2694,Rajasthan,Urban,8,16881,6702,3819,5919,6350,3205,2097,2195,47168,5896.0
2695,Kerala,Rural,3,4306,2800,1816,967,1059,1434,631,1630,14643,4881.0
2696,Gujarat,Rural,5,4901,1105,923,1200,2236,662,547,1524,13098,2619.6
2697,Rajasthan,Urban,7,21839,8692,4462,2762,17796,4283,3515,1686,65035,9290.71
2698,Delhi,Rural,6,2448,646,700,622,750,336,345,724,6571,1095.17
2699,Uttar Pradesh,Urban,5,14717,4310,4738,1985,15138,1990,921,4283,48082,9616.4
2700,Uttar Pradesh,Rural,3,3932,1629,1721,1695,3681,827,359,1696,15540,5180.0
2701,Kerala,Rural,5,6709,2615,2496,1162,2888,971,953,2147,19941,3988.2
2702,Karnataka,Rural,8,7620,1531,2760,1903,3226,1072,697,606,19415,2426.88
2703,Karnataka,Urban,6,10006,4132,2218,2542,7051,1681,1061,2423,31114,5185.67
2704,Bihar,Rural,2,4908,1372,2412,1214,3575,1081,908,2751,18221,9110.5
2705,Bihar,Urban,5,9882,1353,1273,2090,4337,1112,1984,2494,24525,4905.0
2706,Gujarat,Urban,4,16825,4077,1945,2463,17015,1649,828,5862,50664,12666.0
2707,Delhi,Rural,3,2458,1284,1090,506,2792,814,510,519,9973,3324.33
2708,Uttar Pradesh,Rural,2,4971,2648,2127,1599,1370,972,1096,863,15646,7823.0
2709,Tamil Nadu,Rural,6,5423,1297,1808,1799,1767,1130,642,2059,15925,2654.17
2710,Gujarat,Rural,7,4784,1577,2546,1231,2817,1393,583,2425,17356,2479.43
2711,Karnataka,Rural,2,2782,695,404,763,3625,364,333,947,9913,4956.5
2712,West Bengal,Urban,4,7481,2468,2002,1388,6287,951,1748,1328,23653,5913.25
2713,Tamil Nadu,Rural,3,5410,2313,2396,2387,731,1706,945,1018,16906,5635.33
2714,Gujarat,Urban,7,7311,4010,1301,1993,17563,1415,1634,1933,37160,5308.57
2715,Delhi,Urban,5,8872,3333,4531,4026,7224,3343,2274,2845,36448,7289.6
2716,Delhi,Urban,2,24234,4435,2973,3927,8401,2804,1422,7028,55224,27612.0
2717,Tamil Nadu,Rural,6,4106,908,888,936,173,885,474,1164,9534,1589.0
2718,Bihar,Urban,3,17530,7435,5808,4935,9091,2076,1220,1488,49583,16527.67
2719,Karnataka,Rural,6,2677,531,378,744,888,380,217,641,6456,1076.0
2720,Tamil Nadu,Rural,8,2757,511,909,707,1023,356,635,814,7712,964.0
2721,Maharashtra,Urban,6,8664,4576,3872,1633,8353,2437,700,2986,33221,5536.83
2722,Uttar Pradesh,Rural,4,7535,3725,2766,1915,1475,1614,567,1601,21198,5299.5
2723,Rajasthan,Rural,6,2888,1563,709,1336,3019,776,428,353,11072,1845.33
2724,Tamil Nadu,Urban,2,18347,7169,4879,6116,4346,3123,3757,6105,53842,26921.0
2725,Delhi,Urban,6,6290,3339,3202,3097,3810,1879,674,978,23269,3878.17
2726,Gujarat,Rural,6,3716,1857,1284,662,3048,904,851,786,13108,2184.67
2727,Delhi,Rural,7,3390,846,1036,837,3513,559,555,656,11392,1627.43
2728,Delhi,Urban,7,12644,5403,2094,3575,8681,2136,1391,1386,37310,5330.0
2729,Rajasthan,Urban,6,16434,5227,5174,4577,10084,2291,1240,1551,46578,7763.0
2730,Maharashtra,Urban,4,15680,7477,5932,6550,16411,4823,4431,7334,68638,17159.5
2731,Karnataka,Urban,3,17758,2628,5556,5406,13939,2923,1604,3274,53088,17696.0
2732,Maharashtra,Rural,8,5030,1477,2338,1514,309,1870,944,1735,15217,1902.12
2733,Delhi,Urban,7,6569,2963,1303,1713,7568,932,1015,1241,23304,3329.14
2734,Tamil Nadu,Urban,5,9057,1503,2690,3775,5994,2474,1763,1566,28822,5764.4
2735,West Bengal,Urban,2,6364,1297,2335,2264,7067,1513,1223,999,23062,11531.0
2736,Kerala,Urban,5,10199,5267,5461,2020,7643,1695,1019,3035,36339,7267.8
2737,Rajasthan,Urban,4,23891,6118,3915,2905,6856,5251,2965,8367,60268,15067.0
2738,Tamil Nadu,Urban,3,16998,7260,4742,5927,5728,4552,4338,3128,52673,17557.67
2739,Maharashtra,Urban,4,13810,5570,3701,3830,14454,3238,1463,1541,47607,11901.75
2740,Kerala,Rural,7,5206,994,1774,1643,3048,763,392,808,14628,2089.71
2741,Bihar,Rural,3,3573,518,583,503,3970,457,580,857,11041,3680.33
2742,Delhi,Urban,5,15879,8477,4136,3511,13442,3791,2220,2919,54375,10875.0
2743,Kerala,Urban,2,10065,5547,2427,2718,7068,2958,889,1378,33050,16525.0
2744,Karnataka,Urban,2,11491,4153,3946,2532,17828,2088,2079,4220,48337,24168.5
2745,Rajasthan,Rural,7,2549,1574,1326,1248,899,568,584,680,9428,1346.86
2746,West Bengal,Urban,4,10612,4472,2849,4158,4324,2641,2697,1508,33261,8315.25
2747,Tamil Nadu,Urban,4,22204,3258,4207,7642,6202,4156,1291,3725,52685,13171.25
2748,Bihar,Rural,5,5136,2460,2059,1562,1071,871,1499,1836,16494,3298.8
2749,Kerala,Urban,6,15186,4285,3345,3454,3456,2276,1004,2483,35489,5914.83
2750,Delhi,Rural,2,7049,1751,1328,1772,3159,1112,1058,1041,18270,9135.0
2751,Delhi,Urban,8,9597,5593,3546,3990,6446,1951,1573,4291,36987,4623.38
2752,Tamil Nadu,Urban,5,16378,8884,3311,5046,7230,4562,3137,4291,52839,10567.8
2753,Maharashtra,Rural,5,3582,1727,496,1291,1302,789,470,1131,10788,2157.6
2754,Rajasthan,Rural,3,7896,2253,1668,1068,1710,1235,1423,1527,18780,6260.0
2755,Uttar Pradesh,Urban,3,13645,6750,4643,5751,11810,3786,3532,6247,56164,18721.33
2756,Uttar Pradesh,Rural,4,8857,1157,1151,1865,2220,1558,415,2359,19582,4895.5
2757,Rajasthan,Rural,5,6083,1221,893,1357,1205,1419,950,1506,14634,2926.8
2758,Rajasthan,Rural,6,2491,1539,979,1107,3582,627,604,925,11854,1975.67
2759,Uttar Pradesh,Rural,5,3790,838,1628,1643,95,1119,1023,981,11117,2223.4
2760,Karnataka,Urban,7,25302,5023,6445,6478,10937,2874,3061,2291,62411,8915.86
2761,Maharashtra,Urban,6,16184,2772,2970,2393,10108,4080,3247,7055,48809,8134.83
2762,Kerala,Rural,4,4382,2012,2323,1834,1369,1332,380,2321,15953,3988.25
2763,Uttar Pradesh,Rural,2,4600,1388,479,1542,1030,428,669,1433,11569,5784.5
2764,Delhi,Rural,4,8026,3397,2572,1795,1072,1857,1621,1190,21530,5382.5
2765,West Bengal,Rural,2,6097,3595,3247,1206,2636,1517,865,1681,20844,10422.0
2766,West Bengal,Rural,6,7505,1582,1689,2228,1368,1058,813,1904,18147,3024.5
2767,Delhi,Rural,3,7220,900,1449,1843,284,657,905,596,13854,4618.0
2768,Uttar Pradesh,Urban,5,14692,6608,6490,6180,14191,2424,2566,1599,54750,10950.0
2769,Kerala,Rural,6,6498,1941,1323,1124,3579,1070,1047,2063,18645,3107.5
2770,Karnataka,Urban,4,9706,1396,2986,2378,6689,1307,1296,3285,29043,7260.75
2771,Rajasthan,Urban,3,13937,4561,3247,7454,12971,3314,3725,6577,55786,18595.33
2772,Tamil Nadu,Rural,4,7042,1145,923,2338,3368,1138,502,1429,17885,4471.25
2773,Delhi,Urban,6,20316,5376,7464,7679,12756,2428,2482,1876,60377,10062.83
2774,Bihar,Urban,6,16036,7786,4792,4112,8447,2964,1976,6217,52330,8721.67
2775,Karnataka,Rural,7,2066,1227,539,1082,3831,590,421,385,10141,1448.71
2776,Tamil Nadu,Urban,8,20484,6640,6393,3459,6074,3090,2855,6592,55587,6948.38
2777,Delhi,Urban,4,13047,2046,4153,2990,6810,2299,2126,2315,35786,8946.5
2778,Tamil Nadu,Rural,8,4632,1369,644,1369,979,1280,437,674,11384,1423.0
2779,Karnataka,Urban,2,9133,3095,2402,1903,12907,1189,1089,2832,34550,17275.0
2780,Kerala,Rural,2,4473,2779,1204,1496,1724,1542,473,1486,15177,7588.5
2781,Maharashtra,Rural,3,4190,1818,1355,1196,3772,1063,399,1537,15330,5110.0
2782,Karnataka,Rural,4,2745,828,1105,1111,2444,826,291,678,10028,2507.0
2783,Tamil Nadu,Rural,3,6131,1555,1597,2237,1554,1159,565,1297,16095,5365.0
2784,West Bengal,Rural,6,6685,2174,1446,2980,399,1715,1226,2642,19267,3211.17
2785,Bihar,Rural,7,2797,448,566,693,3913,619,382,822,10240,1462.86
2786,Kerala,Rural,5,4271,933,1174,802,2867,1045,687,486,12265,2453.0
2787,Uttar Pradesh,Urban,7,10539,5376,3297,5725,12051,1711,908,5853,45460,6494.29
2788,Bihar,Urban,4,18151,5135,2719,2184,11944,4284,3308,2727,50452,12613.0
2789,Uttar Pradesh,Urban,6,8907,2499,1906,1118,8660,1619,600,2661,27970,4661.67
2790,Uttar Pradesh,Urban,4,11014,5955,1633,3625,16269,1568,1614,2111,43789,10947.25
2791,Rajasthan,Rural,5,6992,1281,2231,2339,3471,1419,559,1077,19369,3873.8
2792,Maharashtra,Urban,3,5367,1397,1084,1576,3457,899,1083,834,15697,5232.33
2793,Uttar Pradesh,Rural,7,2740,1204,1469,1288,2231,809,229,758,10728,1532.57
2794,Tamil Nadu,Rural,6,1847,795,876,706,3985,487,482,294,9472,1578.67
2795,Bihar,Urban,3,11531,4529,3464,3304,16002,2601,1681,5580,48692,16230.67
2796,Karnataka,Urban,6,11459,2816,3342,1920,13780,2428,684,1710,38139,6356.5
2797,Gujarat,Urban,3,12272,5789,2198,1873,12657,2655,2159,2145,41748,13916.0
2798,Rajasthan,Rural,5,8508,2045,1996,1057,3450,886,1135,2755,21832,4366.4
2799,Maharashtra,Rural,4,3044,537,1082,935,2497,664,611,1149,10519,2629.75
2800,Gujarat,Rural,2,5563,2512,1649,1644,881,1106,861,991,15207,7603.5
2801,Bihar,Rural,2,7062,2738,1711,2478,1844,1201,539,1289,18862,9431.0
2802,West Bengal,Urban,2,13777,5467,4615,5067,11728,4040,2810,2748,50252,25126.0
2803,Tamil Nadu,Rural,4,4258,1825,1880,987,3987,974,702,1813,16426,4106.5
2804,West Bengal,Rural,5,4475,2454,643,1625,2919,1120,906,927,15069,3013.8
2805,Maharashtra,Rural,8,2964,1208,1103,734,398,845,676,309,8237,1029.62
2806,Maharashtra,Rural,5,4794,1012,1043,600,1017,1030,726,674,10896,2179.2
2807,Tamil Nadu,Urban,8,14943,6210,6326,4342,11761,2502,3691,3191,52966,6620.75
2808,Gujarat,Rural,5,4532,1310,1226,1301,3844,1067,708,736,14724,2944.8
2809,Maharashtra,Rural,5,2978,1255,627,1604,1967,607,554,552,10144,2028.8
2810,Uttar Pradesh,Rural,7,3689,1330,911,1069,1215,903,384,1614,11115,1587.86
2811,Gujarat,Urban,5,15816,3186,2492,2478,7402,2699,1888,5398,41359,8271.8
2812,Karnataka,Urban,2,13490,3337,5117,4197,10470,2860,2278,5078,46827,23413.5
2813,Bihar,Rural,5,6211,803,1623,1424,1242,717,941,1156,14117,2823.4
2814,West Bengal,Rural,6,2747,1243,830,724,120,569,648,643,7524,1254.0
2815,Rajasthan,Rural,8,7645,1473,2767,1545,1877,1616,585,3139,20647,2580.88
2816,Tamil Nadu,Urban,6,6664,1771,1595,1743,8744,1604,764,3117,26002,4333.67
2817,Maharashtra,Rural,2,3068,401,1109,732,402,552,614,700,7578,3789.0
2818,Karnataka,Urban,2,18444,5667,4779,8821,10238,3676,1581,7359,60565,30282.5
2819,Karnataka,Rural,5,5400,1965,1637,1645,1043,733,700,457,13580,2716.0
2820,Rajasthan,Rural,3,3378,856,884,642,2301,1022,800,889,10772,3590.67
2821,Uttar Pradesh,Urban,7,14126,4640,4365,4798,5695,2425,1588,2487,40124,5732.0
2822,Kerala,Rural,6,2657,1063,682,821,3588,621,356,870,10658,1776.33
2823,Karnataka,Rural,4,2390,946,675,644,2604,616,232,305,8412,2103.0
2824,Maharashtra,Rural,8,7730,1851,2390,1341,1319,1052,421,1090,17194,2149.25
2825,Rajasthan,Urban,2,9265,2588,1106,2460,15942,1077,1790,2950,37178,18589.0
2826,Gujarat,Rural,4,4958,1040,825,1222,3693,1173,900,875,14686,3671.5
2827,Delhi,Rural,4,4589,935,857,770,1381,776,778,1029,11115,2778.75
2828,Delhi,Rural,7,3876,1688,1633,1025,1533,995,453,1425,12628,1804.0
2829,Rajasthan,Urban,7,11472,2623,3442,3449,16758,3130,908,4519,46301,6614.43
2830,Kerala,Urban,7,16574,7996,4596,5551,10236,4777,1378,5664,56772,8110.29
2831,Karnataka,Urban,2,10718,4175,1717,1900,8356,1732,1994,3247,33839,16919.5
2832,West Bengal,Rural,7,3489,692,1022,581,3177,648,490,1021,11120,1588.57
2833,Kerala,Rural,3,4134,1108,593,1098,2665,685,641,481,11405,3801.67
2834,Bihar,Urban,2,5418,2975,1209,2720,14239,787,1433,1917,30698,15349.0
2835,Kerala,Urban,8,6737,1923,1040,3283,15652,1535,1379,2564,34113,4264.12
2836,Tamil Nadu,Urban,7,21820,8216,3364,3393,16246,2476,2362,4995,62872,8981.71
2837,Gujarat,Urban,2,17575,5303,5350,5928,12291,2594,2413,4116,55570,27785.0
2838,Uttar Pradesh,Rural,7,3458,1431,755,1574,491,971,473,1883,11036,1576.57
2839,Bihar,Urban,3,17989,8919,6773,7246,15903,3180,2697,6670,69377,23125.67
2840,Tamil Nadu,Urban,2,8676,1164,1634,1377,7263,1079,820,853,22866,11433.0
2841,Tamil Nadu,Urban,5,14099,7170,6557,4070,17577,2835,1725,3860,57893,11578.6
2842,Rajasthan,Rural,5,6669,1825,1251,1584,105,1140,1044,2463,16081,3216.2
2843,Karnataka,Rural,6,5253,1418,1426,2034,1768,923,614,2656,16092,2682.0
2844,Tamil Nadu,Rural,7,2792,878,838,931,3814,491,349,640,10733,1533.29
2845,Maharashtra,Urban,2,12414,4135,3791,2333,4732,2986,1811,5701,37903,18951.5
2846,Gujarat,Urban,8,17314,2970,3931,5011,15880,3243,3482,5502,57333,7166.62
2847,West Bengal,Urban,8,17203,3929,5674,2453,11694,2209,1156,3327,47645,5955.62
2848,Tamil Nadu,Urban,7,7561,1172,2322,1378,14575,1055,1038,2565,31666,4523.71
2849,West Bengal,Urban,8,19375,2690,4644,2581,10023,2160,2460,3640,47573,5946.62
2850,Delhi,Rural,5,6947,2114,1525,1558,1766,1371,833,693,16807,3361.4
2851,Delhi,Rural,8,2698,811,1335,887,740,913,412,1364,9160,1145.0
2852,Delhi,Rural,8,4961,1894,695,1032,1522,1034,627,1511,13276,1659.5
2853,Gujarat,Rural,7,4762,1037,2438,1664,2670,748,670,1231,15220,2174.29
2854,Gujarat,Rural,4,5422,979,1370,705,1144,563,258,1228,11669,2917.25
2855,Rajasthan,Rural,7,5796,2051,1143,1679,2704,843,320,1501,16037,2291.0
2856,Tamil Nadu,Urban,8,13276,5856,2869,3946,13493,4062,2859,2157,48518,6064.75
2857,Uttar Pradesh,Rural,4,2238,946,532,870,2560,438,237,242,8063,2015.75
2858,Tamil Nadu,Urban,8,8328,3384,1004,2157,3204,1567,594,1870,22108,2763.5
2859,Kerala,Rural,8,4188,1437,1867,1954,2099,1120,572,1731,14968,1871.0
2860,Gujarat,Rural,3,3124,757,618,835,2392,610,344,395,9075,3025.0
2861,Rajasthan,Rural,4,3723,610,1452,1120,3381,980,399,1449,13114,3278.5
2862,Maharashtra,Rural,4,5282,936,1483,1274,265,926,895,763,11824,2956.0
2863,Delhi,Urban,6,12548,3866,3028,4971,15919,2344,731,3508,46915,7819.17
2864,Karnataka,Urban,7,14722,7852,2614,7381,12286,2385,1582,3530,52352,7478.86
2865,Tamil Nadu,Rural,2,4956,2058,1934,771,2625,792,804,923,14863,7431.5
2866,Kerala,Urban,7,8787,3645,2705,1095,7769,1629,1024,2935,29589,4227.0
2867,Bihar,Urban,3,17137,7604,6302,5450,11052,1916,3232,4868,57561,19187.0
2868,Delhi,Rural,3,2181,1241,553,439,226,535,410,421,6006,2002.0
2869,Bihar,Urban,6,15845,7264,3336,4137,11112,3781,1549,3020,50044,8340.67
2870,Delhi,Rural,5,5596,3211,1933,2187,3838,1583,1255,2859,22462,4492.4
2871,Gujarat,Rural,6,2849,375,888,381,3416,564,200,487,9160,1526.67
2872,Kerala,Rural,6,5032,1137,1570,733,2216,912,349,833,12782,2130.33
2873,Bihar,Urban,3,8960,5082,2343,3357,15664,1875,2399,4996,44676,14892.0
2874,Bihar,Urban,5,9383,2579,2200,1602,4887,1582,931,2521,25685,5137.0
2875,Bihar,Rural,5,2076,918,679,902,3505,363,149,346,8938,1787.6
2876,Uttar Pradesh,Rural,6,6604,2687,2389,1750,3718,1337,1272,1408,21165,3527.5
2877,Rajasthan,Urban,4,16154,6535,6318,5805,7852,4312,2091,6315,55382,13845.5
2878,Rajasthan,Rural,4,4294,1803,665,1307,350,1007,419,884,10729,2682.25
2879,Delhi,Rural,7,2927,366,596,789,792,292,232,489,6483,926.14
2880,Karnataka,Rural,6,5500,2289,633,1715,1521,1017,976,1276,14927,2487.83
2881,Kerala,Rural,5,3121,538,484,1493,3636,622,738,1487,12119,2423.8
2882,West Bengal,Urban,4,14506,3284,5199,4656,13188,2164,2858,4597,50452,12613.0
2883,Bihar,Urban,8,19465,2643,6393,5982,9863,1852,1701,1621,49520,6190.0
2884,West Bengal,Rural,5,3663,998,573,763,2505,400,641,681,10224,2044.8
2885,Kerala,Rural,5,3226,1447,419,833,391,825,297,992,8430,1686.0
2886,Uttar Pradesh,Urban,5,7499,2444,2974,1680,10491,1777,1856,2385,31106,6221.2
2887,Gujarat,Urban,2,14930,1828,1723,3069,8909,3554,1333,1737,37083,18541.5
2888,West Bengal,Rural,5,3187,626,524,464,3688,593,284,916,10282,2056.4
2889,Gujarat,Rural,7,6455,2244,2694,2500,2784,1860,1029,3002,22568,3224.0
2890,Delhi,Rural,6,5550,1304,1402,1650,120,1117,261,1324,12728,2121.33
2891,Maharashtra,Rural,4,2666,588,340,941,826,440,317,659,6777,1694.25
2892,Gujarat,Rural,3,7259,1279,1842,2072,3820,956,1376,1643,20247,6749.0
2893,Gujarat,Rural,7,4215,769,849,1293,3748,684,469,1795,13822,1974.57
2894,Karnataka,Rural,7,7726,2159,1674,2223,1313,963,1229,1487,18774,2682.0
2895,Rajasthan,Rural,2,4772,1993,883,883,125,592,773,614,10635,5317.5
2896,West Bengal,Urban,5,14530,5427,4457,3875,8887,1326,1513,3515,43530,8706.0
2897,Tamil Nadu,Urban,2,19593,2801,4272,3862,15093,3196,3022,2012,53851,26925.5
2898,Rajasthan,Rural,6,4126,2583,1324,996,3851,1193,1242,1532,16847,2807.83
2899,Bihar,Urban,8,17827,5405,6277,5572,11206,3529,1015,1846,52677,6584.62
2900,Bihar,Urban,4,22845,4853,7056,4227,10344,2398,2917,4308,58948,14737.0
2901,Bihar,Rural,8,5192,1855,1487,1067,667,1085,611,1445,13409,1676.12
2902,West Bengal,Urban,4,18240,4966,5358,4495,17760,4072,1761,1539,58191,14547.75
2903,Uttar Pradesh,Urban,3,13344,4941,6968,5166,11304,2926,1948,2265,48862,16287.33
2904,West Bengal,Urban,7,14094,6901,6128,2842,4296,4525,3468,4311,46565,6652.14
2905,Kerala,Rural,7,5352,3069,2452,2473,2949,821,584,1425,19125,2732.14
2906,Karnataka,Rural,6,7886,2676,751,2594,1164,1540,515,697,17823,2970.5
2907,Uttar Pradesh,Rural,3,1900,672,394,342,851,442,254,592,5447,1815.67
2908,Kerala,Rural,3,2969,1230,900,862,2136,530,334,651,9612,3204.0
2909,Tamil Nadu,Rural,6,6023,1566,632,736,3026,963,735,551,14232,2372.0
2910,West Bengal,Rural,6,4377,1626,986,1407,2425,1177,702,847,13547,2257.83
2911,West Bengal,Urban,7,17235,2987,3938,2311,13225,3461,1013,1746,45916,6559.43
2912,Maharashtra,Rural,3,5211,2709,673,1690,3953,1310,1016,1795,18357,6119.0
2913,Delhi,Rural,3,7168,1097,728,2317,3769,1458,788,2518,19843,6614.33
2914,Rajasthan,Urban,7,18920,8093,6207,7165,12435,4768,1595,3171,62354,8907.71
2915,Kerala,Rural,6,2508,901,940,583,35,309,351,1003,6630,1105.0
2916,Gujarat,Rural,7,5643,1754,1693,1597,2053,1061,855,1172,15828,2261.14
2917,Bihar,Urban,4,8642,2829,3244,4911,3834,2909,1405,3860,31634,7908.5
2918,Maharashtra,Rural,2,7192,1805,2788,2587,3274,1642,1103,2918,23309,11654.5
2919,Karnataka,Urban,7,6970,2172,1901,1445,11592,721,599,1704,27104,3872.0
2920,Maharashtra,Urban,7,8306,1543,1191,1454,8175,1838,1084,1612,25203,3600.43
2921,Tamil Nadu,Urban,5,12244,5929,2259,6101,11845,1912,3227,5476,48993,9798.6
2922,Kerala,Rural,4,3453,1002,810,981,2648,902,262,918,10976,2744.0
2923,Bihar,Urban,5,5305,1549,2000,905,16259,1544,713,1070,29345,5869.0
2924,Uttar Pradesh,Rural,3,2281,1324,691,798,2747,445,462,1073,9821,3273.67
2925,Rajasthan,Urban,3,8690,4416,4404,4797,7018,2840,1055,4863,38083,12694.33
2926,Kerala,Rural,8,5422,1509,1804,955,972,1076,900,727,13365,1670.62
2927,Maharashtra,Rural,2,3370,1042,539,775,1249,724,579,497,8775,4387.5
2928,Kerala,Rural,5,7861,1730,1063,2687,181,1527,1481,2396,18926,3785.2
2929,Bihar,Urban,4,6640,1363,2326,1835,10569,961,1031,2572,27297,6824.25
2930,Kerala,Rural,7,3687,1428,548,1120,1660,780,635,653,10511,1501.57
2931,Karnataka,Urban,4,15973,7239,2641,5028,11217,1941,1331,3858,49228,12307.0
2932,Maharashtra,Rural,8,5570,2694,1578,1613,2325,1326,1030,921,17057,2132.12
2933,Gujarat,Urban,2,7116,3703,1497,1346,8612,1919,855,1259,26307,13153.5
2934,Gujarat,Urban,4,5394,2954,1798,1092,3732,1586,1388,935,18879,4719.75
2935,Uttar Pradesh,Urban,2,22723,3092,3451,5617,16280,5554,2344,6101,65162,32581.0
2936,Kerala,Urban,5,23466,10005,3350,4546,5988,5954,1753,6953,62015,12403.0
2937,Kerala,Rural,4,3203,1516,1050,988,3305,646,857,1014,12579,3144.75
2938,Tamil Nadu,Rural,7,2763,399,833,522,1918,554,446,391,7826,1118.0
2939,Maharashtra,Urban,5,10507,2165,3855,1913,12543,2362,1790,4491,39626,7925.2
2940,Kerala,Rural,4,3050,1064,607,888,434,750,438,324,7555,1888.75
2941,West Bengal,Rural,4,1674,682,730,345,2216,534,486,195,6862,1715.5
2942,Delhi,Urban,6,8448,1899,1515,1050,9428,1178,693,1492,25703,4283.83
2943,Tamil Nadu,Rural,2,7020,1466,1065,938,2606,1423,851,736,16105,8052.5
2944,Kerala,Urban,6,6468,1877,793,2306,5836,1497,803,2372,21952,3658.67
2945,Delhi,Rural,5,6553,1214,1968,1187,1258,996,1409,2871,17456,3491.2
2946,Uttar Pradesh,Urban,5,17256,3268,3781,4589,12562,2730,1355,5246,50787,10157.4
2947,Uttar Pradesh,Urban,4,16302,5023,5117,3858,8816,2763,2211,2892,46982,11745.5
2948,Uttar Pradesh,Rural,2,6316,912,2526,1430,1143,1008,1259,1152,15746,7873.0
2949,Gujarat,Urban,6,16495,6894,3517,7959,16245,3069,4386,4433,62998,10499.67
2950,Karnataka,Rural,8,7761,2598,2313,2662,2128,1943,745,1119,21269,2658.62
2951,Rajasthan,Rural,5,6012,1289,1150,2388,3369,1043,878,902,17031,3406.2
2952,Kerala,Urban,8,9669,3328,1805,2562,13219,1517,539,2622,35261,4407.62
2953,Delhi,Urban,6,16516,8312,3053,7304,4233,4397,3617,7024,54456,9076.0
2954,Maharashtra,Rural,2,4654,2263,1078,716,3806,1133,718,1689,16057,8028.5
2955,Uttar Pradesh,Rural,8,6910,1031,2129,944,1988,666,547,1122,15337,1917.12
2956,Bihar,Rural,6,5660,1909,1519,2288,3715,1107,975,670,17843,2973.83
2957,Bihar,Rural,4,4606,1942,1688,777,2499,1142,393,1250,14297,3574.25
2958,Delhi,Urban,5,9583,1977,3622,2866,15094,1280,1606,1256,37284,7456.8
2959,Rajasthan,Urban,4,11280,4152,2014,3247,6155,3312,3294,2510,35964,8991.0
2960,West Bengal,Rural,4,6923,2683,1045,2339,84,1526,592,2007,17199,4299.75
2961,Uttar Pradesh,Urban,6,8223,1759,2565,2606,3055,1279,1307,3655,24449,4074.83
2962,Bihar,Urban,2,16969,3140,4659,3165,8199,4000,3627,3407,47166,23583.0
2963,Tamil Nadu,Rural,6,7227,1942,1807,2093,214,1217,772,2436,17708,2951.33
2964,Kerala,Rural,4,3920,1671,984,1804,438,819,453,1257,11346,2836.5
2965,Maharashtra,Urban,8,6488,3119,1855,1170,8139,1051,1233,2706,25761,3220.12
2966,Maharashtra,Urban,8,20704,3966,6911,6177,12775,3540,3836,2493,60402,7550.25
2967,Karnataka,Urban,7,10372,2760,3598,2166,13632,1505,1015,3274,38322,5474.57
2968,Rajasthan,Urban,2,21167,3903,7970,7862,12237,5349,3663,5058,67209,33604.5
2969,Maharashtra,Rural,3,4934,2542,1980,1428,2520,1535,1423,1233,17595,5865.0
2970,Gujarat,Urban,6,14606,5213,5414,3537,10190,4447,2744,3358,49509,8251.5
2971,Karnataka,Rural,4,5506,1439,1928,2145,2775,1376,516,1246,16931,4232.75
2972,West Bengal,Urban,7,13202,2447,2906,1810,13829,2707,2462,3753,43116,6159.43
2973,Tamil Nadu,Urban,7,8531,2715,1445,2990,11248,1950,1095,2637,32611,4658.71
2974,Tamil Nadu,Rural,5,4115,870,1854,1984,609,1470,712,1243,12857,2571.4
2975,Kerala,Rural,5,6317,2951,1954,1183,2906,973,1406,2964,20654,4130.8
2976,Maharashtra,Rural,2,5291,976,2047,1208,328,609,543,1003,12005,6002.5
2977,Delhi,Rural,6,7947,1284,2003,2164,2857,895,475,860,18485,3080.83
2978,Kerala,Rural,3,6963,2498,941,2836,1207,1046,867,804,17162,5720.67
2979,West Bengal,Urban,3,9057,2286,3183,2106,10228,2085,1314,1711,31970,10656.67
2980,Tamil Nadu,Rural,8,7601,1376,2087,2255,3051,1686,1356,938,20350,2543.75
2981,West Bengal,Urban,8,20664,3992,6920,4779,15117,2749,2727,6932,63880,7985.0
2982,Kerala,Rural,4,1696,366,313,540,881,369,164,832,5161,1290.25
2983,Uttar Pradesh,Urban,7,8934,4493,2435,2910,11111,2674,768,3329,36654,5236.29
2984,Gujarat,Rural,8,5500,825,653,900,3992,673,623,673,13839,1729.88
2985,Maharashtra,Rural,4,4382,2106,877,2064,2158,1463,874,796,14720,3680.0
2986,West Bengal,Rural,2,3099,1530,654,1266,984,389,225,1025,9172,4586.0
2987,Gujarat,Urban,7,11793,3222,4509,4479,17842,3625,2365,4225,52060,7437.14
2988,West Bengal,Urban,3,8117,3832,1706,3697,7690,1887,995,3223,31147,10382.33
2989,West Bengal,Rural,5,6846,1156,1231,1813,507,1626,555,759,14493,2898.6
2990,Uttar Pradesh,Urban,5,17810,9534,5973,8023,6640,3696,4501,4185,60362,12072.4
2991,Gujarat,Urban,3,23375,10359,5338,3799,15919,4780,4629,6780,74979,24993.0
2992,Delhi,Rural,7,2808,1759,932,506,778,963,493,1290,9529,1361.29
2993,Maharashtra,Rural,5,2573,1596,659,895,3861,624,740,906,11854,2370.8
2994,Uttar Pradesh,Urban,6,3831,2100,1473,2072,13794,1053,501,1907,26731,4455.17
2995,Rajasthan,Rural,7,2257,908,362,426,2747,555,261,247,7763,1109.0
2996,Bihar,Rural,4,9364,2078,1301,2160,109,1415,1429,2931,20787,5196.75
2997,Rajasthan,Urban,3,10502,3818,1085,3702,14544,1592,585,2074,37902,12634.0
2998,Delhi,Rural,5,2460,621,435,643,1728,294,317,267,6765,1353.0
2999,Bihar,Rural,4,3293,849,1261,1253,109,506,367,1536,9174,2293.5
3000,Uttar Pradesh,Urban,2,6617,2424,1339,1067,13808,1141,651,1223,28270,14135.0
3001,Kerala,Rural,6,3414,511,525,1270,2139,669,278,832,9638,1606.33
3002,Kerala,Urban,5,15056,2616,6852,6047,3721,2580,2079,6233,45184,9036.8
3003,West Bengal,Rural,3,4785,1929,1334,755,2544,1287,388,1241,14263,4754.33
3004,Gujarat,Urban,7,20689,8872,6920,4719,13176,2726,1989,5165,64256,9179.43
3005,Maharashtra,Rural,5,3048,385,722,915,118,388,365,558,6499,1299.8
3006,West Bengal,Rural,7,4279,1613,1007,1823,1772,1216,407,1827,13944,1992.0
3007,Karnataka,Rural,4,3059,1265,1154,498,3225,410,773,829,11213,2803.25
3008,Tamil Nadu,Urban,2,16021,4707,6384,8308,8357,3312,4074,5182,56345,28172.5
3009,Maharashtra,Rural,2,9148,2276,2041,2709,3771,1730,1187,1661,24523,12261.5
3010,Uttar Pradesh,Urban,7,7709,3856,3518,2555,4062,2212,796,2440,27148,3878.29
3011,Delhi,Urban,8,20788,6596,2916,2858,7067,2890,1105,6503,50723,6340.38
3012,West Bengal,Urban,4,6740,2831,1646,1078,8530,1375,693,693,23586,5896.5
3013,Tamil Nadu,Rural,8,2999,1841,1122,626,3975,566,604,753,12486,1560.75
3014,Karnataka,Rural,3,6994,2965,1111,1215,227,1579,704,1642,16437,5479.0
3015,Gujarat,Rural,7,3994,1617,428,1099,3375,705,368,510,12096,1728.0
3016,Karnataka,Urban,6,22486,3469,5143,6468,15003,4126,2475,1691,60861,10143.5
3017,Tamil Nadu,Urban,5,8959,1650,1688,4176,5428,3090,1135,4135,30261,6052.2
3018,Karnataka,Urban,4,7574,2584,2218,2122,10931,1858,1119,3840,32246,8061.5
3019,Kerala,Urban,5,16610,8668,3866,3786,13378,2492,2833,3776,55409,11081.8
3020,Rajasthan,Rural,8,5841,973,1427,1286,410,1434,376,1998,13745,1718.12
3021,Gujarat,Urban,2,11693,5088,6427,2309,17423,2924,1865,3058,50787,25393.5
3022,Delhi,Urban,2,22558,4616,4576,5125,3928,3246,1426,2435,47910,23955.0
3023,Bihar,Urban,2,23053,4347,7019,6656,6852,4195,2252,2256,56630,28315.0
3024,Gujarat,Rural,4,3688,2046,1121,945,3444,944,1034,692,13914,3478.5
3025,Tamil Nadu,Rural,4,4777,1192,1804,1449,1314,1088,1049,1332,14005,3501.25
3026,Karnataka,Urban,5,4413,1950,1717,1675,3275,918,553,1231,15732,3146.4
3027,Karnataka,Urban,7,12993,4998,1931,3695,14739,1661,2515,3635,46167,6595.29
3028,Karnataka,Rural,5,3003,1106,736,338,976,547,229,246,7181,1436.2
3029,Tamil Nadu,Rural,6,4247,1530,1878,1616,1091,924,731,1858,13875,2312.5
3030,Uttar Pradesh,Rural,7,4140,1062,1220,1000,1279,574,388,1742,11405,1629.29
3031,Tamil Nadu,Urban,3,11404,5442,1884,2533,10169,3240,1140,3866,39678,13226.0
3032,Kerala,Rural,6,7080,1308,2495,2549,3815,1146,477,2935,21805,3634.17
3033,Uttar Pradesh,Rural,8,3659,1618,1345,1192,2326,1053,587,1630,13410,1676.25
3034,Kerala,Rural,7,9718,1945,1056,2951,938,1070,468,1947,20093,2870.43
3035,Uttar Pradesh,Urban,6,8917,5425,2274,4837,12923,2010,828,1071,38285,6380.83
3036,Gujarat,Urban,3,19707,5024,4462,4097,9080,3860,1819,2485,50534,16844.67
3037,Uttar Pradesh,Rural,3,6146,1351,599,2090,3713,1268,391,1691,17249,5749.67
3038,Gujarat,Urban,3,10247,6675,5265,4376,12043,1668,1503,2839,44616,14872.0
3039,Bihar,Rural,8,2753,641,1029,918,2627,847,623,1046,10484,1310.5
3040,Delhi,Urban,5,15222,3305,2105,5023,3937,2357,1568,2163,35680,7136.0
3041,Tamil Nadu,Urban,4,10194,4301,2384,2558,15990,2531,1032,5767,44757,11189.25
3042,Rajasthan,Rural,8,5339,1952,1895,1011,80,1033,677,1586,13573,1696.62
3043,Rajasthan,Urban,2,12288,2722,3232,4208,4663,2790,2214,1015,33132,16566.0
3044,Bihar,Rural,5,6366,1341,2128,1772,1654,1558,1111,1975,17905,3581.0
3045,Gujarat,Rural,6,6802,2340,2049,2961,3834,1724,565,2908,23183,3863.83
3046,Uttar Pradesh,Urban,7,21236,5936,6401,7299,13925,4941,2500,7040,69278,9896.86
3047,Karnataka,Urban,3,9523,3780,1709,3740,4571,3099,2180,2558,31160,10386.67
3048,Bihar,Urban,6,18935,6218,6136,3170,5471,2925,1816,2498,47169,7861.5
3049,Gujarat,Rural,7,5090,1590,1779,1412,2762,1197,603,1184,15617,2231.0
3050,Karnataka,Urban,5,12234,2861,5515,5687,5202,1936,2757,1600,37792,7558.4
3051,Bihar,Urban,5,18701,6801,6753,7211,5378,3265,3630,4886,56625,11325.0
3052,West Bengal,Urban,8,16219,4533,5488,2309,13948,2307,1621,3167,49592,6199.0
3053,West Bengal,Rural,4,1987,1150,862,687,908,707,336,869,7506,1876.5
3054,Rajasthan,Urban,2,9062,3653,1861,2545,5051,1431,607,2740,26950,13475.0
3055,Gujarat,Urban,5,5248,2095,902,854,16369,1091,1060,525,28144,5628.8
3056,Gujarat,Rural,4,3095,1482,1002,1614,3039,1079,566,687,12564,3141.0
3057,Delhi,Urban,2,15065,3461,5307,3767,14421,3381,2120,3595,51117,25558.5
3058,West Bengal,Urban,7,11719,3698,1868,1936,7899,2147,918,3081,33266,4752.29
3059,Karnataka,Rural,6,1759,435,382,1002,3504,408,252,244,7986,1331.0
3060,Tamil Nadu,Urban,5,17274,3367,3936,4036,17341,2565,2908,1815,53242,10648.4
3061,Kerala,Rural,3,2807,906,650,487,3789,385,265,234,9523,3174.33
3062,Delhi,Rural,5,4051,1242,1291,1236,1510,532,668,1155,11685,2337.0
3063,Gujarat,Urban,5,5996,1845,2968,1637,11475,1932,1683,3423,30959,6191.8
3064,Tamil Nadu,Rural,8,3282,1305,1246,1070,498,827,502,1039,9769,1221.12
3065,West Bengal,Urban,5,16045,3749,5183,2223,17334,2393,1024,1607,49558,9911.6
3066,Bihar,Urban,8,10941,2737,3694,3481,16751,2724,1815,1549,43692,5461.5
3067,Kerala,Rural,5,4866,1468,1721,1247,2017,1234,268,1378,14199,2839.8
3068,Bihar,Rural,4,4616,1408,1885,852,652,1133,1117,462,12125,3031.25
3069,Uttar Pradesh,Rural,8,2401,566,630,1156,3416,647,434,917,10167,1270.88
3070,Karnataka,Urban,4,22290,9670,7761,7485,13806,2504,3014,4101,70631,17657.75
3071,Tamil Nadu,Rural,2,3890,1177,525,1295,3721,885,895,754,13142,6571.0
3072,Kerala,Rural,2,3868,1254,790,584,3974,543,725,1304,13042,6521.0
3073,Karnataka,Rural,4,3634,613,984,1236,2374,668,347,898,10754,2688.5
3074,West Bengal,Urban,2,9251,3843,3730,1801,7443,2043,540,3646,32297,16148.5
3075,Kerala,Rural,4,5487,1380,1768,1446,1024,955,599,591,13250,3312.5
3076,Kerala,Rural,7,3619,1654,630,1387,3265,1342,527,1601,14025,2003.57
3077,Rajasthan,Urban,6,4851,2343,1855,2215,14456,1219,685,1829,29453,4908.83
3078,Uttar Pradesh,Rural,8,8736,1484,1507,2325,1466,1484,1195,1657,19854,2481.75
3079,Tamil Nadu,Rural,5,2943,346,497,433,2510,459,340,415,7943,1588.6
3080,Gujarat,Rural,8,4055,1388,1540,1569,2842,634,1005,1445,14478,1809.75
3081,Tamil Nadu,Rural,6,4790,1776,1611,1497,3482,989,533,614,15292,2548.67
3082,Maharashtra,Urban,4,21337,6178,2698,3534,14879,4669,2188,5010,60493,15123.25
3083,Gujarat,Urban,2,7437,2326,1338,2067,8907,1279,696,2120,26170,13085.0
3084,Tamil Nadu,Rural,4,7261,2619,1113,2892,3534,1607,1162,3091,23279,5819.75
3085,Gujarat,Urban,2,14261,4955,3170,5196,11258,3015,2798,5322,49975,24987.5
3086,Kerala,Urban,5,18769,6534,2782,6471,6051,3643,3459,2439,50148,10029.6
3087,Maharashtra,Urban,3,15102,2751,3298,5050,11763,4359,1708,2246,46277,15425.67
3088,Delhi,Rural,4,5782,1831,1877,2198,396,1082,670,1984,15820,3955.0
3089,Rajasthan,Rural,5,3428,672,703,1220,2145,405,560,989,10122,2024.4
3090,Gujarat,Urban,4,11673,3433,4997,2775,8504,2686,2310,1730,38108,9527.0
3091,Maharashtra,Rural,5,6446,1012,1834,2382,1286,924,701,973,15558,3111.6
3092,Uttar Pradesh,Rural,5,5334,1478,680,2086,3334,868,673,722,15175,3035.0
3093,Gujarat,Rural,8,5675,839,1741,767,630,651,652,1225,12180,1522.5
3094,Karnataka,Urban,4,22499,5953,3034,3216,3579,5224,4208,4076,51789,12947.25
3095,Bihar,Rural,3,7285,3088,1235,2278,1735,1970,451,2336,20378,6792.67
3096,Kerala,Rural,4,4339,927,897,733,1168,944,326,1369,10703,2675.75
3097,West Bengal,Urban,4,5980,1526,2770,1335,9750,2178,916,962,25417,6354.25
3098,Karnataka,Rural,4,7035,1076,809,1738,3974,1029,354,908,16923,4230.75
3099,Gujarat,Urban,8,9367,5175,4231,2552,10061,3138,1892,2990,39406,4925.75
3100,Uttar Pradesh,Urban,6,16211,2222,2816,5399,17035,1599,2524,5312,53118,8853.0
3101,Bihar,Urban,4,9066,1575,3432,3807,9700,1915,1407,2124,33026,8256.5
3102,Tamil Nadu,Rural,6,7218,1060,2434,2455,504,1602,798,1270,17341,2890.17
3103,Maharashtra,Rural,5,4241,1882,551,833,2634,589,259,1566,12555,2511.0
3104,Uttar Pradesh,Urban,3,9723,1568,1216,2105,15626,2082,1419,2997,36736,12245.33
3105,Karnataka,Rural,3,2016,556,790,913,393,604,179,575,6026,2008.67
3106,Uttar Pradesh,Urban,3,6988,2216,839,1553,16564,1402,856,723,31141,10380.33
3107,West Bengal,Urban,7,14659,7388,2930,5506,17338,3879,1212,7765,60677,8668.14
3108,Gujarat,Rural,5,5850,1688,2913,1638,3603,1851,771,2965,21279,4255.8
3109,Uttar Pradesh,Rural,5,4439,1563,1435,1528,2188,574,304,1756,13787,2757.4
3110,Tamil Nadu,Urban,3,13362,7038,6388,3709,13644,4377,1174,5954,55646,18548.67
3111,West Bengal,Rural,7,7249,1854,1768,2409,84,1140,726,2301,17531,2504.43
3112,Rajasthan,Rural,3,1680,867,472,460,3357,396,351,698,8281,2760.33
3113,Tamil Nadu,Urban,8,7382,1274,762,2599,11623,1745,626,549,26560,3320.0
3114,Karnataka,Rural,8,6374,1718,2706,2747,2198,956,862,1706,19267,2408.38
3115,Maharashtra,Rural,5,7865,2651,1983,1561,1244,770,952,1284,18310,3662.0
3116,Delhi,Rural,2,4992,1959,2576,2319,3977,932,774,2518,20047,10023.5
3117,Tamil Nadu,Urban,3,6014,1707,805,1864,16572,758,931,1500,30151,10050.33
3118,Tamil Nadu,Rural,5,6451,1984,2026,2122,809,784,527,1120,15823,3164.6
3119,West Bengal,Urban,3,19349,4553,3586,6122,9577,2495,2192,2452,50326,16775.33
3120,West Bengal,Rural,7,2557,1640,1476,1002,2621,589,358,405,10648,1521.14
3121,Rajasthan,Rural,3,5803,1750,1810,1580,947,695,755,546,13886,4628.67
3122,Kerala,Rural,8,9549,3579,2961,2760,2592,1745,1270,915,25371,3171.38
3123,Maharashtra,Rural,2,3182,890,652,1072,96,495,427,546,7360,3680.0
3124,Tamil Nadu,Rural,3,6152,1551,1931,2455,2725,704,488,773,16779,5593.0
3125,Kerala,Urban,6,18906,5916,5006,5686,3052,4313,1820,6017,50716,8452.67
3126,West Bengal,Rural,4,3558,857,801,995,2471,600,428,576,10286,2571.5
3127,Gujarat,Rural,6,2835,1826,638,967,330,958,210,1486,9250,1541.67
3128,Gujarat,Urban,6,11024,4634,4350,3187,4042,2572,2576,1751,34136,5689.33
3129,Maharashtra,Rural,8,4990,3288,893,2133,3998,861,1373,1330,18866,2358.25
3130,Bihar,Urban,5,6277,1716,1631,3061,14479,1872,1614,3177,33827,6765.4
3131,West Bengal,Rural,6,7658,1986,1717,1140,3475,1172,776,1297,19221,3203.5
3132,Gujarat,Rural,4,3781,2598,1506,1806,1190,769,890,2041,14581,3645.25
3133,Gujarat,Rural,5,4045,913,1308,776,3619,582,517,408,12168,2433.6
3134,Maharashtra,Rural,7,1698,694,901,626,1886,270,197,550,6822,974.57
3135,Rajasthan,Rural,4,4825,2141,2647,2095,1442,1269,568,1037,16024,4006.0
3136,Bihar,Urban,7,18328,6537,4744,4909,9308,2081,1397,4315,51619,7374.14
3137,Bihar,Urban,6,22058,5350,2943,6321,17252,3528,2046,6753,66251,11041.83
3138,Uttar Pradesh,Urban,4,24214,9346,7772,5364,17358,5094,4136,4959,78243,19560.75
3139,Delhi,Urban,6,6937,3925,2137,1815,12127,2236,1636,2546,33359,5559.83
3140,Bihar,Urban,7,15331,6111,2600,2979,13435,2195,2417,4357,49425,7060.71
3141,Kerala,Urban,4,19614,6565,4530,6268,5139,4130,3010,4267,53523,13380.75
3142,Gujarat,Rural,8,3028,1074,574,1222,649,630,443,706,8326,1040.75
3143,Gujarat,Urban,7,9651,4918,2568,2375,4032,1389,2611,2872,30416,4345.14
3144,Rajasthan,Urban,3,6969,1380,2377,1473,13505,1468,799,2952,30923,10307.67
3145,Gujarat,Rural,8,3911,1747,692,827,2342,968,517,880,11884,1485.5
3146,Maharashtra,Urban,3,14889,7334,7867,5325,14153,4560,2934,2965,60027,20009.0
3147,Rajasthan,Urban,5,11471,5697,1669,2880,7008,2318,2544,2961,36548,7309.6
3148,Karnataka,Urban,2,5505,905,2356,962,3573,1375,1070,2201,17947,8973.5
3149,Rajasthan,Urban,4,16966,1976,2886,2036,9141,3437,2094,1361,39897,9974.25
3150,Tamil Nadu,Rural,8,5543,1639,1749,1437,3731,1499,552,1631,17781,2222.62
3151,West Bengal,Urban,8,12466,2794,3569,3421,17632,1956,1813,3110,46761,5845.12
3152,Kerala,Urban,6,6993,3080,885,1104,14437,770,928,1871,30068,5011.33
3153,Rajasthan,Rural,2,2420,1327,306,1076,1520,730,173,1027,8579,4289.5
3154,Uttar Pradesh,Rural,3,5266,1540,1657,1400,49,862,362,613,11749,3916.33
3155,Karnataka,Urban,7,19097,10063,4127,4317,14093,2641,3132,2284,59754,8536.29
3156,West Bengal,Urban,5,6519,1190,2651,1945,6109,1606,654,1740,22414,4482.8
3157,Uttar Pradesh,Urban,2,11950,2550,5584,2605,3214,3115,2225,2322,33565,16782.5
3158,Karnataka,Rural,7,5498,745,1018,2129,3108,854,688,779,14819,2117.0
3159,Gujarat,Urban,6,14263,4164,4617,3876,3630,4281,1930,4020,40781,6796.83
3160,Delhi,Urban,2,8960,5605,4179,1705,8445,2911,1807,3008,36620,18310.0
3161,Delhi,Rural,6,5250,2329,978,2194,270,952,1020,878,13871,2311.83
3162,West Bengal,Urban,8,8939,4061,3342,2895,15484,2038,1358,2670,40787,5098.38
3163,Rajasthan,Rural,3,2524,658,356,614,3226,626,210,691,8905,2968.33
3164,Maharashtra,Urban,8,15765,3507,1895,2530,17962,2309,2891,2346,49205,6150.62
3165,Karnataka,Rural,4,8438,1707,2834,1580,2743,891,1108,2572,21873,5468.25
3166,Bihar,Urban,8,12610,6696,3877,6644,12375,3406,1924,3380,50912,6364.0
3167,Maharashtra,Urban,4,20509,3789,2840,4044,11928,3198,2040,3850,52198,13049.5
3168,Kerala,Urban,4,19705,5586,7577,6116,5744,4445,3198,4643,57014,14253.5
3169,Uttar Pradesh,Urban,5,7512,4027,3452,3294,5875,1591,1832,1023,28606,5721.2
3170,Kerala,Urban,4,13710,3077,1821,4241,7904,1768,929,3352,36802,9200.5
3171,Gujarat,Urban,6,16518,4368,2075,3348,11998,2902,2465,3854,47528,7921.33
3172,Maharashtra,Rural,3,5857,891,2038,1764,2245,1488,719,1418,16420,5473.33
3173,Tamil Nadu,Urban,4,22670,5049,6316,4816,3883,5172,1338,1983,51227,12806.75
3174,Delhi,Urban,6,12124,4118,2338,5972,4993,1983,3416,6169,41113,6852.17
3175,West Bengal,Rural,2,4416,1563,911,972,2443,877,467,1734,13383,6691.5
3176,Uttar Pradesh,Rural,5,4026,1977,1092,657,201,626,638,472,9689,1937.8
3177,West Bengal,Rural,2,5146,2625,1602,2058,1930,990,1070,2097,17518,8759.0
3178,Gujarat,Urban,8,7457,2559,832,1694,16098,1974,1072,2856,34542,4317.75
3179,Bihar,Rural,3,7370,1358,2196,2675,2580,1739,710,1245,19873,6624.33
3180,West Bengal,Urban,8,13631,3091,3457,1888,15844,2900,2119,2322,45252,5656.5
3181,Rajasthan,Rural,7,5211,1072,1871,651,1473,838,685,436,12237,1748.14
3182,Rajasthan,Urban,7,6403,2103,1691,1453,17464,1531,895,984,32524,4646.29
3183,Karnataka,Urban,6,10120,1816,2603,1857,7629,2122,1219,1087,28453,4742.17
3184,Gujarat,Urban,8,15053,7403,5200,2554,6433,3322,2663,3774,46402,5800.25
3185,Rajasthan,Urban,6,10375,3415,4386,4092,6101,3376,879,3951,36575,6095.83
3186,Delhi,Rural,3,2317,989,1025,1227,3791,767,592,492,11200,3733.33
3187,Gujarat,Rural,3,5595,850,732,990,2190,987,966,1064,13374,4458.0
3188,Delhi,Rural,4,6912,1009,2579,1008,1391,1487,494,1226,16106,4026.5
3189,Delhi,Rural,4,5752,1797,1637,2281,510,1307,352,851,14487,3621.75
3190,Maharashtra,Rural,2,2652,367,540,859,3486,410,309,937,9560,4780.0
3191,Kerala,Rural,6,5277,1741,1527,1269,3220,1233,582,1197,16046,2674.33
3192,Uttar Pradesh,Urban,2,10886,2153,3042,3853,5829,1636,2008,4763,34170,17085.0
3193,Kerala,Rural,6,3480,570,760,1052,561,667,511,878,8479,1413.17
3194,Uttar Pradesh,Rural,6,3815,857,1081,635,3848,484,647,281,11648,1941.33
3195,Uttar Pradesh,Rural,8,4594,1589,1210,1122,1133,611,680,506,11445,1430.62
3196,Kerala,Rural,5,2068,1043,505,709,1077,425,360,511,6698,1339.6
3197,West Bengal,Urban,3,15122,4700,3615,3780,4398,2467,2420,1274,37776,12592.0
3198,Rajasthan,Urban,4,9334,3472,1344,1099,12724,2046,864,1430,32313,8078.25
3199,West Bengal,Rural,5,2170,954,879,648,1950,792,417,423,8233,1646.6
3200,Delhi,Urban,8,16096,3012,5708,6129,16566,2706,3130,8047,61394,7674.25
3201,Uttar Pradesh,Rural,2,5608,1351,1709,2151,2825,1749,651,1682,17726,8863.0
3202,Tamil Nadu,Rural,4,4975,2040,1566,1190,1826,821,383,1176,13977,3494.25
3203,Uttar Pradesh,Rural,4,3911,1645,708,789,3159,496,621,431,11760,2940.0
3204,Tamil Nadu,Rural,8,6447,2365,2783,1441,2955,1672,1168,847,19678,2459.75
3205,Karnataka,Rural,4,2852,1012,511,778,2495,621,422,917,9608,2402.0
3206,West Bengal,Rural,8,7527,2975,1113,1349,520,814,1038,1901,17237,2154.62
3207,Tamil Nadu,Rural,3,3811,1253,894,1365,3460,1135,326,1151,13395,4465.0
3208,Bihar,Rural,8,8465,3343,1932,1050,3024,927,1104,897,20742,2592.75
3209,Maharashtra,Urban,4,16175,5872,4317,4073,16631,2403,2655,2089,54215,13553.75
3210,Karnataka,Urban,2,14668,3595,4362,3868,11498,2275,3037,1957,45260,22630.0
3211,Kerala,Rural,8,3603,1197,1414,1302,2211,859,674,893,12153,1519.12
3212,Kerala,Urban,5,7734,3027,2365,2205,5444,1270,1483,3267,26795,5359.0
3213,Karnataka,Rural,7,3619,1053,700,816,3656,536,312,989,11681,1668.71
3214,Bihar,Rural,5,6988,2827,2980,1733,2083,1182,959,2386,21138,4227.6
3215,West Bengal,Urban,5,8587,1755,1106,2996,10764,1218,564,1349,28339,5667.8
3216,Maharashtra,Urban,5,14794,6517,3227,4103,13231,3013,934,2739,48558,9711.6
3217,Bihar,Rural,8,4432,897,1749,1854,2086,1293,1116,2478,15905,1988.12
3218,West Bengal,Rural,2,7467,1054,2364,2785,3563,853,1305,1420,20811,10405.5
3219,Uttar Pradesh,Rural,8,3328,493,1128,927,2617,634,298,688,10113,1264.12
3220,Bihar,Rural,3,2764,1223,898,834,2266,726,406,1161,10278,3426.0
3221,Bihar,Rural,5,3837,1099,438,983,3216,565,483,993,11614,2322.8
3222,Uttar Pradesh,Urban,8,13159,3487,1475,3809,10653,2590,806,1676,37655,4706.88
3223,Rajasthan,Rural,5,5901,2454,2117,2063,3782,1365,1231,1961,20874,4174.8
3224,Maharashtra,Urban,4,13995,4170,2258,5350,5735,3397,2485,3922,41312,10328.0
3225,Delhi,Rural,7,7731,1679,1037,1656,1619,1105,435,1584,16846,2406.57
3226,Delhi,Rural,8,6413,952,2283,2012,2832,925,591,1104,17112,2139.0
3227,Gujarat,Rural,6,4977,2005,2025,2090,2971,792,627,719,16206,2701.0
3228,Karnataka,Rural,6,4236,1242,1741,929,2377,975,896,1733,14129,2354.83
3229,Tamil Nadu,Urban,7,10690,3798,1271,1457,6087,2192,2057,3296,30848,4406.86
3230,Karnataka,Rural,5,4274,1125,1248,1457,2626,957,829,435,12951,2590.2
3231,Bihar,Urban,8,21057,8737,3591,5514,14576,3763,2781,5962,65981,8247.62
3232,West Bengal,Urban,2,4822,2709,1519,1931,13470,1311,844,1076,27682,13841.0
3233,Gujarat,Rural,7,3589,1073,1814,859,3806,628,854,752,13375,1910.71
3234,Uttar Pradesh,Rural,8,5878,2695,1603,1463,903,934,1504,1777,16757,2094.62
3235,Karnataka,Rural,2,5008,1027,984,1791,2176,908,280,509,12683,6341.5
3236,Uttar Pradesh,Urban,6,7694,2506,2352,2864,7748,1100,675,990,25929,4321.5
3237,West Bengal,Rural,6,9376,1783,1557,1831,1266,1489,1293,1921,20516,3419.33
3238,Rajasthan,Rural,6,2737,1310,719,501,3859,447,471,339,10383,1730.5
3239,Karnataka,Urban,8,19601,2957,2045,2908,9989,3820,3725,4722,49767,6220.88
3240,Delhi,Rural,2,3078,1066,808,1163,45,406,237,1042,7845,3922.5
3241,Tamil Nadu,Urban,6,9155,5038,1614,2692,7589,1196,2037,1494,30815,5135.83
3242,West Bengal,Rural,3,6192,1333,1166,1827,2132,802,1206,824,15482,5160.67
3243,Rajasthan,Urban,2,17959,6833,4073,3824,13005,1626,2536,3958,53814,26907.0
3244,Kerala,Rural,4,4371,1807,790,674,2139,912,697,575,11965,2991.25
3245,Gujarat,Urban,4,6641,2883,816,2321,6728,1830,944,1333,23496,5874.0
3246,Rajasthan,Urban,6,18023,4905,5217,5849,3233,4503,2912,4457,49099,8183.17
3247,Maharashtra,Rural,4,4156,938,1253,1126,1752,736,1031,1186,12178,3044.5
3248,Karnataka,Rural,3,2375,1320,330,1100,3030,583,617,447,9802,3267.33
3249,Bihar,Urban,5,6741,1075,1760,1524,17357,1263,1047,2373,33140,6628.0
3250,West Bengal,Rural,5,5252,3005,1016,2140,3810,1046,975,1875,19119,3823.8
3251,Delhi,Rural,6,7092,2786,1789,1259,2414,2043,948,1500,19831,3305.17
3252,Maharashtra,Rural,2,5417,1026,1565,1307,3386,801,848,1234,15584,7792.0
3253,Karnataka,Urban,5,8933,3287,1855,3210,7257,1407,788,1515,28252,5650.4
3254,Karnataka,Urban,2,13740,6675,6577,3844,16683,2721,1964,5992,58196,29098.0
3255,Rajasthan,Rural,8,4754,1822,665,1827,2243,1336,439,1682,14768,1846.0
3256,Bihar,Rural,2,4033,1954,1900,1282,1287,1071,1170,1338,14035,7017.5
3257,Uttar Pradesh,Urban,5,6713,980,1120,999,5146,1518,721,2201,19398,3879.6
3258,West Bengal,Urban,8,11468,3430,5432,2779,13691,2526,1768,4272,45366,5670.75
3259,Uttar Pradesh,Rural,2,4081,1348,1110,686,2988,411,630,899,12153,6076.5
3260,Karnataka,Urban,6,6548,1048,1444,805,5057,871,1052,2252,19077,3179.5
3261,Rajasthan,Rural,6,8237,3235,2794,1963,3469,1046,422,652,21818,3636.33
3262,Rajasthan,Rural,3,5152,2600,1152,2607,3753,1846,858,2507,20475,6825.0
3263,Uttar Pradesh,Urban,4,9627,3068,3502,2211,11809,1219,1464,2485,35385,8846.25
3264,Uttar Pradesh,Rural,4,4927,875,1671,1845,34,720,369,887,11328,2832.0
3265,Tamil Nadu,Rural,3,7392,2450,1347,1108,1914,1661,1073,2552,19497,6499.0
3266,Kerala,Urban,6,20558,8430,2260,5884,6539,3034,2050,5247,54002,9000.33
3267,West Bengal,Rural,5,4791,1489,1349,658,517,511,673,1180,11168,2233.6
3268,West Bengal,Rural,7,5811,1902,1929,1089,3252,1094,468,1506,17051,2435.86
3269,Tamil Nadu,Rural,6,6048,2353,707,2135,3529,1459,822,1255,18308,3051.33
3270,Uttar Pradesh,Urban,5,10918,3076,2583,3525,14879,1098,1464,2031,39574,7914.8
3271,Tamil Nadu,Urban,6,11113,3104,1852,3566,17262,2568,1973,3975,45413,7568.83
3272,Bihar,Rural,5,5523,1034,801,1266,1330,1379,577,2068,13978,2795.6
3273,Karnataka,Rural,2,4234,2801,1788,1446,1542,1133,694,1280,14918,7459.0
3274,Kerala,Rural,2,4215,753,1478,928,994,582,375,966,10291,5145.5
3275,Maharashtra,Rural,8,3053,357,906,812,76,533,281,511,6529,816.12
3276,Delhi,Rural,5,4252,2596,1333,1899,667,939,976,656,13318,2663.6
3277,Karnataka,Rural,7,4475,2034,1344,2031,2946,641,341,1971,15783,2254.71
3278,Bihar,Urban,3,12359,4565,4288,3295,7709,1946,1492,3767,39421,13140.33
3279,Maharashtra,Urban,7,9309,3017,1447,2206,8039,2246,893,989,28146,4020.86
3280,Karnataka,Rural,7,3184,530,1018,443,2002,712,267,780,8936,1276.57
3281,Karnataka,Urban,4,11707,2822,1509,3095,16779,2531,670,2655,41768,10442.0
3282,Delhi,Rural,5,4415,1463,1537,663,1174,529,821,1032,11634,2326.8
3283,Uttar Pradesh,Urban,7,22151,8733,4058,4504,15538,5244,3248,3317,66793,9541.86
3284,Karnataka,Urban,2,4721,2985,1867,1347,15891,918,391,766,28886,14443.0
3285,Bihar,Rural,7,3296,1262,917,1360,3973,979,748,1002,13537,1933.86
3286,Karnataka,Urban,3,5986,1613,1723,2353,11338,1293,1015,768,26089,8696.33
3287,Delhi,Urban,7,22984,7576,5300,5945,10756,3963,1311,6675,64510,9215.71
3288,West Bengal,Rural,3,5805,2714,725,1069,461,1543,1087,1359,14763,4921.0
3289,Delhi,Urban,8,6655,2019,3265,1585,6098,1169,1131,952,22874,2859.25
3290,Karnataka,Rural,6,6295,3060,2076,1758,2980,1960,474,1966,20569,3428.17
3291,Kerala,Rural,5,2256,464,386,1312,1775,869,352,571,7985,1597.0
3292,Gujarat,Rural,4,8432,2930,2213,2521,2225,1679,967,1400,22367,5591.75
3293,Kerala,Rural,8,7119,3278,808,2516,47,1773,1124,2762,19427,2428.38
3294,Delhi,Urban,4,14529,2001,3587,4277,15331,1580,909,2490,44704,11176.0
3295,Uttar Pradesh,Rural,5,5761,2284,758,1212,1673,759,767,1976,15190,3038.0
3296,Maharashtra,Rural,5,2034,408,736,407,2721,368,320,714,7708,1541.6
3297,Tamil Nadu,Urban,3,7531,2078,2609,1734,9888,1323,893,2475,28531,9510.33
3298,Kerala,Rural,4,6924,2945,1669,1077,2816,1099,938,1417,18885,4721.25
3299,Rajasthan,Rural,4,5192,3040,1197,2502,1615,1668,1220,724,17158,4289.5
3300,West Bengal,Urban,5,9243,3915,1445,2931,5571,1273,1646,947,26971,5394.2
3301,Kerala,Rural,8,5719,2481,2677,1560,1253,1837,1390,2020,18937,2367.12
3302,Bihar,Urban,7,15910,5360,7238,7522,9565,5395,4143,5976,61109,8729.86
3303,Delhi,Rural,8,7138,2062,2051,1994,729,1033,1113,2229,18349,2293.62
3304,Maharashtra,Rural,4,9196,2204,2906,2846,3191,994,1634,3134,26105,6526.25
3305,Tamil Nadu,Rural,6,3411,2295,1464,1784,1860,973,696,1849,14332,2388.67
3306,Delhi,Urban,5,11372,3472,1924,2885,17528,1830,1415,3253,43679,8735.8
3307,Karnataka,Urban,2,16249,4835,3610,2564,4369,2642,2814,4064,41147,20573.5
3308,Uttar Pradesh,Urban,2,12568,3054,4919,2927,3655,2934,1009,1708,32774,16387.0
3309,Maharashtra,Rural,4,3405,448,930,651,1494,751,619,549,8847,2211.75
3310,Gujarat,Rural,6,2484,1064,378,848,934,297,343,448,6796,1132.67
3311,Bihar,Rural,2,7826,1551,1667,1520,3539,1066,1131,696,18996,9498.0
3312,Gujarat,Rural,5,6042,2936,1781,1191,3745,1758,1357,1290,20100,4020.0
3313,Bihar,Urban,8,7928,2065,1498,2109,3021,974,1034,1327,19956,2494.5
3314,Uttar Pradesh,Rural,7,7184,3078,3099,1292,156,1175,1271,1219,18474,2639.14
3315,Maharashtra,Rural,5,5862,3076,1591,2054,2155,1212,631,743,17324,3464.8
3316,Bihar,Urban,4,4775,820,781,1851,10967,890,657,2124,22865,5716.25
3317,Bihar,Urban,4,8417,3155,2196,2361,14196,1617,1151,2774,35867,8966.75
3318,Uttar Pradesh,Urban,6,11583,2193,3412,2512,13059,2066,1931,3221,39977,6662.83
3319,Rajasthan,Rural,4,6142,2145,1070,1761,319,747,642,1831,14657,3664.25
3320,Bihar,Urban,5,24781,3791,2919,4565,5566,3466,2025,6991,54104,10820.8
3321,Maharashtra,Urban,6,11775,2977,4397,6822,3829,4410,1215,2673,38098,6349.67
3322,Bihar,Rural,3,4259,2248,1606,1652,2365,1527,422,1281,15360,5120.0
3323,Maharashtra,Rural,5,8244,3458,2519,2386,1000,1461,1284,2787,23139,4627.8
3324,Maharashtra,Rural,2,5056,1287,1931,1532,363,1111,280,1238,12798,6399.0
3325,Uttar Pradesh,Rural,2,5806,1787,1467,1850,1499,1300,415,1659,15783,7891.5
3326,Karnataka,Urban,3,10574,4052,3524,3443,3143,1773,2160,2959,31628,10542.67
3327,Delhi,Rural,8,3486,685,1284,469,707,536,190,421,7778,972.25
3328,Delhi,Urban,8,17063,6330,3184,6401,16199,4007,1630,4840,59654,7456.75
3329,Tamil Nadu,Rural,5,4562,1419,511,1108,3831,937,611,1636,14615,2923.0
3330,Gujarat,Rural,8,3640,1084,1048,1545,1993,781,959,866,11916,1489.5
3331,Delhi,Urban,8,13270,4318,3678,3792,4282,2763,2322,2514,36939,4617.38
3332,Delhi,Urban,6,11939,3327,5560,3141,8878,3366,2290,3954,42455,7075.83
3333,Bihar,Rural,3,8393,1414,1857,2195,3273,1294,945,2050,21421,7140.33
3334,Maharashtra,Urban,2,13952,5272,3367,1695,17904,2414,798,3625,49027,24513.5
3335,Gujarat,Urban,4,18313,6783,3302,7640,15452,3532,1606,6505,63133,15783.25
3336,West Bengal,Rural,4,5690,1836,1661,911,562,1015,613,2173,14461,3615.25
3337,Tamil Nadu,Urban,6,17272,2492,4234,3746,11650,3678,969,2233,46274,7712.33
3338,Karnataka,Rural,3,3289,1124,702,1094,763,383,282,704,8341,2780.33
3339,Gujarat,Rural,7,5482,2100,1140,802,2636,633,532,689,14014,2002.0
3340,West Bengal,Urban,2,15075,3982,7229,8161,14433,3341,1599,3696,57516,28758.0
3341,West Bengal,Rural,8,2611,856,916,843,923,339,181,504,7173,896.62
3342,Bihar,Rural,7,3129,1532,1353,675,2957,855,841,575,11917,1702.43
3343,West Bengal,Rural,8,4345,2457,1545,2037,2700,1477,858,1028,16447,2055.88
3344,Uttar Pradesh,Rural,6,4880,1776,1363,2425,696,1219,1417,2104,15880,2646.67
3345,Tamil Nadu,Rural,5,4338,1815,741,797,2688,973,428,1107,12887,2577.4
3346,Uttar Pradesh,Rural,6,7240,1903,908,1120,2117,1270,597,828,15983,2663.83
3347,West Bengal,Urban,4,12381,5737,2532,2923,6311,3392,2150,4583,40009,10002.25
3348,Gujarat,Urban,7,17449,4098,7442,6682,3600,3240,1986,6344,50841,7263.0
3349,Maharashtra,Rural,7,3394,1847,1406,1168,246,811,621,1485,10978,1568.29
3350,Tamil Nadu,Rural,7,3082,1324,538,776,3925,635,615,262,11157,1593.86
3351,Tamil Nadu,Rural,2,4619,1910,2071,1714,3053,821,1082,1595,16865,8432.5
3352,Uttar Pradesh,Urban,7,9451,2968,1328,3096,15610,1388,1575,2559,37975,5425.0
3353,Bihar,Rural,8,1801,979,627,818,82,301,438,917,5963,745.38
3354,Kerala,Rural,7,3305,1629,1128,1518,1125,790,333,1624,11452,1636.0
3355,Bihar,Urban,2,10764,1468,1416,3480,7925,1800,1415,1981,30249,15124.5
3356,Maharashtra,Rural,6,5728,1936,1826,1570,225,733,579,1435,14032,2338.67
3357,Maharashtra,Urban,5,8070,4871,3312,2076,10252,2713,1826,2151,35271,7054.2
3358,Uttar Pradesh,Rural,7,5957,3216,1935,1656,670,1217,1332,629,16612,2373.14
3359,Gujarat,Urban,8,13348,8317,5560,5190,3691,2838,2198,1947,43089,5386.12
3360,Kerala,Urban,7,18861,5930,3505,3727,13432,3744,1242,1998,52439,7491.29
3361,Tamil Nadu,Urban,3,20805,6310,3531,5502,12403,4529,1357,4227,58664,19554.67
3362,Tamil Nadu,Rural,7,6316,1486,1621,2178,120,798,1524,1258,15301,2185.86
3363,Tamil Nadu,Urban,2,13874,7552,4782,7158,8083,2629,3071,7450,54599,27299.5
3364,Uttar Pradesh,Rural,2,4468,1632,1208,2248,952,1089,1116,557,13270,6635.0
3365,Delhi,Urban,3,10926,3638,3282,3629,13716,1075,1943,1483,39692,13230.67
3366,Tamil Nadu,Rural,5,1760,1043,407,738,2827,458,340,345,7918,1583.6
3367,Uttar Pradesh,Rural,4,4863,1076,1441,2536,905,1055,920,612,13408,3352.0
3368,West Bengal,Urban,4,6641,1553,1776,1606,13959,1771,1135,3368,31809,7952.25
3369,Kerala,Rural,5,2747,1121,821,802,539,385,348,820,7583,1516.6
3370,Karnataka,Urban,8,18516,6476,5141,5040,16470,3912,4149,5443,65147,8143.38
3371,Gujarat,Rural,7,2060,1354,665,384,3988,535,437,943,10366,1480.86
3372,Bihar,Urban,7,14241,2655,4631,4531,9798,4167,1274,4661,45958,6565.43
3373,Bihar,Urban,4,8884,2608,2404,3703,4702,2043,962,1305,26611,6652.75
3374,Delhi,Urban,3,13099,6471,2196,4581,7056,3344,1400,5578,43725,14575.0
3375,Gujarat,Urban,3,9824,3189,1865,1680,11448,1006,680,3392,33084,11028.0
3376,Delhi,Urban,8,17201,4129,5236,2348,16117,2134,2527,3640,53332,6666.5
3377,Kerala,Rural,5,6920,1656,1038,2046,1909,1537,1191,929,17226,3445.2
3378,Tamil Nadu,Urban,5,14930,4773,5892,5893,7303,3750,2677,4788,50006,10001.2
3379,Uttar Pradesh,Urban,4,11155,2404,3746,2894,8457,2655,1398,1351,34060,8515.0
3380,Delhi,Urban,5,13835,4300,1668,2042,4562,1788,1766,3819,33780,6756.0
3381,West Bengal,Urban,4,8810,5324,1656,4195,5005,2485,736,2660,30871,7717.75
3382,West Bengal,Urban,4,16448,3132,5346,3445,7841,2164,3868,3022,45266,11316.5
3383,Karnataka,Rural,6,1786,432,339,371,1929,540,375,744,6516,1086.0
3384,Tamil Nadu,Urban,7,19404,5061,5680,4059,3815,2957,3173,1920,46069,6581.29
3385,Kerala,Urban,7,16594,3019,2759,3086,10852,2576,3581,5483,47950,6850.0
3386,Tamil Nadu,Rural,3,2256,661,998,860,2559,586,378,614,8912,2970.67
3387,Uttar Pradesh,Rural,8,3597,1488,910,780,3379,723,273,1294,12444,1555.5
3388,West Bengal,Rural,3,4776,1993,876,697,1236,1146,1019,508,12251,4083.67
3389,Maharashtra,Rural,6,6918,3019,2303,961,2160,800,938,829,17928,2988.0
3390,Tamil Nadu,Rural,4,6954,1998,2185,1387,1218,1111,1430,2546,18829,4707.25
3391,Rajasthan,Urban,7,7983,4000,1045,2712,8613,1381,1258,2553,29545,4220.71
3392,West Bengal,Rural,6,7181,1326,2626,1451,2193,1250,919,1422,18368,3061.33
3393,Delhi,Rural,3,3202,1462,659,986,465,750,314,923,8761,2920.33
3394,Gujarat,Urban,7,19243,5157,1791,3193,10503,4235,933,3437,48492,6927.43
3395,Kerala,Urban,3,21451,6725,2438,6071,6604,3045,3663,3131,53128,17709.33
3396,Tamil Nadu,Urban,7,16169,7941,3301,2527,11923,3592,1087,4225,50765,7252.14
3397,West Bengal,Rural,3,9371,2163,2127,1094,3509,1275,1566,1523,22628,7542.67
3398,Rajasthan,Rural,3,5763,1447,1328,2088,44,1289,756,1606,14321,4773.67
3399,Rajasthan,Urban,4,9597,2947,1876,1584,10978,1560,2119,2955,33616,8404.0
3400,Maharashtra,Rural,3,2328,802,341,796,1544,445,333,585,7174,2391.33
3401,Bihar,Urban,4,11134,2930,1889,3309,13752,3113,2385,4562,43074,10768.5
3402,Delhi,Rural,4,6081,2530,1601,2523,3412,1505,1051,698,19401,4850.25
3403,Uttar Pradesh,Rural,4,8686,1863,3217,2262,3820,1120,1555,1485,24008,6002.0
3404,Maharashtra,Rural,4,3102,1085,472,1445,3204,658,380,1085,11431,2857.75
3405,Uttar Pradesh,Urban,8,13529,5077,2954,3811,16007,2006,1052,2190,46626,5828.25
3406,Gujarat,Rural,2,3952,946,1101,1998,608,903,474,1181,11163,5581.5
3407,West Bengal,Rural,5,2363,722,494,545,3301,396,246,684,8751,1750.2
3408,Uttar Pradesh,Urban,8,10959,5896,4151,3851,12681,2931,2446,6156,49071,6133.88
3409,Bihar,Rural,7,2796,753,752,449,1261,453,247,1301,8012,1144.57
3410,Karnataka,Urban,7,21017,6471,6886,4827,17700,2920,4007,2081,65909,9415.57
3411,Rajasthan,Rural,4,2599,480,371,799,1543,639,168,300,6899,1724.75
3412,Gujarat,Rural,3,5525,2348,1380,1385,2062,955,937,2027,16619,5539.67
3413,Uttar Pradesh,Rural,4,4294,2390,2210,1775,1719,1442,607,1560,15997,3999.25
3414,Kerala,Rural,8,6754,2884,2467,2892,2272,1814,848,1820,21751,2718.88
3415,Kerala,Rural,6,6507,937,1669,1937,279,1472,1394,1073,15268,2544.67
3416,Tamil Nadu,Rural,7,1701,321,766,530,1340,487,243,938,6326,903.71
3417,West Bengal,Rural,5,2957,1048,502,521,3002,823,615,913,10381,2076.2
3418,Kerala,Rural,8,2733,894,786,968,3521,856,481,1212,11451,1431.38
3419,Uttar Pradesh,Rural,2,3681,2161,644,716,1656,697,514,502,10571,5285.5
3420,West Bengal,Urban,6,8008,3068,2379,2535,5392,1524,736,1758,25400,4233.33
3421,West Bengal,Rural,7,2450,1216,922,983,2052,619,384,925,9551,1364.43
3422,Rajasthan,Urban,4,9185,1774,1550,2916,9480,1260,876,1587,28628,7157.0
3423,West Bengal,Rural,8,9484,1157,2381,2907,3773,1278,607,766,22353,2794.12
3424,Maharashtra,Urban,3,8323,2911,1407,2505,10506,1093,1209,884,28838,9612.67
3425,Rajasthan,Rural,6,4749,695,699,822,2704,510,777,1775,12731,2121.83
3426,Bihar,Urban,6,14195,5713,5353,3448,17797,3560,2279,3888,56233,9372.17
3427,Rajasthan,Urban,4,12335,6098,2902,2591,3989,1632,1975,4034,35556,8889.0
3428,Rajasthan,Rural,5,5584,1231,2465,2648,3001,988,1183,1886,18986,3797.2
3429,Delhi,Rural,7,3483,1056,1412,1419,1215,1007,536,721,10849,1549.86
3430,Delhi,Urban,7,8580,4124,2582,1803,7394,1605,1510,2967,30565,4366.43
3431,Delhi,Urban,3,8332,2086,3791,2145,6672,1583,1943,1240,27792,9264.0
3432,Gujarat,Urban,6,9765,2983,2383,2184,15884,2994,1467,4733,42393,7065.5
3433,Gujarat,Rural,7,7419,2041,664,2369,1027,894,1013,1518,16945,2420.71
3434,Gujarat,Rural,6,5440,1300,1716,694,2481,800,315,1813,14559,2426.5
3435,Tamil Nadu,Rural,3,5361,2103,1169,1455,2474,1223,929,1182,15896,5298.67
3436,West Bengal,Urban,8,11903,6714,2986,4263,4355,3344,1082,2488,37135,4641.88
3437,Uttar Pradesh,Urban,5,19847,8262,6433,5608,4467,3446,2874,1886,52823,10564.6
3438,Tamil Nadu,Urban,8,12122,6185,3066,2485,17770,2983,3768,5468,53847,6730.88
3439,West Bengal,Rural,6,1721,1188,498,654,1727,434,435,458,7115,1185.83
3440,Bihar,Urban,5,8276,3646,1637,1583,17714,2012,1061,3297,39226,7845.2
3441,Gujarat,Urban,7,18234,6407,5082,3535,17772,4456,1809,2222,59517,8502.43
3442,Delhi,Rural,4,9014,1275,1023,2438,3093,1044,1547,2697,22131,5532.75
3443,Gujarat,Urban,5,21755,8023,3940,3398,16145,2619,2531,5057,63468,12693.6
3444,Delhi,Rural,3,2221,997,383,1153,2763,673,482,480,9152,3050.67
3445,Karnataka,Urban,3,5505,1875,2211,2748,5609,783,677,2316,21724,7241.33
3446,Karnataka,Rural,2,3557,838,881,1603,336,901,410,1109,9635,4817.5
3447,Gujarat,Rural,5,6433,2587,1599,1823,1775,1454,1223,1942,18836,3767.2
3448,Bihar,Urban,8,8344,3151,1643,1872,8044,932,1508,2831,28325,3540.62
3449,Bihar,Rural,6,5528,1792,1317,1505,2725,1557,676,2275,17375,2895.83
3450,Bihar,Urban,6,14956,8586,4372,7858,15565,4984,1680,4805,62806,10467.67
3451,Delhi,Rural,3,7979,1161,1978,2948,3500,1763,1537,2360,23226,7742.0
3452,West Bengal,Urban,6,14866,4895,4940,7366,4108,2588,1371,4997,45131,7521.83
3453,Uttar Pradesh,Urban,7,10456,4029,3254,3038,4930,1695,1233,1962,30597,4371.0
3454,Rajasthan,Urban,6,9596,3666,3152,1601,13436,1842,1254,2619,37166,6194.33
3455,Bihar,Urban,5,20599,6042,3726,4819,5595,4755,3024,3600,52160,10432.0
3456,Rajasthan,Rural,8,4939,1941,850,717,1079,641,911,1015,12093,1511.62
3457,Maharashtra,Rural,6,3517,1161,946,559,1714,560,630,467,9554,1592.33
3458,Delhi,Rural,7,4799,2401,1059,1608,1298,1046,402,830,13443,1920.43
3459,Uttar Pradesh,Urban,2,11525,1705,2183,1883,3215,1386,706,2808,25411,12705.5
3460,West Bengal,Urban,8,8951,2702,1868,1830,16136,1972,1997,4120,39576,4947.0
3461,Bihar,Urban,8,13422,2440,2749,1877,7576,2675,1603,3370,35712,4464.0
3462,Gujarat,Urban,3,14425,3536,4997,6433,7328,3803,3728,3496,47746,15915.33
3463,Bihar,Urban,6,10002,1432,3736,1660,5186,1164,893,2452,26525,4420.83
3464,Bihar,Urban,5,6505,1572,2549,2050,6149,1861,797,1554,23037,4607.4
3465,Rajasthan,Urban,6,7951,1518,1758,1385,4579,1025,537,2052,20805,3467.5
3466,Maharashtra,Urban,5,19099,3768,4311,6653,8315,2396,1392,2856,48790,9758.0
3467,West Bengal,Rural,7,7586,2116,1269,1664,2926,933,518,1536,18548,2649.71
3468,Bihar,Rural,8,5557,985,682,1345,1916,796,1208,830,13319,1664.88
3469,Tamil Nadu,Urban,6,13130,5463,4415,3249,13447,3280,1859,5733,50576,8429.33
3470,Rajasthan,Rural,2,3525,763,1332,1415,2423,551,657,1087,11753,5876.5
3471,Gujarat,Rural,5,5305,1952,783,1699,1231,740,764,1584,14058,2811.6
3472,Tamil Nadu,Rural,4,2003,1164,457,1088,3353,695,412,800,9972,2493.0
3473,Delhi,Urban,7,17353,7459,4586,3833,5945,2161,1872,6442,49651,7093.0
3474,Maharashtra,Rural,8,2270,585,620,663,1765,364,242,1099,7608,951.0
3475,Karnataka,Urban,8,9601,3999,1531,4455,4578,1728,2196,3468,31556,3944.5
3476,Karnataka,Rural,4,4483,1503,2149,876,1315,889,744,1891,13850,3462.5
3477,Gujarat,Rural,3,4940,1730,1287,1930,724,1655,1149,886,14301,4767.0
3478,Bihar,Rural,3,3630,1194,1463,1275,2363,1224,418,940,12507,4169.0
3479,Karnataka,Rural,3,6036,3175,1529,1298,7,869,1315,624,14853,4951.0
3480,Tamil Nadu,Rural,7,6541,1178,839,2325,2237,1146,894,896,16056,2293.71
3481,Karnataka,Rural,7,3772,1077,1179,575,3016,410,276,1147,11452,1636.0
3482,Tamil Nadu,Rural,7,5438,2264,1727,987,1172,1054,919,852,14413,2059.0
3483,West Bengal,Rural,7,6030,1669,2006,1798,2227,1595,410,2683,18418,2631.14
3484,Delhi,Rural,4,7957,3166,1902,2103,3809,1370,686,943,21936,5484.0
3485,Kerala,Rural,6,2857,834,793,1101,3222,347,533,891,10578,1763.0
3486,Delhi,Urban,4,15218,7613,6317,6206,5689,4092,977,3427,49539,12384.75
3487,Maharashtra,Urban,5,6748,3337,1629,1309,13880,1143,1208,2053,31307,6261.4
3488,Bihar,Rural,2,7774,1990,945,2091,2871,845,697,1015,18228,9114.0
3489,Uttar Pradesh,Urban,5,9912,2693,2185,3366,10090,1756,1520,1684,33206,6641.2
3490,Maharashtra,Urban,4,11238,4913,3504,3036,16951,1762,2198,2424,46026,11506.5
3491,Uttar Pradesh,Urban,5,15703,2137,2458,2102,12092,2018,930,3543,40983,8196.6
3492,West Bengal,Rural,6,7164,1941,823,2177,3440,1201,400,954,18100,3016.67
3493,Uttar Pradesh,Rural,7,4832,1131,1122,791,421,1290,957,502,11046,1578.0
3494,Gujarat,Urban,2,13321,1957,4843,3525,11792,2361,1260,1023,40082,20041.0
3495,Uttar Pradesh,Rural,6,3246,755,546,749,1236,320,518,622,7992,1332.0
3496,Uttar Pradesh,Urban,2,4774,965,2299,1000,13192,815,596,1452,25093,12546.5
3497,Gujarat,Rural,4,3479,1432,772,922,1255,804,852,1547,11063,2765.75
3498,Delhi,Rural,6,4337,2038,1507,1640,3862,1536,334,2154,17408,2901.33
3499,Karnataka,Rural,6,7132,2783,2706,2797,3088,2125,539,1904,23074,3845.67
3500,West Bengal,Urban,7,12569,7150,5583,3597,14602,3720,882,2721,50824,7260.57
3501,Delhi,Urban,7,15854,7586,2328,3637,14496,2492,3093,2576,52062,7437.43
3502,Kerala,Rural,3,6159,1843,1088,1158,3409,1714,439,766,16576,5525.33
3503,Maharashtra,Rural,7,9026,3625,1781,1734,130,1761,1357,2699,22113,3159.0
3504,Karnataka,Rural,4,2726,488,1144,464,2109,396,576,768,8671,2167.75
3505,Kerala,Rural,5,3168,1228,1387,938,3367,720,205,344,11357,2271.4
3506,Tamil Nadu,Urban,4,16215,3641,4774,4403,13166,2555,922,4082,49758,12439.5
3507,Tamil Nadu,Rural,7,4584,1454,1381,736,2109,713,436,1391,12804,1829.14
3508,West Bengal,Rural,6,3520,1484,988,768,1098,398,408,714,9378,1563.0
3509,Uttar Pradesh,Rural,7,5279,1194,1270,1594,816,1027,719,1071,12970,1852.86
3510,Gujarat,Urban,5,16125,7043,5703,3945,9115,2736,1113,5927,51707,10341.4
3511,West Bengal,Urban,2,6393,2332,1665,1606,7641,907,842,728,22114,11057.0
3512,Rajasthan,Urban,4,4412,2463,1215,1001,11782,1174,1225,2271,25543,6385.75
3513,Delhi,Urban,7,6147,1400,2245,2514,10381,707,596,1453,25443,3634.71
3514,Delhi,Urban,4,5617,2296,1317,1700,8229,1417,692,1911,23179,5794.75
3515,Rajasthan,Rural,7,2548,838,528,679,1760,759,231,679,8022,1146.0
3516,Uttar Pradesh,Rural,7,5554,1414,1710,1563,985,1432,853,832,14343,2049.0
3517,Uttar Pradesh,Urban,3,13819,2170,6170,4344,7290,3636,1492,5033,43954,14651.33
3518,Uttar Pradesh,Rural,6,6700,1404,1065,3048,2741,2035,1506,1245,19744,3290.67
3519,Maharashtra,Urban,5,14163,4477,2062,3321,15672,1466,1194,3656,46011,9202.2
3520,Karnataka,Rural,4,5334,2574,1364,1042,2382,992,821,1846,16355,4088.75
3521,Maharashtra,Rural,2,5559,2705,1301,2282,263,836,606,1478,15030,7515.0
3522,West Bengal,Urban,3,9555,5327,3189,3540,15298,3215,2558,3246,45928,15309.33
3523,Karnataka,Urban,3,13738,8033,2200,4769,7946,3167,1577,6423,47853,15951.0
3524,Maharashtra,Rural,2,8379,1885,2906,1414,2296,1187,609,903,19579,9789.5
3525,Tamil Nadu,Urban,3,10785,4624,4323,4437,15627,1436,2095,3745,47072,15690.67
3526,Delhi,Rural,8,3023,757,703,891,2948,501,535,1291,10649,1331.12
3527,Karnataka,Urban,3,14589,5798,5426,3362,17687,2795,1188,6699,57544,19181.33
3528,West Bengal,Rural,3,7096,2344,2182,1670,1136,1217,1011,757,17413,5804.33
3529,Uttar Pradesh,Urban,8,7400,2256,1226,1055,7959,1018,1046,647,22607,2825.88
3530,Uttar Pradesh,Rural,4,4366,2010,1876,1233,375,1034,1072,1110,13076,3269.0
3531,West Bengal,Rural,5,5188,893,757,633,2983,588,439,1430,12911,2582.2
3532,Karnataka,Urban,2,15398,8539,6980,4568,13532,3377,1877,7221,61492,30746.0
3533,Bihar,Urban,6,12568,2498,1989,3037,14261,2034,2358,3225,41970,6995.0
3534,West Bengal,Urban,2,6940,2623,1537,3424,6149,1237,1166,917,23993,11996.5
3535,Uttar Pradesh,Rural,3,1629,704,614,881,1910,253,454,527,6972,2324.0
3536,Karnataka,Rural,2,2429,1081,757,978,3853,669,397,632,10796,5398.0
3537,West Bengal,Rural,4,5411,2298,2001,1096,41,983,793,680,13303,3325.75
3538,Uttar Pradesh,Rural,6,3090,954,703,883,3547,506,295,919,10897,1816.17
3539,Tamil Nadu,Rural,3,4207,1115,1353,1798,2547,763,819,846,13448,4482.67
3540,Tamil Nadu,Urban,5,13014,3879,4209,6309,6036,2955,1018,4259,41679,8335.8
3541,Maharashtra,Urban,3,6189,3192,941,1337,3291,957,495,2111,18513,6171.0
3542,Rajasthan,Urban,4,5513,1861,1476,2004,11569,1033,1023,1636,26115,6528.75
3543,Maharashtra,Rural,4,4623,2353,913,709,1932,942,454,1356,13282,3320.5
3544,Gujarat,Rural,6,3144,1958,910,1013,1720,1103,744,1438,12030,2005.0
3545,Kerala,Urban,5,7490,3894,2142,2983,6505,1258,1318,1138,26728,5345.6
3546,Uttar Pradesh,Urban,7,7516,2393,1627,1196,5653,1736,719,759,21599,3085.57
3547,Uttar Pradesh,Urban,6,22124,7683,4084,3323,10817,4326,3958,3164,59479,9913.17
3548,Karnataka,Urban,6,17061,5383,2411,4196,5031,4860,1790,5027,45759,7626.5
3549,Maharashtra,Urban,8,5494,1337,1976,1065,15800,1240,857,1044,28813,3601.62
3550,Uttar Pradesh,Rural,5,5362,2425,943,1228,660,1279,404,807,13108,2621.6
3551,Gujarat,Urban,3,17073,6936,6431,3646,16679,2395,1077,5798,60035,20011.67
3552,Tamil Nadu,Rural,8,4770,2154,1368,1102,3318,647,626,449,14434,1804.25
3553,Bihar,Urban,3,18175,7830,4342,2789,16411,3927,2736,6402,62612,20870.67
3554,West Bengal,Urban,8,12163,5360,1934,5946,17828,3553,1277,6128,54189,6773.62
3555,Bihar,Rural,7,8534,1981,2683,1172,976,1125,1356,2203,20030,2861.43
3556,Maharashtra,Urban,4,11796,6179,5030,3525,13107,3651,2300,4214,49802,12450.5
3557,Kerala,Urban,5,22553,4763,2248,8361,10797,2940,3313,7888,62863,12572.6
3558,Gujarat,Urban,5,8250,1413,2078,2667,11855,1722,855,1956,30796,6159.2
3559,Gujarat,Rural,4,5075,763,1323,1352,3046,742,347,1556,14204,3551.0
3560,West Bengal,Urban,6,19569,8936,3350,6655,9815,2908,2297,3216,56746,9457.67
3561,Uttar Pradesh,Rural,8,5766,2248,1872,1843,976,979,1306,1310,16300,2037.5
3562,Delhi,Rural,7,2166,737,1122,864,1524,553,650,349,7965,1137.86
3563,Kerala,Urban,7,13642,6134,2009,5090,16928,4539,3155,3330,54827,7832.43
3564,Maharashtra,Rural,5,7030,2827,1347,1026,1618,1497,1069,1445,17859,3571.8
3565,Tamil Nadu,Rural,6,5192,2803,760,2570,2090,1267,608,549,15839,2639.83
3566,Delhi,Urban,5,13993,3873,3565,2582,16766,4862,2351,4419,52411,10482.2
3567,Karnataka,Urban,6,16467,5029,3698,5500,14366,2522,2291,1649,51522,8587.0
3568,Uttar Pradesh,Urban,3,8871,3771,1987,3550,4075,1966,1369,1775,27364,9121.33
3569,Tamil Nadu,Rural,3,3007,1426,478,941,3667,947,404,1518,12388,4129.33
3570,West Bengal,Rural,7,6632,2309,2457,1848,3784,1199,1059,2028,21316,3045.14
3571,Rajasthan,Rural,4,4736,1330,1090,1639,336,1216,584,867,11798,2949.5
3572,Tamil Nadu,Urban,8,14565,3462,3245,3862,16506,3480,2019,3500,50639,6329.88
3573,Uttar Pradesh,Rural,7,2672,1312,686,487,882,536,515,1129,8219,1174.14
3574,Uttar Pradesh,Urban,8,5805,3311,1201,3256,8340,1955,1101,3132,28101,3512.62
3575,Rajasthan,Urban,7,12052,5352,5282,4974,8174,2924,1559,2618,42935,6133.57
3576,Tamil Nadu,Urban,7,7755,2654,1098,3726,15551,1228,1100,3481,36593,5227.57
3577,Bihar,Rural,2,8390,2915,2020,2060,3711,791,1229,1110,22226,11113.0
3578,Gujarat,Urban,8,9688,4778,3324,4749,7600,1856,781,3160,35936,4492.0
3579,Kerala,Urban,4,9928,2859,2617,3048,10047,2025,1414,2017,33955,8488.75
3580,Tamil Nadu,Rural,5,2945,962,918,1417,3474,990,392,1190,12288,2457.6
3581,Karnataka,Urban,2,15199,6257,2906,3874,6302,2972,1497,5590,44597,22298.5
3582,Rajasthan,Rural,5,4304,631,1446,1446,3801,676,550,1255,14109,2821.8
3583,West Bengal,Urban,3,13059,4910,2185,4379,11019,2992,2940,6201,47685,15895.0
3584,West Bengal,Urban,5,20213,7920,5815,6601,14210,3085,3899,4679,66422,13284.4
3585,Tamil Nadu,Rural,3,7314,3029,1162,1215,3152,1702,766,1511,19851,6617.0
3586,Rajasthan,Urban,2,17846,5349,5900,3785,7602,3275,1656,6619,52032,26016.0
3587,Rajasthan,Rural,8,8439,2728,2534,2069,750,1816,1040,853,20229,2528.62
3588,Rajasthan,Urban,7,5791,2811,1040,2168,10932,1881,549,890,26062,3723.14
3589,Maharashtra,Urban,6,17219,8233,7001,7099,4351,2534,3879,4726,55042,9173.67
3590,Delhi,Rural,8,5260,1830,1838,2120,2485,928,1239,2321,18021,2252.62
3591,Kerala,Urban,4,14965,6352,2013,5400,10744,1515,1874,4487,47350,11837.5
3592,Karnataka,Urban,5,11159,5077,1740,5219,9402,1823,1474,3122,39016,7803.2
3593,Rajasthan,Urban,6,15651,5587,5432,4967,12707,3125,3055,3492,54016,9002.67
3594,Maharashtra,Rural,6,6248,1481,1523,1131,2744,1364,707,1382,16580,2763.33
3595,Karnataka,Urban,5,17952,10404,5884,7998,15470,3800,3673,3732,68913,13782.6
3596,Tamil Nadu,Rural,5,5837,2716,1639,1030,160,1255,1027,934,14598,2919.6
3597,Tamil Nadu,Urban,8,13471,2685,2359,5307,8152,1959,2360,3158,39451,4931.38
3598,Maharashtra,Rural,8,4644,902,1581,1198,3563,1533,857,2295,16573,2071.62
3599,Kerala,Urban,7,15835,8399,5524,3761,4858,3316,1347,4346,47386,6769.43
3600,Rajasthan,Rural,7,6760,1417,1088,886,2783,1127,708,2149,16918,2416.86
3601,Kerala,Rural,4,7711,2740,1217,2681,3751,1305,722,2071,22198,5549.5
3602,Maharashtra,Rural,5,2404,524,663,455,3300,394,343,228,8311,1662.2
3603,Karnataka,Rural,8,5453,2554,2688,1581,453,1767,1355,2283,18134,2266.75
3604,Karnataka,Rural,5,2985,1269,542,594,4,512,197,571,6674,1334.8
3605,Rajasthan,Rural,3,3346,675,1037,733,249,644,206,739,7629,2543.0
3606,West Bengal,Urban,5,13978,7124,3637,4556,10096,2371,2273,4250,48285,9657.0
3607,Delhi,Urban,5,7926,3964,2994,1605,12046,2530,2073,4126,37264,7452.8
3608,Maharashtra,Rural,5,2507,1028,818,663,1908,343,161,618,8046,1609.2
3609,Delhi,Urban,5,7238,1711,1058,1295,15758,1250,438,1192,29940,5988.0
3610,Delhi,Rural,6,6284,2759,1864,2335,409,1813,1079,1890,18433,3072.17
3611,Gujarat,Urban,2,5359,2332,2812,3079,15159,1904,632,1013,32290,16145.0
3612,Rajasthan,Rural,7,5554,2240,1474,2279,1830,1827,1569,3031,19804,2829.14
3613,Karnataka,Rural,7,5947,2459,831,2215,3767,1115,614,1081,18029,2575.57
3614,Uttar Pradesh,Urban,2,20031,5273,4990,4009,7131,2424,3168,1475,48501,24250.5
3615,Tamil Nadu,Rural,4,4556,1819,966,1939,1180,892,790,822,12964,3241.0
3616,Bihar,Rural,7,6418,2357,838,1102,1975,1290,1268,1967,17215,2459.29
3617,Kerala,Urban,7,5112,2111,1528,2340,14979,1144,1259,875,29348,4192.57
3618,Uttar Pradesh,Urban,4,7618,3192,1217,3042,10394,1615,1324,2776,31178,7794.5
3619,Rajasthan,Urban,3,21490,2629,2549,4671,11184,2756,2191,2178,49648,16549.33
3620,West Bengal,Urban,4,13684,4610,4226,3476,17280,2005,2134,2660,50075,12518.75
3621,Uttar Pradesh,Urban,5,6482,2597,2781,2399,13114,2113,1323,1899,32708,6541.6
3622,Kerala,Rural,7,3617,1879,984,1363,2732,893,431,1287,13186,1883.71
3623,Gujarat,Rural,8,2425,1290,970,1053,2980,392,276,820,10206,1275.75
3624,Karnataka,Rural,6,2429,1471,1304,522,782,610,490,543,8151,1358.5
3625,Maharashtra,Urban,4,17345,3866,4967,4267,14528,4299,2020,5111,56403,14100.75
3626,Bihar,Rural,8,6786,1451,3041,2645,317,1662,1389,1253,18544,2318.0
3627,Delhi,Urban,7,19179,5775,3204,5060,15201,2194,2030,4611,57254,8179.14
3628,Bihar,Urban,2,8575,2094,2954,3487,16989,1939,864,1026,37928,18964.0
3629,West Bengal,Urban,8,9214,1616,2900,3633,3593,1576,1601,2468,26601,3325.12
3630,Maharashtra,Urban,4,7858,1100,2550,1997,5811,1942,791,2026,24075,6018.75
3631,Uttar Pradesh,Rural,5,7587,2649,2505,1932,540,1120,987,1364,18684,3736.8
3632,Kerala,Urban,6,15130,3433,6702,5333,8727,4095,2387,3553,49360,8226.67
3633,Rajasthan,Urban,2,8783,2638,2568,1012,8722,1348,1453,1420,27944,13972.0
3634,Gujarat,Rural,5,3303,527,979,1216,1144,795,554,767,9285,1857.0
3635,Rajasthan,Rural,2,3436,1621,517,1790,2583,881,450,981,12259,6129.5
3636,Delhi,Urban,3,21373,6595,5501,6742,5551,2812,2732,3600,54906,18302.0
3637,Tamil Nadu,Rural,7,3319,567,914,968,2638,838,512,1319,11075,1582.14
3638,Karnataka,Urban,2,16267,4115,4406,3326,12723,2036,2605,5693,51171,25585.5
3639,West Bengal,Rural,5,7348,1841,3054,2268,1611,1613,442,2338,20515,4103.0
3640,Delhi,Urban,3,6300,2685,1246,1293,12441,1500,1079,975,27519,9173.0
3641,Rajasthan,Urban,2,17931,3326,7157,4387,15176,5051,3139,4024,60191,30095.5
3642,Rajasthan,Urban,5,7861,2984,1949,4012,3131,1387,1248,3401,25973,5194.6
3643,Kerala,Rural,3,5776,1835,2185,2418,2676,1237,579,929,17635,5878.33
3644,Uttar Pradesh,Rural,4,7249,2282,1318,1393,242,1026,1657,2679,17846,4461.5
3645,West Bengal,Rural,6,3126,1094,843,1400,290,812,242,714,8521,1420.17
3646,West Bengal,Rural,4,2658,346,517,638,99,517,339,260,5374,1343.5
3647,Delhi,Rural,2,6094,2286,1814,816,2614,726,1153,602,16105,8052.5
3648,Kerala,Rural,4,4129,2405,2169,802,2188,1068,520,1894,15175,3793.75
3649,Maharashtra,Urban,2,10116,2897,2309,2162,9619,2179,2219,3821,35322,17661.0
3650,Maharashtra,Rural,8,3751,842,576,1454,2945,461,287,400,10716,1339.5
3651,Gujarat,Rural,3,5504,1839,1218,947,2314,1201,535,962,14520,4840.0
3652,Uttar Pradesh,Urban,6,14992,5008,2558,5140,10072,3275,1218,3137,45400,7566.67
3653,Maharashtra,Urban,6,13991,8050,4885,4175,8157,3174,1175,1769,45376,7562.67
3654,Karnataka,Urban,8,17696,6053,3598,4917,13199,5378,3878,4323,59042,7380.25
3655,Delhi,Rural,5,3239,1839,1437,706,2475,978,474,641,11789,2357.8
3656,Bihar,Rural,5,4845,2158,1201,716,1823,754,855,944,13296,2659.2
3657,Delhi,Rural,2,9276,2248,868,1066,3032,1200,436,1570,19696,9848.0
3658,Maharashtra,Urban,8,22838,5464,6991,2802,3879,4588,1258,6915,54735,6841.88
3659,Uttar Pradesh,Rural,8,5839,2575,1702,973,543,1322,1138,610,14702,1837.75
3660,Uttar Pradesh,Urban,6,15439,5634,2747,5804,11359,2127,988,5738,49836,8306.0
3661,Tamil Nadu,Urban,4,5584,1954,759,1200,13151,1525,825,978,25976,6494.0
3662,Karnataka,Rural,3,5436,1135,982,832,245,725,1119,1124,11598,3866.0
3663,Karnataka,Rural,3,4130,1726,1115,1693,209,850,701,884,11308,3769.33
3664,Maharashtra,Urban,6,12433,5526,3100,2625,5601,3050,772,1785,34892,5815.33
3665,Gujarat,Urban,4,10313,3219,3767,2208,12188,2445,1856,3858,39854,9963.5
3666,Gujarat,Rural,3,2457,987,884,501,3407,568,372,899,10075,3358.33
3667,Maharashtra,Rural,2,4761,1717,1311,969,1731,907,743,1315,13454,6727.0
3668,West Bengal,Rural,3,5174,2006,1248,1093,1203,992,590,1739,14045,4681.67
3669,Kerala,Rural,5,5281,914,1071,831,139,1059,438,1917,11650,2330.0
3670,Tamil Nadu,Rural,2,3525,563,1054,672,3646,875,540,1304,12179,6089.5
3671,Kerala,Rural,2,4708,854,1087,687,2895,867,335,387,11820,5910.0
3672,Maharashtra,Rural,6,4869,2296,1484,2176,2872,796,1048,2274,17815,2969.17
3673,Delhi,Rural,8,4255,2107,879,2112,2243,1541,444,1185,14766,1845.75
3674,West Bengal,Rural,5,3090,598,1142,990,2557,384,206,1099,10066,2013.2
3675,Delhi,Rural,4,3757,969,767,1229,2400,593,431,1250,11396,2849.0
3676,Uttar Pradesh,Urban,2,12636,4230,2243,3255,9568,3071,1056,5985,42044,21022.0
3677,Karnataka,Urban,2,7550,2870,1196,2617,10709,1892,668,2199,29701,14850.5
3678,Kerala,Rural,8,5842,1493,2091,1549,621,1123,391,1353,14463,1807.88
3679,Uttar Pradesh,Rural,6,7417,968,1748,1541,2729,780,1241,1708,18132,3022.0
3680,Uttar Pradesh,Rural,7,2741,1889,745,1455,3321,973,325,950,12399,1771.29
3681,Rajasthan,Urban,6,12827,2813,4131,4472,15451,3474,2827,4895,50890,8481.67
3682,Tamil Nadu,Urban,2,9759,5306,2680,4424,8133,2610,1912,2697,37521,18760.5
3683,Uttar Pradesh,Urban,3,21609,7686,6426,4679,8681,2219,3058,3757,58115,19371.67
3684,Kerala,Urban,8,11026,4168,3051,3019,6098,1598,1016,3637,33613,4201.62
3685,Delhi,Urban,6,15216,4612,2889,3301,7778,1769,878,3366,39809,6634.83
3686,West Bengal,Rural,8,6732,1061,1030,2212,2103,661,926,1665,16390,2048.75
3687,Karnataka,Rural,2,4539,1284,1545,1459,1515,1194,1207,2246,14989,7494.5
3688,Uttar Pradesh,Urban,3,12530,4107,4131,4762,14127,1359,2048,4733,47797,15932.33
3689,Rajasthan,Urban,5,17453,8161,7681,3072,4456,2388,3290,5376,51877,10375.4
3690,Gujarat,Rural,7,3486,1431,996,1211,3394,632,501,1827,13478,1925.43
3691,Bihar,Rural,6,4043,1850,1198,1434,597,909,326,866,11223,1870.5
3692,Delhi,Rural,2,2458,1343,692,983,728,535,643,1268,8650,4325.0
3693,Kerala,Urban,6,22459,6319,7614,7079,4090,5516,1431,5300,59808,9968.0
3694,Rajasthan,Urban,3,16922,7769,4780,5033,3721,3338,1709,7136,50408,16802.67
3695,Uttar Pradesh,Rural,6,5975,2971,2651,1528,1611,873,689,1228,17526,2921.0
3696,Bihar,Rural,2,3025,640,978,1044,2856,588,586,961,10678,5339.0
3697,Gujarat,Urban,8,7482,2034,2896,1315,16431,1445,1103,2039,34745,4343.12
3698,Uttar Pradesh,Rural,3,8014,2428,1904,1300,1325,801,900,1763,18435,6145.0
3699,Maharashtra,Rural,5,3861,1427,632,1282,1557,650,510,757,10676,2135.2
3700,Bihar,Urban,4,12973,4677,4773,3491,10915,2674,2217,2691,44411,11102.75
3701,Bihar,Urban,5,14915,7228,3409,5039,12362,3225,3321,7584,57083,11416.6
3702,Bihar,Rural,5,7206,1857,1446,1755,1725,1578,634,851,17052,3410.4
3703,Rajasthan,Rural,2,3042,838,895,389,3874,314,191,988,10531,5265.5
3704,Karnataka,Urban,3,8595,3094,900,1058,6561,1461,1618,2746,26033,8677.67
3705,Rajasthan,Rural,8,3867,919,548,1215,2727,657,239,1216,11388,1423.5
3706,Rajasthan,Urban,5,15008,7561,6000,4088,10409,5611,4310,3663,56650,11330.0
3707,Rajasthan,Urban,7,7898,996,2254,1944,5098,1230,794,997,21211,3030.14
3708,West Bengal,Rural,6,6157,2918,1165,2091,1307,1118,1036,2452,18244,3040.67
3709,Kerala,Urban,4,18694,3241,6420,4045,12545,3283,1806,4953,54987,13746.75
3710,Delhi,Rural,6,6263,3332,2099,1731,3966,1814,1066,1644,21915,3652.5
3711,Delhi,Urban,5,13742,4484,2449,4430,12703,2451,2291,2788,45338,9067.6
3712,West Bengal,Urban,5,12337,3594,1578,1423,13046,2556,1175,1903,37612,7522.4
3713,Gujarat,Rural,4,4187,1483,1816,2068,3139,1469,745,1892,16799,4199.75
3714,West Bengal,Rural,5,3397,1829,1310,1346,3675,1188,956,732,14433,2886.6
3715,Uttar Pradesh,Urban,7,23814,8157,4430,7193,13353,2641,1533,7793,68914,9844.86
3716,Kerala,Rural,4,1662,995,868,603,2796,402,321,350,7997,1999.25
3717,Kerala,Urban,6,19074,8756,6213,6265,5584,2995,3754,7358,59999,9999.83
3718,Rajasthan,Rural,2,7813,1823,3078,1632,1251,1093,1012,1419,19121,9560.5
3719,Tamil Nadu,Urban,4,14443,8533,6768,2903,3034,3782,1953,2750,44166,11041.5
3720,Rajasthan,Urban,7,6318,3585,3621,2404,11094,1496,1267,2909,32694,4670.57
3721,Bihar,Urban,8,13134,6571,2639,4821,14368,2182,2648,3262,49625,6203.12
3722,Kerala,Urban,5,13860,6735,2474,3232,15871,4332,2420,4793,53717,10743.4
3723,Gujarat,Rural,4,5797,1705,1176,1266,2143,1904,753,2397,17141,4285.25
3724,Uttar Pradesh,Urban,3,7772,4710,2642,2504,10135,2367,2269,1216,33615,11205.0
3725,Maharashtra,Urban,8,23095,6576,2578,5481,4181,4751,2812,2720,52194,6524.25
3726,Bihar,Urban,6,12628,3399,2638,4209,9026,1671,2275,2494,38340,6390.0
3727,Rajasthan,Rural,8,4828,2844,711,1180,1408,688,1272,2195,15126,1890.75
3728,Bihar,Urban,5,16746,4498,3702,6729,3006,2865,1724,5886,45156,9031.2
3729,Tamil Nadu,Urban,2,9646,4607,2825,1956,15021,2459,1045,1991,39550,19775.0
3730,Rajasthan,Rural,8,4571,2664,769,1238,3149,1309,1144,556,15400,1925.0
3731,Uttar Pradesh,Urban,6,10910,2439,2516,3933,7738,1535,1867,2676,33614,5602.33
3732,Kerala,Rural,5,5570,2230,1139,1103,2128,1485,697,458,14810,2962.0
3733,Uttar Pradesh,Urban,4,14812,5085,8219,8293,17860,3393,4058,4803,66523,16630.75
3734,Delhi,Rural,4,3804,988,1044,2141,1194,1421,1010,840,12442,3110.5
3735,Rajasthan,Urban,7,15395,7103,2854,7739,13861,4843,2447,6400,60642,8663.14
3736,Gujarat,Urban,5,7585,1433,1888,1297,16961,1058,632,1990,32844,6568.8
3737,Bihar,Rural,2,5027,2764,1050,1489,3758,1164,1293,2098,18643,9321.5
3738,Tamil Nadu,Rural,8,5983,1496,2093,2027,2524,815,1095,1617,17650,2206.25
3739,Kerala,Rural,7,3069,888,1081,943,3078,732,258,1041,11090,1584.29
3740,Kerala,Rural,4,3378,952,485,979,2191,623,798,1148,10554,2638.5
3741,Tamil Nadu,Rural,5,6549,1132,2381,1117,1848,1719,757,2017,17520,3504.0
3742,Rajasthan,Rural,5,4246,1835,1362,1598,743,514,278,1324,11900,2380.0
3743,Bihar,Rural,8,8708,1143,1012,2588,3241,802,915,2393,20802,2600.25
3744,Rajasthan,Rural,8,5301,2616,1174,1376,3095,1410,1477,2644,19093,2386.62
3745,Kerala,Rural,3,3606,1254,996,1156,2147,650,1003,605,11417,3805.67
3746,Kerala,Rural,4,5022,1765,1631,1667,1670,1197,1087,2099,16138,4034.5
3747,Kerala,Rural,6,2875,932,634,491,3271,558,475,718,9954,1659.0
3748,West Bengal,Rural,7,3731,493,1045,1197,3572,568,232,1213,12051,1721.57
3749,Uttar Pradesh,Rural,7,4410,2502,1311,2367,3696,1213,720,648,16867,2409.57
3750,Kerala,Rural,7,4944,2779,1194,1173,1343,950,860,2161,15404,2200.57
3751,Tamil Nadu,Urban,4,22530,4737,6061,6005,11384,4649,3933,4009,63308,15827.0
3752,Tamil Nadu,Rural,2,8339,2194,2462,2706,1471,1409,403,2460,21444,10722.0
3753,West Bengal,Rural,7,5160,2954,1873,1358,3487,908,1081,1972,18793,2684.71
3754,Karnataka,Rural,8,5838,1517,1704,1814,3399,1588,1052,2185,19097,2387.12
3755,Karnataka,Rural,3,6276,1836,1852,1519,1435,817,438,1480,15653,5217.67
3756,Bihar,Urban,4,16307,3198,6955,3564,16539,2369,3150,1803,53885,13471.25
3757,Kerala,Rural,2,3596,2515,1389,1538,1397,1146,973,1476,14030,7015.0
3758,Karnataka,Rural,5,8657,2493,1074,1749,1857,1751,998,2291,20870,4174.0
3759,Delhi,Rural,7,5993,1843,2058,2915,2979,1574,757,772,18891,2698.71
3760,Maharashtra,Rural,6,5005,627,1526,844,178,913,569,1198,10860,1810.0
3761,Delhi,Rural,5,5045,2647,2827,2496,1825,1331,456,691,17318,3463.6
3762,Karnataka,Urban,6,7872,1340,1166,1682,5628,1598,1788,2850,23924,3987.33
3763,Gujarat,Urban,2,8021,3198,2464,1942,11714,1620,1336,2527,32822,16411.0
3764,West Bengal,Urban,5,16977,5718,5985,4618,13302,3323,2644,2221,54788,10957.6
3765,Tamil Nadu,Urban,8,5596,3534,3207,1240,15583,1729,1719,2276,34884,4360.5
3766,Maharashtra,Urban,2,14717,8187,5810,6389,14481,3192,2905,5431,61112,30556.0
3767,Uttar Pradesh,Urban,5,6535,2237,1242,1400,14588,1628,800,3119,31549,6309.8
3768,West Bengal,Rural,6,7084,2079,901,2276,2466,1367,715,1266,18154,3025.67
3769,Bihar,Rural,6,2946,1220,787,735,1532,931,427,635,9213,1535.5
3770,Delhi,Rural,4,7815,2847,2116,1466,3238,1255,1380,590,20707,5176.75
3771,Maharashtra,Rural,8,2117,705,506,429,657,430,571,254,5669,708.62
3772,Gujarat,Urban,2,6394,3005,1952,2370,7023,1539,931,2327,25541,12770.5
3773,Tamil Nadu,Urban,3,13925,5778,3858,6447,13244,4363,2244,4237,54096,18032.0
3774,Gujarat,Rural,3,6407,2573,838,2299,3845,1577,584,1474,19597,6532.33
3775,Delhi,Rural,4,4954,2805,1089,1014,2354,715,567,1253,14751,3687.75
3776,Bihar,Rural,3,4696,2102,1324,1053,451,1271,327,984,12208,4069.33
3777,Delhi,Urban,3,10891,1694,2190,3856,7299,1765,1475,3438,32608,10869.33
3778,Delhi,Rural,5,3091,1524,1433,1288,617,547,808,813,10121,2024.2
3779,Karnataka,Urban,2,16881,2400,3790,2409,9377,3558,2105,2215,42735,21367.5
3780,West Bengal,Urban,3,14623,3139,4961,2602,7688,3727,1840,4558,43138,14379.33
3781,Bihar,Rural,8,2430,854,767,622,3898,331,429,671,10002,1250.25
3782,Kerala,Rural,8,3733,1285,1141,598,3000,869,256,1232,12114,1514.25
3783,Maharashtra,Urban,8,9495,5154,4113,2860,11349,1622,2494,2196,39283,4910.38
3784,Karnataka,Urban,5,9555,3383,1507,2043,12256,1010,1629,841,32224,6444.8
3785,Delhi,Rural,4,2703,827,567,405,164,315,309,539,5829,1457.25
3786,Rajasthan,Rural,8,5958,3132,2269,950,3695,1646,859,1313,19822,2477.75
3787,Delhi,Rural,8,5125,1674,750,1017,2591,1215,803,1126,14301,1787.62
3788,Uttar Pradesh,Rural,7,2548,1115,964,668,2326,472,241,706,9040,1291.43
3789,Tamil Nadu,Urban,3,20326,3163,3181,4590,9609,3789,4000,2935,51593,17197.67
3790,Kerala,Rural,3,1940,968,615,377,3807,499,348,454,9008,3002.67
3791,West Bengal,Rural,2,4666,577,606,826,3230,953,637,847,12342,6171.0
3792,Karnataka,Rural,3,2824,953,925,1222,3518,476,405,581,10904,3634.67
3793,Bihar,Urban,7,21343,6241,4220,6564,14896,3372,2607,7646,66889,9555.57
3794,Bihar,Urban,4,6583,3683,1376,2827,8949,1949,1422,899,27688,6922.0
3795,Uttar Pradesh,Rural,3,8588,2399,1463,2266,3657,980,1275,1854,22482,7494.0
3796,Karnataka,Urban,5,18066,6583,4601,6143,16119,3582,3440,3134,61668,12333.6
3797,Rajasthan,Rural,5,3478,990,622,1165,198,468,698,443,8062,1612.4
3798,Karnataka,Rural,4,7075,1699,2189,1297,3675,915,874,2207,19931,4982.75
3799,Karnataka,Urban,2,21829,3583,4414,6901,15269,3403,2173,2460,60032,30016.0
3800,Bihar,Rural,2,3410,1894,1684,1443,3797,1133,799,1144,15304,7652.0
3801,Delhi,Urban,3,9035,3048,3282,3107,14842,1886,1618,875,37693,12564.33
3802,Kerala,Rural,5,4840,1151,779,2502,400,1353,740,2209,13974,2794.8
3803,Tamil Nadu,Rural,3,2934,975,606,1355,373,640,548,844,8275,2758.33
3804,Kerala,Rural,2,2796,1650,982,1334,2374,514,292,1434,11376,5688.0
3805,Bihar,Rural,6,2086,752,352,733,1814,798,555,868,7958,1326.33
3806,Kerala,Urban,5,11957,3403,3583,4646,14670,2380,3573,1786,45998,9199.6
3807,Bihar,Rural,7,8950,2395,1172,2895,2413,1989,1518,2710,24042,3434.57
3808,Kerala,Urban,7,18839,6329,3338,5064,14133,4348,2318,4695,59064,8437.71
3809,West Bengal,Urban,8,8921,1313,1619,3208,11408,2181,653,2141,31444,3930.5
3810,Delhi,Rural,8,6337,2361,1101,1477,230,1094,599,654,13853,1731.62
3811,Bihar,Rural,7,4235,1180,1278,1432,2629,830,1056,1367,14007,2001.0
3812,Gujarat,Rural,6,7898,1159,1105,1713,120,1505,509,1956,15965,2660.83
3813,Maharashtra,Rural,3,8080,3215,1056,2304,1455,1660,1341,1259,20370,6790.0
3814,Karnataka,Urban,5,9772,2462,2009,2232,10193,1858,1338,1264,31128,6225.6
3815,Kerala,Rural,6,4468,957,1181,653,949,1055,252,887,10402,1733.67
3816,Tamil Nadu,Rural,7,2665,701,585,1008,139,317,511,1003,6929,989.86
3817,Uttar Pradesh,Rural,3,3730,1958,1522,1071,2582,1074,771,1536,14244,4748.0
3818,Tamil Nadu,Urban,2,12645,3868,1640,3575,12729,1787,1441,2330,40015,20007.5
3819,Kerala,Rural,2,6769,1528,1558,1233,3138,1480,405,1965,18076,9038.0
3820,Maharashtra,Rural,4,2341,782,481,410,1803,589,490,978,7874,1968.5
3821,West Bengal,Urban,6,14026,7109,3808,3969,5381,1750,996,4758,41797,6966.17
3822,Bihar,Rural,4,3901,1520,1711,2130,1452,728,404,1267,13113,3278.25
3823,West Bengal,Urban,2,17464,9350,6723,8192,8837,5207,1830,6741,64344,32172.0
3824,West Bengal,Urban,6,7566,968,986,1684,14975,1588,1178,2494,31439,5239.83
3825,Uttar Pradesh,Urban,5,11925,5577,5743,3323,8387,3746,1768,2711,43180,8636.0
3826,Tamil Nadu,Rural,6,5577,2913,2736,2096,2651,1004,626,674,18277,3046.17
3827,Delhi,Rural,5,5018,2036,1932,971,1719,958,507,878,14019,2803.8
3828,Kerala,Rural,7,5716,1280,2522,1865,1069,1586,546,2191,16775,2396.43
3829,Maharashtra,Rural,5,5704,1466,2862,2827,2246,1255,979,2486,19825,3965.0
3830,Rajasthan,Rural,4,1992,1189,812,363,1545,624,502,464,7491,1872.75
3831,Kerala,Urban,2,18605,5345,5161,3984,15626,3621,2979,2060,57381,28690.5
3832,Gujarat,Rural,8,6664,2597,1160,1478,3917,936,401,2248,19401,2425.12
3833,Bihar,Urban,4,12847,4211,5791,7008,15548,4723,2526,3328,55982,13995.5
3834,Bihar,Urban,6,18345,7773,7484,7159,3589,4471,1969,3574,54364,9060.67
3835,Uttar Pradesh,Rural,7,2398,1155,690,887,3562,641,555,1057,10945,1563.57
3836,Maharashtra,Urban,8,22367,5518,2828,4250,6652,2792,3207,7301,54915,6864.38
3837,Maharashtra,Urban,4,4892,1280,1674,1184,4260,1626,468,1546,16930,4232.5
3838,Kerala,Rural,3,3378,1197,1364,1197,2970,628,460,1020,12214,4071.33
3839,Delhi,Rural,8,7664,1576,1027,1358,1407,1525,1073,2127,17757,2219.62
3840,Uttar Pradesh,Urban,7,10419,5120,4363,3431,3974,2856,1550,1975,33688,4812.57
3841,Gujarat,Rural,8,5287,2580,1360,1210,3351,633,1224,2017,17662,2207.75
3842,Gujarat,Urban,6,9835,2258,2277,1349,10864,2206,1783,2810,33382,5563.67
3843,Rajasthan,Urban,7,8822,3390,1311,4264,8727,1870,2162,3341,33887,4841.0
3844,Gujarat,Urban,8,14446,8417,2903,4352,7768,3348,3650,2134,47018,5877.25
3845,Delhi,Rural,4,3415,595,578,481,1252,464,623,1159,8567,2141.75
3846,West Bengal,Urban,2,9776,1367,2579,2978,14977,1516,872,1703,35768,17884.0
3847,Maharashtra,Urban,3,14577,4180,5612,4383,9687,2732,3167,3232,47570,15856.67
3848,Rajasthan,Rural,8,7206,1684,1086,1134,2713,1054,1241,2525,18643,2330.38
3849,Uttar Pradesh,Rural,5,2205,975,1025,402,216,738,518,904,6983,1396.6
3850,West Bengal,Urban,2,10204,4135,2454,4683,15972,2994,1722,3942,46106,23053.0
3851,Rajasthan,Urban,6,23276,6834,6526,5062,3675,4762,4213,2718,57066,9511.0
3852,Bihar,Rural,2,6000,1291,2008,1332,104,1133,892,1184,13944,6972.0
3853,Maharashtra,Rural,2,4868,1750,1524,786,2362,1201,1079,1299,14869,7434.5
3854,West Bengal,Rural,7,3562,1644,974,701,2824,388,442,1014,11549,1649.86
3855,Delhi,Rural,8,3623,1290,583,1029,1526,763,865,1562,11241,1405.12
3856,Kerala,Urban,3,5752,1889,2767,2350,8553,1235,970,1960,25476,8492.0
3857,Rajasthan,Urban,2,6341,3133,2317,3681,11546,2369,1708,927,32022,16011.0
3858,Rajasthan,Urban,6,10606,4392,3944,1751,5810,1550,1281,2265,31599,5266.5
3859,Delhi,Urban,2,15025,4279,4001,5887,11019,4259,1857,3829,50156,25078.0
3860,Tamil Nadu,Rural,5,5544,2053,1284,1092,3453,1462,441,1036,16365,3273.0
3861,Bihar,Urban,8,10720,1483,2336,4174,8218,2187,1120,1677,31915,3989.38
3862,Karnataka,Urban,8,22114,6925,5496,5025,3065,2553,3725,1881,50784,6348.0
3863,Bihar,Rural,6,3559,627,735,1493,3845,999,357,507,12122,2020.33
3864,Tamil Nadu,Rural,8,2572,557,405,1083,1159,442,605,1137,7960,995.0
3865,Delhi,Rural,8,5562,1632,742,1661,2434,988,382,1539,14940,1867.5
3866,Tamil Nadu,Rural,8,4469,2326,2506,1164,3189,1128,946,1458,17186,2148.25
3867,Kerala,Rural,3,3654,2002,903,1838,2699,1154,313,738,13301,4433.67
3868,Gujarat,Urban,7,4507,1486,904,1571,9601,1032,586,1383,21070,3010.0
3869,West Bengal,Urban,8,8200,1827,1002,1575,6024,1030,1110,1379,22147,2768.38
3870,Gujarat,Rural,7,4666,1327,553,611,2856,624,537,418,11592,1656.0
3871,Tamil Nadu,Urban,3,23232,3319,3112,3486,5809,2565,2179,7123,50825,16941.67
3872,Maharashtra,Rural,2,3949,461,1025,1245,1348,634,697,1011,10370,5185.0
3873,Kerala,Rural,6,3534,656,833,1359,3,483,754,1106,8728,1454.67
3874,Tamil Nadu,Rural,7,2535,708,784,440,3116,474,502,449,9008,1286.86
3875,Tamil Nadu,Urban,2,13410,4152,4295,2799,15697,2764,2578,2140,47835,23917.5
3876,Tamil Nadu,Rural,6,2054,443,469,380,1225,323,176,225,5295,882.5
3877,Tamil Nadu,Urban,8,15247,5046,3130,7518,7903,3005,2495,7342,51686,6460.75
3878,Maharashtra,Rural,3,4388,1611,837,1910,1888,726,858,866,13084,4361.33
3879,Bihar,Rural,2,3392,786,736,852,2423,796,489,443,9917,4958.5
3880,Maharashtra,Urban,7,21482,9946,3594,6529,13356,5041,4337,5862,70147,10021.0
3881,Delhi,Urban,8,8252,2185,1377,1658,10488,1405,594,1741,27700,3462.5
3882,Rajasthan,Rural,8,2435,671,723,598,3836,415,536,1116,10330,1291.25
3883,Uttar Pradesh,Urban,3,15370,4278,4331,2148,6433,3384,2602,4211,42757,14252.33
3884,Rajasthan,Rural,6,2386,609,537,344,1473,597,158,622,6726,1121.0
3885,Kerala,Rural,3,3113,437,646,902,3226,495,399,768,9986,3328.67
3886,Gujarat,Rural,6,5929,1639,1222,1774,1311,1096,988,1595,15554,2592.33
3887,Kerala,Rural,4,5034,1480,870,1293,3976,642,771,2116,16182,4045.5
3888,Karnataka,Rural,5,2635,579,950,636,3821,427,229,684,9961,1992.2
3889,Uttar Pradesh,Rural,3,4913,727,1881,1437,3956,961,950,543,15368,5122.67
3890,Maharashtra,Urban,4,11463,7033,5333,3732,11940,2097,1495,4572,47665,11916.25
3891,Tamil Nadu,Urban,2,7623,1128,2693,1439,16967,1191,629,2527,34197,17098.5
3892,Uttar Pradesh,Urban,7,14534,8064,3049,3762,12190,2079,1753,6758,52189,7455.57
3893,Delhi,Urban,2,8282,1661,1298,1406,9677,2089,1350,3291,29054,14527.0
3894,Tamil Nadu,Rural,8,4927,1421,1112,1458,130,866,881,1804,12599,1574.88
3895,Karnataka,Rural,5,2315,508,791,934,2746,734,630,1098,9756,1951.2
3896,Delhi,Rural,4,4492,1757,1258,1490,3191,1224,393,583,14388,3597.0
3897,West Bengal,Rural,5,9278,3646,1497,2885,1946,839,979,1623,22693,4538.6
3898,Bihar,Rural,8,7409,1866,1169,2561,2301,1977,677,2959,20919,2614.88
3899,Tamil Nadu,Rural,3,2245,942,909,591,3383,376,204,696,9346,3115.33
3900,Karnataka,Rural,4,6329,2496,2653,2310,1624,906,1211,2157,19686,4921.5
3901,Maharashtra,Rural,6,6736,2415,1191,1644,1151,1622,541,1943,17243,2873.83
3902,Kerala,Urban,8,19047,2461,2049,4510,10130,2615,1097,2839,44748,5593.5
3903,Tamil Nadu,Urban,4,6378,2240,2209,1759,15922,2029,1473,1060,33070,8267.5
3904,Tamil Nadu,Rural,7,2832,1336,608,435,1472,784,233,275,7975,1139.29
3905,Rajasthan,Rural,8,7909,1968,1798,1464,611,1354,1264,2658,19026,2378.25
3906,Delhi,Urban,6,7350,4379,1743,1615,4457,2790,1973,1237,25544,4257.33
3907,Kerala,Rural,6,4500,1774,1553,1491,627,988,663,1097,12693,2115.5
3908,Uttar Pradesh,Rural,8,5329,1298,1557,2435,1645,1519,1359,1654,16796,2099.5
3909,Bihar,Urban,8,12080,6177,1643,4135,5864,2132,853,4913,37797,4724.62
3910,West Bengal,Urban,4,15662,3994,3877,5545,4060,3421,1759,4135,42453,10613.25
3911,Karnataka,Rural,8,3942,1637,966,792,302,600,235,1300,9774,1221.75
3912,Rajasthan,Urban,4,17066,2007,5757,5108,3505,2379,2163,5192,43177,10794.25
3913,Bihar,Rural,5,6312,910,896,2245,1572,1162,1404,1995,16496,3299.2
3914,Maharashtra,Rural,2,5156,1338,1703,1972,2067,1016,402,525,14179,7089.5
3915,Karnataka,Rural,5,4167,909,918,1355,3042,999,770,915,13075,2615.0
3916,Rajasthan,Urban,7,13700,3285,3368,4988,4666,3137,2807,3139,39090,5584.29
3917,Gujarat,Urban,4,15718,7425,5832,3214,16590,4296,2517,6171,61763,15440.75
3918,Bihar,Rural,8,4152,1521,634,1269,465,768,817,1401,11027,1378.38
3919,Rajasthan,Rural,7,5514,1101,3012,1904,646,1308,453,909,14847,2121.0
3920,West Bengal,Urban,7,9882,2905,2800,2136,4891,1511,552,2708,27385,3912.14
3921,Uttar Pradesh,Urban,6,5969,3375,1831,1246,11696,1879,939,910,27845,4640.83
3922,Rajasthan,Rural,8,5330,1471,919,1780,2976,1732,716,1140,16064,2008.0
3923,West Bengal,Rural,2,5010,2461,1522,1769,2139,748,553,1383,15585,7792.5
3924,West Bengal,Urban,8,14583,6994,4880,5987,11954,1931,1215,6083,53627,6703.38
3925,Karnataka,Rural,5,5591,2986,1556,1913,1136,1416,504,620,15722,3144.4
3926,Kerala,Urban,4,16112,4728,3033,5813,11436,2230,3025,1917,48294,12073.5
3927,Tamil Nadu,Rural,3,9506,3467,1160,2891,3492,1291,1050,1002,23859,7953.0
3928,Gujarat,Urban,6,11260,1800,4655,2883,16084,2139,1230,4508,44559,7426.5
3929,Rajasthan,Rural,4,5196,2159,1177,1954,1343,1284,975,1722,15810,3952.5
3930,Gujarat,Rural,2,3915,2090,1321,890,3213,1311,362,1278,14380,7190.0
3931,Bihar,Urban,5,17635,7302,3613,3663,5017,2788,2441,1669,44128,8825.6
3932,Rajasthan,Rural,3,5798,2503,1430,1738,2114,1920,1418,2648,19569,6523.0
3933,Delhi,Urban,3,25311,3479,6216,8557,8026,4851,3515,8679,68634,22878.0
3934,Uttar Pradesh,Urban,5,20834,8110,3304,7101,5785,5340,3083,1712,55269,11053.8
3935,West Bengal,Rural,3,3243,1566,1057,720,1754,451,644,773,10208,3402.67
3936,Tamil Nadu,Urban,6,15985,6791,4031,5781,11414,3118,3377,4664,55161,9193.5
3937,West Bengal,Rural,8,5964,2296,1564,1990,2649,931,340,1588,17322,2165.25
3938,Uttar Pradesh,Urban,2,5905,2597,1122,1775,15721,1906,562,1839,31427,15713.5
3939,Rajasthan,Urban,6,12005,7602,3999,3757,10369,2062,3284,4335,47413,7902.17
3940,Kerala,Urban,4,20482,4608,7501,4397,3123,2887,1723,5468,50189,12547.25
3941,Rajasthan,Urban,6,13109,4387,2254,2164,11154,3008,1651,2213,39940,6656.67
3942,Kerala,Urban,5,13207,5561,4937,3360,3213,1725,2527,3612,38142,7628.4
3943,Maharashtra,Rural,7,2362,926,939,884,2727,481,551,338,9208,1315.43
3944,Kerala,Rural,4,7893,1982,2367,1138,797,1165,1251,1057,17650,4412.5
3945,West Bengal,Rural,4,2705,607,813,569,3700,564,153,307,9418,2354.5
3946,Bihar,Rural,5,6062,1637,675,863,1871,709,913,1042,13772,2754.4
3947,Tamil Nadu,Urban,6,22601,4471,6908,3391,7303,5023,2875,2584,55156,9192.67
3948,Tamil Nadu,Urban,4,8531,3528,2376,2104,5670,1935,1569,2626,28339,7084.75
3949,Tamil Nadu,Rural,3,5806,2193,3030,1191,3150,1675,1438,3029,21512,7170.67
3950,Uttar Pradesh,Urban,5,16547,6307,4763,5352,6367,1618,2146,2334,45434,9086.8
3951,Uttar Pradesh,Rural,4,8628,3028,3063,2349,3649,1195,1086,2943,25941,6485.25
3952,Uttar Pradesh,Urban,4,13061,2057,2082,4235,5841,1368,2623,1775,33042,8260.5
3953,Kerala,Rural,8,1801,657,385,692,3643,493,422,913,9006,1125.75
3954,West Bengal,Rural,5,4023,1895,597,1074,2703,1087,682,1286,13347,2669.4
3955,Tamil Nadu,Rural,4,5232,2217,2121,2297,1617,850,887,977,16198,4049.5
3956,Karnataka,Urban,8,9106,3973,2304,2932,14585,2115,1737,2206,38958,4869.75
3957,Kerala,Rural,4,6248,1984,2602,2972,3061,1859,797,1703,21226,5306.5
3958,Karnataka,Urban,2,9300,2343,4213,3274,14812,1322,2271,2223,39758,19879.0
3959,Kerala,Rural,4,5586,1195,1755,1960,2277,1596,854,1872,17095,4273.75
3960,Rajasthan,Rural,5,6351,2853,2179,1919,1746,1387,1269,2150,19854,3970.8
3961,Gujarat,Rural,2,5078,1315,1292,1715,65,722,310,1146,11643,5821.5
3962,Gujarat,Rural,5,7008,2815,1191,1872,1713,1306,1354,2373,19632,3926.4
3963,Rajasthan,Rural,8,4210,1037,1276,1494,3666,830,637,1392,14542,1817.75
3964,Maharashtra,Urban,3,17593,7689,6538,4536,3475,3663,2648,2851,48993,16331.0
3965,Kerala,Rural,6,3746,1439,437,1180,2085,617,607,1199,11310,1885.0
3966,Delhi,Rural,6,5445,1550,1073,1494,659,1402,1121,2301,15045,2507.5
3967,Tamil Nadu,Urban,8,13715,4648,3694,7069,14866,4639,3297,4127,56055,7006.88
3968,Gujarat,Urban,7,5621,3313,838,1267,3211,1615,546,2773,19184,2740.57
3969,Gujarat,Urban,5,7392,3315,1892,1767,11500,1040,562,2452,29920,5984.0
3970,Rajasthan,Rural,7,6921,1558,2389,1278,2476,1578,1283,961,18444,2634.86
3971,Rajasthan,Urban,6,22625,3782,3923,4145,5179,5100,1710,2648,49112,8185.33
3972,Kerala,Urban,7,15930,7346,6982,3678,17871,4102,1467,5619,62995,8999.29
3973,Tamil Nadu,Rural,5,7587,2972,1160,1204,2663,787,746,2488,19607,3921.4
3974,Uttar Pradesh,Urban,7,19994,7415,8235,3867,7044,4097,1702,4810,57164,8166.29
3975,Kerala,Urban,5,13674,4224,5548,5158,7473,1782,985,3943,42787,8557.4
3976,Uttar Pradesh,Rural,2,5374,3442,831,1205,3536,1143,985,1090,17606,8803.0
3977,Rajasthan,Urban,3,24455,9925,6209,7508,8150,2716,2076,3966,65005,21668.33
3978,Maharashtra,Rural,3,4206,658,853,1231,982,766,283,567,9546,3182.0
3979,West Bengal,Urban,8,19554,3514,2636,6609,17700,2977,2266,7091,62347,7793.38
3980,West Bengal,Rural,3,8650,1750,1394,2239,1881,1734,1445,1201,20294,6764.67
3981,Karnataka,Rural,7,2562,613,1270,931,1947,358,601,1003,9285,1326.43
3982,Tamil Nadu,Urban,3,10628,6185,3479,4870,15616,2618,2140,1169,46705,15568.33
3983,Bihar,Rural,4,5187,3011,2868,2190,8,867,1073,2311,17515,4378.75
3984,Bihar,Urban,4,7279,4021,3626,3583,12163,2084,1317,3552,37625,9406.25
3985,Delhi,Rural,2,7826,1584,1089,2194,3319,1529,880,1407,19828,9914.0
3986,Maharashtra,Rural,4,2813,419,923,770,796,393,132,818,7064,1766.0
3987,Delhi,Urban,7,16495,4760,2703,5404,9114,4022,3361,1905,47764,6823.43
3988,Rajasthan,Urban,4,16929,6354,4861,5755,17808,3204,2678,2659,60248,15062.0
3989,Bihar,Rural,7,4002,965,1124,571,1323,569,453,1323,10330,1475.71
3990,Karnataka,Rural,8,6066,1076,1300,794,1785,1023,692,1100,13836,1729.5
3991,West Bengal,Urban,7,11568,4454,1772,4547,4609,1811,1885,3263,33909,4844.14
3992,Maharashtra,Urban,5,17213,3371,7584,4743,7497,3535,1430,6791,52164,10432.8
3993,Delhi,Urban,3,26622,6852,6369,3956,7252,2964,2835,7842,64692,21564.0
3994,Delhi,Rural,8,3235,805,601,752,836,602,775,1316,8922,1115.25
3995,Tamil Nadu,Rural,6,6040,1252,2663,2084,3354,1636,981,820,18830,3138.33
3996,Gujarat,Urban,4,16320,6146,5349,5411,8439,4094,3915,3858,53532,13383.0
3997,Uttar Pradesh,Rural,7,5085,927,1439,1709,3471,1306,538,1691,16166,2309.43
3998,Uttar Pradesh,Urban,7,11889,2240,4517,2750,3735,2991,2395,4767,35284,5040.57
3999,Karnataka,Rural,6,4684,1546,1199,1065,3590,712,755,1048,14599,2433.17
4000,Tamil Nadu,Rural,6,2485,1172,480,999,804,596,249,284,7069,1178.17
4001,Uttar Pradesh,Rural,6,2811,1249,665,1379,2991,870,278,1119,11362,1893.67
4002,Gujarat,Rural,3,5050,948,810,1743,1519,637,908,1270,12885,4295.0
4003,Maharashtra,Rural,6,8868,1973,1578,3023,2441,952,1130,1926,21891,3648.5
4004,Tamil Nadu,Rural,7,2046,1252,1013,505,982,632,511,285,7226,1032.29
4005,Karnataka,Urban,6,18759,8187,6629,8264,6543,2901,1183,3872,56338,9389.67
4006,Rajasthan,Rural,5,5728,999,779,2085,1914,1023,1114,1748,15390,3078.0
4007,Delhi,Rural,8,3996,1107,653,737,2861,635,265,510,10764,1345.5
4008,Maharashtra,Rural,7,2033,499,377,710,1071,557,269,589,6105,872.14
4009,Gujarat,Rural,2,5976,2097,692,1113,3484,1219,547,1927,17055,8527.5
4010,Delhi,Rural,3,2019,382,754,539,2912,260,153,335,7354,2451.33
4011,Maharashtra,Urban,8,4481,869,1069,1020,3308,1241,1174,943,14105,1763.12
4012,Karnataka,Rural,7,2675,1010,354,1034,2406,553,364,545,8941,1277.29
4013,Tamil Nadu,Rural,3,4227,1919,748,2093,3981,626,901,1326,15821,5273.67
4014,Kerala,Rural,3,6771,913,1938,1906,986,922,406,2307,16149,5383.0
4015,Rajasthan,Rural,6,2487,834,915,894,3027,659,528,987,10331,1721.83
4016,Bihar,Urban,4,9030,3326,4893,2035,13850,2749,1583,4905,42371,10592.75
4017,Gujarat,Urban,2,14281,3795,4223,4153,5345,3483,1601,6739,43620,21810.0
4018,Rajasthan,Rural,8,5001,1163,1132,2704,37,1186,1376,989,13588,1698.5
4019,Rajasthan,Rural,4,5521,3500,2157,1684,1138,1724,1449,2201,19374,4843.5
4020,West Bengal,Rural,7,4439,786,1655,976,1344,1486,1079,1540,13305,1900.71
4021,Kerala,Urban,7,11507,4793,4148,1821,5127,2610,1395,4072,35473,5067.57
4022,Maharashtra,Rural,3,3284,1407,1340,857,711,973,283,1708,10563,3521.0
4023,Delhi,Urban,4,16941,6229,7608,7361,4108,4026,3394,7689,57356,14339.0
4024,Gujarat,Urban,7,10943,2080,2448,3378,11133,2140,1474,1829,35425,5060.71
4025,Rajasthan,Rural,6,8144,2485,2460,1158,1313,1573,1033,1234,19400,3233.33
4026,Rajasthan,Urban,5,5884,2900,1560,2762,14734,1669,817,1548,31874,6374.8
4027,Kerala,Urban,2,9318,3744,1001,2201,4349,1746,652,2687,25698,12849.0
4028,Kerala,Rural,2,9029,2062,1197,1329,3778,1333,1198,2552,22478,11239.0
4029,Rajasthan,Rural,5,7237,2698,2146,2469,2505,1519,509,1949,21032,4206.4
4030,Delhi,Rural,5,2484,743,702,603,1145,865,591,1102,8235,1647.0
4031,Tamil Nadu,Rural,8,1940,793,612,662,690,546,310,720,6273,784.12
4032,Rajasthan,Urban,5,13756,3020,3511,4518,3210,2829,2363,3835,37042,7408.4
4033,Karnataka,Rural,3,4944,2419,2218,2079,1723,1339,655,1965,17342,5780.67
4034,Gujarat,Rural,3,4506,1500,1697,1816,2919,1239,696,1433,15806,5268.67
4035,West Bengal,Urban,8,9162,5024,2131,2382,7486,1968,1537,2419,32109,4013.62
4036,Uttar Pradesh,Rural,6,7085,2436,1581,2502,1934,1811,384,747,18480,3080.0
4037,Tamil Nadu,Urban,2,18287,4667,4086,5679,13610,2310,3481,1457,53577,26788.5
4038,Uttar Pradesh,Rural,5,3318,521,783,708,1022,616,443,1096,8507,1701.4
4039,Karnataka,Rural,8,3368,1270,800,1094,1548,695,289,397,9461,1182.62
4040,Bihar,Rural,3,4982,3406,2005,2683,731,1641,789,2697,18934,6311.33
4041,Rajasthan,Rural,5,3464,1561,598,1554,3956,953,331,370,12787,2557.4
4042,Rajasthan,Rural,2,5536,2135,1317,1015,2217,1167,849,502,14738,7369.0
4043,Uttar Pradesh,Urban,8,10628,4310,2011,3565,9012,1175,720,1538,32959,4119.88
4044,Gujarat,Rural,3,4780,2589,774,2152,659,682,862,901,13399,4466.33
4045,Rajasthan,Rural,4,2825,885,991,1367,2438,1057,497,1316,11376,2844.0
4046,Maharashtra,Urban,6,7753,3487,2112,3147,3738,2062,1645,1045,24989,4164.83
4047,Uttar Pradesh,Rural,4,3311,1088,782,601,535,620,288,861,8086,2021.5
4048,West Bengal,Urban,5,12077,2335,2967,2910,8770,3771,1610,2562,37002,7400.4
4049,Uttar Pradesh,Rural,8,6234,2057,2477,2916,1326,1719,1274,2985,20988,2623.5
4050,Tamil Nadu,Rural,7,4591,2081,1356,1732,3520,1132,379,1126,15917,2273.86
4051,Uttar Pradesh,Rural,5,8465,2303,2124,2706,3141,963,589,1450,21741,4348.2
4052,West Bengal,Rural,8,2811,1621,1258,631,3753,516,242,1357,12189,1523.62
4053,Rajasthan,Urban,2,17584,3366,6284,4518,9891,2004,1928,4497,50072,25036.0
4054,Gujarat,Rural,3,3160,1043,752,589,3443,525,293,1110,10915,3638.33
4055,Karnataka,Rural,7,6475,1929,718,1508,1960,844,1405,1510,16349,2335.57
4056,West Bengal,Rural,6,8282,3531,1998,1860,3534,1502,1184,2775,24666,4111.0
4057,Tamil Nadu,Urban,4,16978,7722,6030,5091,6384,3556,3299,6277,55337,13834.25
4058,Rajasthan,Urban,2,19066,3799,4675,4149,10683,2783,1769,6079,53003,26501.5
4059,Bihar,Urban,5,18239,4149,4106,4218,17776,3924,1677,6054,60143,12028.6
4060,Maharashtra,Urban,8,14698,4114,4235,5568,10138,3757,2644,6002,51156,6394.5
4061,Bihar,Rural,3,4261,1635,1883,1806,3692,728,690,1472,16167,5389.0
4062,Uttar Pradesh,Rural,7,8183,1708,734,1996,1421,1690,724,2610,19066,2723.71
4063,Bihar,Rural,3,2149,645,617,899,2812,310,389,749,8570,2856.67
4064,Tamil Nadu,Rural,3,3829,1300,1213,645,1373,951,229,1086,10626,3542.0
4065,Maharashtra,Rural,4,3998,1957,1224,1106,1908,507,765,1184,12649,3162.25
4066,Maharashtra,Urban,6,8361,4628,2100,3194,4738,1759,1593,1703,28076,4679.33
4067,Uttar Pradesh,Urban,8,9078,3448,3643,4592,6603,2739,930,1966,32999,4124.88
4068,Rajasthan,Rural,5,1897,509,428,524,983,311,240,737,5629,1125.8
4069,Kerala,Rural,7,2159,983,286,643,3148,487,342,834,8882,1268.86
4070,Uttar Pradesh,Rural,8,3193,1146,444,444,233,731,399,1029,7619,952.38
4071,Tamil Nadu,Urban,7,18819,5970,4532,3084,8103,4686,2097,7847,55138,7876.86
4072,Tamil Nadu,Urban,6,15566,3586,5506,5923,12452,4392,3486,6469,57380,9563.33
4073,Uttar Pradesh,Urban,3,14487,4331,3263,3163,10886,1914,2156,4046,44246,14748.67
4074,Kerala,Rural,4,2842,824,404,979,2329,618,320,393,8709,2177.25
4075,Karnataka,Urban,7,9259,1331,3160,2421,14460,1578,1538,2889,36636,5233.71
4076,Kerala,Rural,8,2918,1224,878,455,1432,596,228,240,7971,996.38
4077,West Bengal,Rural,6,5111,982,996,1901,1633,1314,563,1942,14442,2407.0
4078,Karnataka,Urban,7,14782,2948,1914,2823,3042,2334,1549,3477,32869,4695.57
4079,Tamil Nadu,Rural,3,3258,1253,1782,1385,3368,797,300,667,12810,4270.0
4080,Rajasthan,Rural,6,5415,1951,1124,2954,3053,852,1589,2204,19142,3190.33
4081,Delhi,Urban,8,21370,4555,5886,7268,11214,4196,2527,6049,63065,7883.12
4082,Uttar Pradesh,Rural,8,7625,1863,2760,2183,3670,941,1623,2639,23304,2913.0
4083,Gujarat,Rural,3,8711,2571,2405,1679,1288,1112,782,1401,19949,6649.67
4084,Gujarat,Urban,7,9939,2707,2932,2485,14813,1999,1956,3196,40027,5718.14
4085,Karnataka,Rural,7,3475,2147,1105,1458,3543,965,646,1789,15128,2161.14
4086,Rajasthan,Rural,6,5109,1199,724,1588,9,946,988,1767,12330,2055.0
4087,Gujarat,Urban,4,11258,3968,2620,3831,17713,1405,1302,3186,45283,11320.75
4088,Uttar Pradesh,Rural,6,4426,1113,754,903,1591,1192,684,995,11658,1943.0
4089,Delhi,Urban,8,16631,4187,3957,6366,7937,3072,1334,4127,47611,5951.38
4090,Gujarat,Rural,4,5722,3292,2986,3216,2634,1790,1272,2489,23401,5850.25
4091,Kerala,Urban,8,13244,2474,4056,4287,6705,3068,2405,2883,39122,4890.25
4092,Bihar,Urban,7,24682,8577,8076,3926,14777,4738,2189,6519,73484,10497.71
4093,Tamil Nadu,Urban,3,14936,4808,7448,5845,6454,3626,2921,7405,53443,17814.33
4094,Kerala,Urban,3,15001,3412,4326,2399,4139,3850,2491,2701,38319,12773.0
4095,Karnataka,Urban,6,10209,1727,2189,3133,6400,1873,1340,1230,28101,4683.5
4096,Tamil Nadu,Urban,8,15629,5086,3341,6722,3287,3835,2294,4894,45088,5636.0
4097,Gujarat,Rural,3,4686,726,485,1246,3004,565,399,1661,12772,4257.33
4098,Tamil Nadu,Urban,2,13705,4353,3411,3741,5952,2610,2294,3832,39898,19949.0
4099,Kerala,Rural,7,3833,766,798,857,2660,930,345,1565,11754,1679.14
4100,Bihar,Rural,7,5793,2110,1150,1966,2878,712,959,1331,16899,2414.14
4101,Gujarat,Rural,8,3427,715,582,1132,78,889,595,420,7838,979.75
4102,Bihar,Rural,3,2945,923,927,1207,2197,810,412,335,9756,3252.0
4103,Gujarat,Urban,3,8531,4160,1796,1748,8435,1354,1955,989,28968,9656.0
4104,Maharashtra,Rural,2,3054,668,1067,1089,1286,621,318,874,8977,4488.5
4105,Karnataka,Rural,5,3345,1440,1216,769,418,577,824,1316,9905,1981.0
4106,Maharashtra,Urban,5,13997,3565,3231,3447,12876,3581,898,1979,43574,8714.8
4107,Uttar Pradesh,Urban,2,6767,2525,1193,1477,4403,873,986,754,18978,9489.0
4108,Tamil Nadu,Urban,8,18673,7291,5074,3320,7640,3453,1345,2984,49780,6222.5
4109,West Bengal,Rural,7,4818,1361,1259,1375,2075,1107,883,1997,14875,2125.0
4110,Karnataka,Rural,3,7065,1166,1874,1620,2914,1100,910,1893,18542,6180.67
4111,Bihar,Rural,5,2299,607,655,447,2630,373,252,953,8216,1643.2
4112,West Bengal,Urban,2,12283,2114,2207,4991,11467,2559,2834,3613,42068,21034.0
4113,Tamil Nadu,Rural,7,4469,951,973,1579,3720,661,351,1170,13874,1982.0
4114,Bihar,Urban,5,7539,2604,1386,2164,8653,1416,1555,2603,27920,5584.0
4115,Maharashtra,Urban,2,9864,4797,4852,5042,6232,2984,1176,1960,36907,18453.5
4116,Delhi,Rural,6,4246,1247,1052,1720,2115,1091,855,938,13264,2210.67
4117,Gujarat,Urban,4,9874,1915,2067,2229,16318,1124,1648,1597,36772,9193.0
4118,Tamil Nadu,Urban,5,11770,2877,5138,5530,11469,2999,1609,2951,44343,8868.6
4119,Gujarat,Urban,8,14674,6070,4703,5079,10195,2811,3353,5975,52860,6607.5
4120,Uttar Pradesh,Urban,6,19213,5953,5767,4450,16393,2802,3181,5458,63217,10536.17
4121,Kerala,Rural,2,6643,1304,1975,1451,1212,955,482,2256,16278,8139.0
4122,Bihar,Rural,7,4600,1066,1183,1456,860,1095,440,1851,12551,1793.0
4123,Kerala,Urban,4,21531,4882,4873,4444,8748,3221,2910,5765,56374,14093.5
4124,Bihar,Rural,3,6158,2018,2705,2773,3845,1584,1121,1657,21861,7287.0
4125,West Bengal,Urban,6,12023,2808,5562,5532,8612,2135,1177,2938,40787,6797.83
4126,Tamil Nadu,Rural,3,5160,2350,1728,2168,766,650,404,583,13809,4603.0
4127,Gujarat,Urban,7,21818,4530,8220,8571,4973,2972,1301,1822,54207,7743.86
4128,Kerala,Rural,7,4651,2179,1213,1827,314,1165,731,1697,13777,1968.14
4129,West Bengal,Urban,5,11296,2053,4183,2042,4224,1763,1478,1306,28345,5669.0
4130,Gujarat,Rural,2,4724,1333,987,665,3667,987,472,657,13492,6746.0
4131,West Bengal,Urban,2,11056,3995,3252,1704,17107,1106,1454,2046,41720,20860.0
4132,Maharashtra,Urban,6,12766,3254,3727,1614,13743,1697,1726,3580,42107,7017.83
4133,Gujarat,Urban,7,10188,5859,1990,3345,12854,3337,1032,1620,40225,5746.43
4134,Maharashtra,Rural,4,6759,1788,2306,2646,1896,1729,950,1307,19381,4845.25
4135,Kerala,Urban,7,7302,4203,2149,3620,14562,1924,1912,3066,38738,5534.0
4136,Gujarat,Rural,5,2975,1379,921,914,485,412,741,1241,9068,1813.6
4137,Maharashtra,Urban,8,19381,8504,7590,4087,5098,4063,3371,3038,55132,6891.5
4138,Rajasthan,Urban,4,18621,7227,5008,3731,5278,3508,3165,4629,51167,12791.75
4139,Gujarat,Urban,2,13127,2595,3081,4975,4725,2136,3223,2429,36291,18145.5
4140,Kerala,Rural,4,4177,672,774,872,1503,797,313,1410,10518,2629.5
4141,Maharashtra,Rural,2,5830,2920,1177,1089,1281,1167,1280,1493,16237,8118.5
4142,Bihar,Rural,6,3769,1014,792,849,2450,843,489,1390,11596,1932.67
4143,Karnataka,Rural,5,2996,762,918,1130,727,813,465,1212,9023,1804.6
4144,Gujarat,Urban,8,17036,7386,3101,2347,9599,3757,1008,3647,47881,5985.12
4145,West Bengal,Rural,5,2566,557,374,556,1418,299,384,721,6875,1375.0
4146,Uttar Pradesh,Rural,4,6891,2564,1275,1238,2626,1619,1163,2358,19734,4933.5
4147,Maharashtra,Rural,6,4156,1592,1539,811,1325,764,566,1052,11805,1967.5
4148,West Bengal,Urban,8,10103,5113,3323,3289,8845,1677,854,5281,38485,4810.62
4149,Tamil Nadu,Urban,3,17127,6264,4136,3469,7890,4484,1755,2073,47198,15732.67
4150,Karnataka,Rural,6,3016,983,472,1043,2244,413,192,498,8861,1476.83
4151,Tamil Nadu,Rural,3,4922,964,965,2025,2372,1522,452,1748,14970,4990.0
4152,Kerala,Urban,8,23528,4855,2524,7734,3667,3266,1136,4749,51459,6432.38
4153,Gujarat,Rural,3,3773,645,904,1029,1031,543,237,1170,9332,3110.67
4154,Uttar Pradesh,Rural,2,3634,715,1339,746,2351,531,729,510,10555,5277.5
4155,Rajasthan,Rural,5,2009,722,510,950,3927,302,203,315,8938,1787.6
4156,Gujarat,Rural,5,2955,1265,585,1243,2015,717,256,1008,10044,2008.8
4157,Delhi,Rural,2,3805,1730,1217,1607,706,854,365,1510,11794,5897.0
4158,Kerala,Urban,7,17963,9900,3018,4250,14518,5243,3134,5448,63474,9067.71
4159,West Bengal,Rural,8,6864,2209,2496,2014,340,1362,681,2659,18625,2328.12
4160,Karnataka,Rural,5,5558,1573,1688,2315,3607,1049,1329,2883,20002,4000.4
4161,Bihar,Rural,2,2640,1514,1138,1018,89,481,338,1333,8551,4275.5
4162,Bihar,Urban,8,7339,1947,1652,3617,7403,1462,1518,3530,28468,3558.5
4163,Tamil Nadu,Urban,3,19697,5115,6455,2914,15413,3266,3904,7045,63809,21269.67
4164,Maharashtra,Rural,5,8295,3053,838,2821,1956,1119,1634,2906,22622,4524.4
4165,Karnataka,Rural,6,7225,1250,1467,2422,3628,757,902,1678,19329,3221.5
4166,Kerala,Rural,2,2928,1119,645,750,1179,544,468,616,8249,4124.5
4167,Bihar,Rural,2,6255,2469,1585,1125,806,783,815,912,14750,7375.0
4168,Maharashtra,Rural,2,1919,636,525,949,3184,534,158,578,8483,4241.5
4169,Tamil Nadu,Urban,4,25114,4732,7956,4111,7633,4268,2556,5749,62119,15529.75
4170,Kerala,Urban,7,17266,7981,7621,8588,11361,2782,1704,2037,59340,8477.14
4171,Kerala,Urban,3,25088,9233,8242,6916,10463,2786,3022,6619,72369,24123.0
4172,West Bengal,Urban,6,17615,4503,5647,2839,9365,2578,3874,4548,50969,8494.83
4173,West Bengal,Rural,4,8880,1337,2945,2552,3217,2067,1594,1635,24227,6056.75
4174,Delhi,Rural,3,6415,2591,760,2206,193,1173,332,1465,15135,5045.0
4175,Gujarat,Rural,3,9139,3320,3230,2227,1399,1613,1662,1687,24277,8092.33
4176,Delhi,Rural,5,2069,1180,1153,439,3997,684,268,417,10207,2041.4
4177,Bihar,Rural,6,6052,1845,2359,2046,840,797,692,2377,17008,2834.67
4178,Gujarat,Rural,4,3398,1299,1287,646,1179,1012,354,863,10038,2509.5
4179,Maharashtra,Rural,8,2299,1365,667,700,2464,519,206,591,8811,1101.38
4180,Bihar,Rural,7,2945,906,885,1069,561,662,554,502,8084,1154.86
4181,Rajasthan,Urban,7,9115,1964,1699,2583,5857,1944,1232,2641,27035,3862.14
4182,Bihar,Urban,4,10882,4778,4790,3950,14221,3107,2660,5135,49523,12380.75
4183,Karnataka,Urban,4,8630,4530,3219,1995,10195,1159,1034,953,31715,7928.75
4184,Uttar Pradesh,Urban,7,16405,2553,3070,1946,16468,2150,1986,5202,49780,7111.43
4185,Gujarat,Urban,3,12723,5177,6468,3001,6247,2525,3314,4744,44199,14733.0
4186,Tamil Nadu,Urban,5,10379,3021,2907,1444,3452,1285,1466,2255,26209,5241.8
4187,Tamil Nadu,Rural,3,2083,590,896,344,1672,520,277,480,6862,2287.33
4188,Rajasthan,Urban,5,14462,4571,4130,2373,11121,3967,2521,4370,47515,9503.0
4189,Uttar Pradesh,Urban,5,9901,3105,2246,3659,15145,2254,1530,1880,39720,7944.0
4190,Karnataka,Rural,6,5400,2124,2201,991,2179,1586,391,1700,16572,2762.0
4191,Maharashtra,Urban,7,18236,7997,7077,4130,5545,3387,1779,3882,52033,7433.29
4192,Rajasthan,Rural,7,3796,453,1208,615,3453,510,376,1226,11637,1662.43
4193,Bihar,Urban,4,12876,4573,5283,5355,5934,3311,2005,2802,42139,10534.75
4194,Delhi,Rural,2,3376,911,487,1417,544,745,249,867,8596,4298.0
4195,West Bengal,Rural,4,2848,1393,494,628,2093,652,630,1026,9764,2441.0
4196,Rajasthan,Rural,7,2638,653,1160,571,3769,712,278,1208,10989,1569.86
4197,Bihar,Rural,6,4667,1615,1065,715,1772,488,729,1291,12342,2057.0
4198,Delhi,Rural,8,2606,748,493,454,287,552,507,872,6519,814.88
4199,Rajasthan,Urban,4,5054,1152,2642,1983,3731,1615,949,1417,18543,4635.75
4200,Gujarat,Rural,4,3546,632,338,497,2555,766,201,598,9133,2283.25
4201,Tamil Nadu,Rural,5,8928,3194,1163,2748,1143,1332,722,2121,21351,4270.2
4202,Gujarat,Urban,4,10747,1915,3017,1735,8247,2406,1663,3457,33187,8296.75
4203,Bihar,Urban,6,19922,8098,3493,7423,4924,2794,3776,4803,55233,9205.5
4204,Delhi,Urban,5,11461,3784,3326,4446,17309,2193,1593,4978,49090,9818.0
4205,Delhi,Rural,3,8798,3187,2194,1563,1603,1592,1240,1281,21458,7152.67
4206,Maharashtra,Rural,7,8004,1225,748,1161,225,915,638,2329,15245,2177.86
4207,Uttar Pradesh,Rural,2,8263,999,2795,2439,2209,1267,1069,2779,21820,10910.0
4208,Maharashtra,Rural,2,4253,1330,762,1259,2919,548,568,797,12436,6218.0
4209,Uttar Pradesh,Urban,7,14162,8166,4930,4399,4838,3654,3393,1673,45215,6459.29
4210,Tamil Nadu,Rural,5,8168,3279,911,1051,2183,1024,1456,2350,20422,4084.4
4211,Kerala,Urban,3,7229,4310,1664,2208,4649,1353,2020,3232,26665,8888.33
4212,West Bengal,Rural,3,2887,788,596,1069,3356,327,454,611,10088,3362.67
4213,Tamil Nadu,Rural,5,2910,1405,1166,593,231,365,439,636,7745,1549.0
4214,Bihar,Rural,6,4242,2127,1444,2034,1627,744,586,2219,15023,2503.83
4215,Tamil Nadu,Rural,8,5603,1175,643,1676,1153,1136,735,1281,13402,1675.25
4216,Rajasthan,Rural,5,1977,759,926,876,1796,699,161,538,7732,1546.4
4217,West Bengal,Urban,7,12524,5212,4291,2510,15230,3362,3050,4000,50179,7168.43
4218,Rajasthan,Urban,3,16310,4303,6056,2623,9818,2651,2564,6134,50459,16819.67
4219,Karnataka,Rural,4,4721,2363,2153,765,1754,605,1064,685,14110,3527.5
4220,Kerala,Urban,4,15399,4569,5278,5505,7829,3481,3488,6412,51961,12990.25
4221,Gujarat,Rural,6,3859,758,860,934,1294,747,362,594,9408,1568.0
4222,Delhi,Rural,7,5595,1385,2599,1670,3708,1193,1146,741,18037,2576.71
4223,Karnataka,Rural,8,9462,1976,1328,1391,2031,1394,1524,2899,22005,2750.62
4224,Karnataka,Urban,7,5120,1468,2179,2138,17116,996,415,758,30190,4312.86
4225,Tamil Nadu,Urban,3,13611,3607,3678,6732,3167,4727,1725,2155,39402,13134.0
4226,Kerala,Rural,7,7247,3275,955,1170,2664,1130,1185,1029,18655,2665.0
4227,Karnataka,Rural,2,1885,1231,647,656,1620,688,495,584,7806,3903.0
4228,West Bengal,Rural,6,5313,1798,2411,2485,237,1677,1630,2080,17631,2938.5
4229,Tamil Nadu,Urban,5,12350,3172,5379,3552,12469,3738,2155,5431,48246,9649.2
4230,Tamil Nadu,Rural,2,5164,2150,1971,1071,2966,1295,499,918,16034,8017.0
4231,West Bengal,Urban,2,21682,6929,4952,3267,6209,4181,3115,6371,56706,28353.0
4232,Rajasthan,Urban,3,13994,2500,1691,4567,11419,2847,2088,1349,40455,13485.0
4233,Bihar,Rural,2,5959,1006,1276,1676,3396,882,311,580,15086,7543.0
4234,Rajasthan,Urban,8,15698,3758,2104,3218,17822,4590,1023,6065,54278,6784.75
4235,Gujarat,Urban,5,10781,2266,2724,2171,11970,1954,1556,2286,35708,7141.6
4236,Uttar Pradesh,Urban,7,14468,4296,5262,5651,3926,3064,1263,3492,41422,5917.43
4237,Bihar,Rural,5,9496,3890,2841,2326,1271,2096,672,2487,25079,5015.8
4238,West Bengal,Urban,4,6187,1889,2453,1369,9275,1712,1380,2089,26354,6588.5
4239,Rajasthan,Rural,7,5014,756,1457,1157,3939,1122,494,1369,15308,2186.86
4240,Gujarat,Rural,5,8540,1323,2176,2243,2670,1034,1592,1428,21006,4201.2
4241,West Bengal,Rural,5,7156,1482,951,1911,193,1100,1248,2133,16174,3234.8
4242,Delhi,Rural,6,6759,2432,1038,1941,1320,1353,862,2557,18262,3043.67
4243,Uttar Pradesh,Rural,4,4022,1293,1395,1432,1912,508,581,860,12003,3000.75
4244,Karnataka,Urban,7,10427,2842,2797,2570,11039,2805,1946,1939,36365,5195.0
4245,West Bengal,Urban,5,18226,9217,5417,8119,12235,2645,3449,7819,67127,13425.4
4246,Karnataka,Urban,5,26043,7793,6526,6898,4894,2495,2752,2314,59715,11943.0
4247,Maharashtra,Rural,4,4381,706,816,1277,1975,516,285,793,10749,2687.25
4248,Karnataka,Urban,8,7930,1307,2201,1442,11231,847,1344,1207,27509,3438.62
4249,Gujarat,Urban,2,17435,5469,4397,7329,8756,3125,1129,2660,50300,25150.0
4250,Tamil Nadu,Rural,8,5965,1154,817,1565,2021,1225,459,1567,14773,1846.62
4251,West Bengal,Urban,5,17524,2729,2682,2312,3472,2092,3213,2434,36458,7291.6
4252,Uttar Pradesh,Rural,4,3505,1354,696,1258,1291,866,226,421,9617,2404.25
4253,Kerala,Rural,3,6334,2146,2311,3180,2644,1875,1152,774,20416,6805.33
4254,Uttar Pradesh,Urban,3,10909,3458,1702,3913,14999,1553,2167,4277,42978,14326.0
4255,Rajasthan,Urban,4,8083,1519,3723,2472,15067,1415,711,2564,35554,8888.5
4256,Gujarat,Urban,4,14612,6965,5175,7511,7751,4314,2708,5559,54595,13648.75
4257,Karnataka,Rural,7,3325,1627,622,1696,1918,1208,836,1454,12686,1812.29
4258,Karnataka,Rural,3,3122,459,1318,480,1013,683,371,382,7828,2609.33
4259,West Bengal,Urban,7,25084,4685,2883,7270,11981,3713,4043,7479,67138,9591.14
4260,Uttar Pradesh,Urban,2,13288,4341,2717,2656,14589,3105,976,1344,43016,21508.0
4261,Uttar Pradesh,Rural,2,6351,2824,758,1694,303,851,975,2492,16248,8124.0
4262,Maharashtra,Urban,5,17246,2272,2556,2569,16057,1951,2758,3501,48910,9782.0
4263,West Bengal,Rural,5,4948,1382,586,813,2562,1144,686,637,12758,2551.6
4264,Kerala,Urban,7,21632,5277,2922,5385,17013,5094,2845,4707,64875,9267.86
4265,West Bengal,Rural,5,7737,1839,1308,1370,2662,1052,513,1698,18179,3635.8
4266,West Bengal,Rural,5,4738,722,1127,1329,2433,607,828,992,12776,2555.2
4267,Kerala,Rural,2,7140,1599,1510,2167,1636,931,905,2159,18047,9023.5
4268,Uttar Pradesh,Urban,2,18526,7311,2783,6977,11792,4018,4293,5907,61607,30803.5
4269,Bihar,Urban,3,12685,2696,4654,5055,9719,3317,1954,4831,44911,14970.33
4270,West Bengal,Urban,2,9363,2268,3296,2980,13652,2430,809,1404,36202,18101.0
4271,Bihar,Rural,2,5073,2124,1612,656,719,754,497,696,12131,6065.5
4272,Delhi,Rural,7,3710,1270,824,1292,697,811,404,1495,10503,1500.43
4273,Kerala,Urban,2,8391,4500,3271,3903,12621,1701,2030,2567,38984,19492.0
4274,Maharashtra,Rural,7,4412,1195,656,1469,3692,544,726,505,13199,1885.57
4275,Kerala,Rural,6,5164,1856,1986,2659,2852,1047,788,1537,17889,2981.5
4276,Rajasthan,Urban,2,6483,1980,1104,1646,11408,1489,774,740,25624,12812.0
4277,Gujarat,Urban,7,14177,4232,2859,3459,5837,2191,2416,2761,37932,5418.86
4278,West Bengal,Urban,6,24155,10267,5318,5106,13601,4161,4435,8845,75888,12648.0
4279,Rajasthan,Urban,5,15103,4894,2175,3304,15557,3193,2095,3174,49495,9899.0
4280,Gujarat,Rural,8,5142,1286,1685,876,122,650,798,1837,12396,1549.5
4281,Tamil Nadu,Urban,3,10984,3315,5713,5233,14073,2432,3103,3943,48796,16265.33
4282,Karnataka,Urban,7,5680,2793,884,1802,12628,1052,565,1764,27168,3881.14
4283,West Bengal,Urban,5,19062,4856,5168,4520,5562,2979,2793,5731,50671,10134.2
4284,Karnataka,Rural,7,4255,2712,2479,1431,2279,750,634,2129,16669,2381.29
4285,Gujarat,Rural,6,4222,1455,1418,1814,3446,861,1141,1363,15720,2620.0
4286,Karnataka,Urban,8,10998,3852,1799,3557,16110,3254,2785,4036,46391,5798.88
4287,Gujarat,Urban,2,7077,1389,2106,2713,8539,1651,543,1698,25716,12858.0
4288,Bihar,Urban,3,18222,3171,3171,3601,15558,2414,3004,2937,52078,17359.33
4289,Tamil Nadu,Urban,2,7892,3522,2441,3180,9183,1216,1441,3037,31912,15956.0
4290,Uttar Pradesh,Urban,5,6827,4838,3099,2491,13873,1542,545,1304,34519,6903.8
4291,West Bengal,Rural,5,5442,1002,682,1552,4,944,978,1268,11872,2374.4
4292,Tamil Nadu,Rural,5,4723,2392,1765,1706,1622,1425,796,993,15422,3084.4
4293,Bihar,Urban,6,10433,2253,3412,3318,7616,2007,814,1459,31312,5218.67
4294,Kerala,Rural,7,5650,3252,2684,1533,736,869,1095,1619,17438,2491.14
4295,Uttar Pradesh,Urban,6,6996,2236,2632,3430,16623,1090,1696,1240,35943,5990.5
4296,Karnataka,Rural,8,7332,2571,2186,1398,803,1365,503,2274,18432,2304.0
4297,Maharashtra,Urban,8,20078,8226,3846,3848,7020,2436,3761,2541,51756,6469.5
4298,Kerala,Rural,2,3206,1164,764,1119,1072,330,539,609,8803,4401.5
4299,Tamil Nadu,Urban,5,14082,6790,4563,3811,6527,2560,2549,4143,45025,9005.0
4300,Uttar Pradesh,Urban,5,9427,2294,1412,1820,3814,2232,1525,2091,24615,4923.0
4301,Tamil Nadu,Urban,7,5866,2417,2744,2628,14337,784,916,1304,30996,4428.0
4302,Kerala,Rural,8,4453,529,604,1181,295,811,545,1456,9874,1234.25
4303,Gujarat,Urban,6,17280,2694,1987,4487,7618,3984,1968,6044,46062,7677.0
4304,Karnataka,Urban,7,7802,3016,1388,1788,17389,1548,1600,947,35478,5068.29
4305,Maharashtra,Urban,6,8013,3740,1392,3216,7278,1820,1278,1806,28543,4757.17
4306,Delhi,Rural,6,2729,584,484,856,2269,320,466,705,8413,1402.17
4307,Gujarat,Urban,6,18039,7737,6011,3900,8125,3413,2251,6253,55729,9288.17
4308,Kerala,Rural,6,8968,2520,1623,1607,2607,1076,1094,2940,22435,3739.17
4309,Maharashtra,Urban,2,11583,6608,2795,3038,17275,3842,1753,1261,48155,24077.5
4310,Bihar,Urban,8,16797,4413,2183,6302,4338,2418,3611,2745,42807,5350.88
4311,Bihar,Rural,6,3999,1215,1121,993,3882,751,320,375,12656,2109.33
4312,Tamil Nadu,Urban,2,17131,5477,5880,3638,3057,4751,2350,7294,49578,24789.0
4313,Karnataka,Rural,2,6559,918,853,1845,2035,907,948,1304,15369,7684.5
4314,Delhi,Urban,2,10677,2026,4268,3056,6321,2354,1240,2968,32910,16455.0
4315,Kerala,Urban,8,10194,3909,2542,1868,12951,2490,1730,1627,37311,4663.88
4316,Tamil Nadu,Rural,3,2554,988,506,307,2923,309,450,833,8870,2956.67
4317,Kerala,Rural,7,7135,1532,1599,2045,152,873,585,1212,15133,2161.86
4318,Kerala,Urban,4,18823,3695,2758,6045,14820,5402,3898,6821,62262,15565.5
4319,Kerala,Urban,8,14805,9130,5869,6566,5239,2559,4012,7562,55742,6967.75
4320,Rajasthan,Rural,8,5141,1816,1941,1395,2572,1209,281,586,14941,1867.62
4321,Delhi,Rural,6,3911,1704,1377,1379,60,611,1018,1360,11420,1903.33
4322,Karnataka,Rural,5,5979,1606,2330,2543,3127,845,364,958,17752,3550.4
4323,Maharashtra,Urban,2,14607,5696,3968,6179,13461,1854,2807,4767,53339,26669.5
4324,Tamil Nadu,Urban,5,13235,5385,1684,3213,10152,1697,1933,4240,41539,8307.8
4325,Uttar Pradesh,Rural,2,8422,2919,2649,1169,2084,898,1370,695,20206,10103.0
4326,Tamil Nadu,Urban,3,20077,5391,1993,3517,17768,4916,2179,5136,60977,20325.67
4327,Bihar,Rural,2,2456,689,516,1056,2654,498,191,332,8392,4196.0
4328,Delhi,Rural,7,7770,2803,2370,1411,2497,1009,961,1437,20258,2894.0
4329,Uttar Pradesh,Urban,8,6236,1745,2731,1562,6844,1106,696,892,21812,2726.5
4330,Karnataka,Urban,8,7855,2964,1490,1446,16191,2113,1322,849,34230,4278.75
4331,Bihar,Urban,2,10021,2201,3348,1362,11227,1119,1342,737,31357,15678.5
4332,Bihar,Rural,6,6906,1677,2167,1461,183,1143,620,1735,15892,2648.67
4333,Rajasthan,Rural,5,1854,636,858,500,982,410,526,756,6522,1304.4
4334,Delhi,Urban,6,14284,7207,4374,7476,10309,2663,2971,6911,56195,9365.83
4335,Maharashtra,Urban,3,8983,3693,1520,1364,10397,1095,957,1388,29397,9799.0
4336,Uttar Pradesh,Rural,6,5293,750,1407,1699,264,1315,738,1707,13173,2195.5
4337,West Bengal,Rural,7,2439,788,845,530,1256,595,404,500,7357,1051.0
4338,Bihar,Rural,5,2579,804,464,997,2342,635,354,364,8539,1707.8
4339,Gujarat,Urban,5,13919,2740,2231,5635,3115,1804,2604,5424,37472,7494.4
4340,Rajasthan,Rural,7,5063,1810,2133,1031,1473,1248,1237,596,14591,2084.43
4341,Bihar,Rural,7,2191,788,364,722,3245,595,637,1041,9583,1369.0
4342,Uttar Pradesh,Urban,4,5881,1868,1536,966,4459,1105,460,1279,17554,4388.5
4343,Karnataka,Rural,8,3203,1186,898,1084,1368,316,428,965,9448,1181.0
4344,Maharashtra,Urban,6,8343,2141,2505,2399,10559,1322,961,1558,29788,4964.67
4345,Delhi,Urban,3,16372,4612,2946,3295,15789,3521,2416,4206,53157,17719.0
4346,Tamil Nadu,Rural,3,1990,713,506,762,1174,320,482,314,6261,2087.0
4347,West Bengal,Urban,6,14310,3349,4242,5493,15265,3207,1908,1903,49677,8279.5
4348,Uttar Pradesh,Rural,2,5326,1009,1180,2874,2023,1489,1400,1708,17009,8504.5
4349,Tamil Nadu,Rural,8,2794,1524,627,787,702,734,625,1162,8955,1119.38
4350,Gujarat,Urban,6,18614,9350,2824,5365,4270,3922,1134,4219,49698,8283.0
4351,Gujarat,Urban,7,11855,4679,4019,3721,14116,2657,1930,3005,45982,6568.86
4352,Delhi,Rural,8,3050,1168,658,1167,2247,961,665,1018,10934,1366.75
4353,Maharashtra,Rural,7,2803,1462,734,919,2456,806,432,509,10121,1445.86
4354,West Bengal,Urban,3,8625,3164,1975,1299,7457,2235,712,2768,28235,9411.67
4355,Delhi,Urban,6,10334,3748,3308,2669,12557,1243,1195,2851,37905,6317.5
4356,Uttar Pradesh,Rural,3,8185,3372,1044,1846,1477,1476,1111,3012,21523,7174.33
4357,Uttar Pradesh,Rural,5,5444,1382,1671,1729,2275,774,914,935,15124,3024.8
4358,Delhi,Urban,2,6806,1136,989,1821,16848,1395,562,612,30169,15084.5
4359,Rajasthan,Urban,5,16493,7784,3571,6095,15932,3874,1791,3306,58846,11769.2
4360,Maharashtra,Urban,5,13790,4910,2991,2037,15522,1410,1461,1380,43501,8700.2
4361,Uttar Pradesh,Urban,6,13512,6495,5828,5660,11144,2923,1059,3157,49778,8296.33
4362,Gujarat,Rural,4,4080,1243,1062,748,3162,437,635,1323,12690,3172.5
4363,Delhi,Rural,8,5040,1975,2536,1851,2087,1183,1005,806,16483,2060.38
4364,Kerala,Rural,6,8202,2160,2927,1361,940,1049,1065,2960,20664,3444.0
4365,West Bengal,Urban,6,22030,6263,5567,5432,6700,4384,1832,6271,58479,9746.5
4366,Tamil Nadu,Rural,2,2577,427,928,370,1228,529,264,752,7075,3537.5
4367,Uttar Pradesh,Urban,8,6610,4543,2702,1998,7265,2063,1591,3101,29873,3734.12
4368,Rajasthan,Rural,6,2857,1090,523,655,3756,396,638,528,10443,1740.5
4369,Maharashtra,Urban,5,13184,7855,2580,2850,14396,1968,2038,6947,51818,10363.6
4370,West Bengal,Urban,2,5261,2678,1076,1676,5403,709,1245,867,18915,9457.5
4371,Karnataka,Rural,6,4062,982,1625,722,1741,484,337,585,10538,1756.33
4372,Tamil Nadu,Urban,5,16323,2677,2298,3166,7354,3521,3135,4813,43287,8657.4
4373,Bihar,Rural,3,3307,1502,1281,1202,2759,603,845,1458,12957,4319.0
4374,Bihar,Rural,2,5387,1720,664,1180,1680,1266,633,927,13457,6728.5
4375,Rajasthan,Urban,2,6522,2230,885,1721,9080,1404,484,890,23216,11608.0
4376,Delhi,Urban,6,5372,2536,1364,904,9987,1288,993,2104,24548,4091.33
4377,Tamil Nadu,Rural,3,2913,415,798,521,3881,450,144,465,9587,3195.67
4378,Bihar,Rural,2,6567,2461,2278,2177,2725,874,598,1445,19125,9562.5
4379,Uttar Pradesh,Urban,7,6403,3058,2138,1409,8800,909,1250,2443,26410,3772.86
4380,Delhi,Urban,5,17964,8202,3924,7809,11798,5213,2921,5815,63646,12729.2
4381,Maharashtra,Rural,2,5340,3280,2304,1052,1558,1405,781,2463,18183,9091.5
4382,Tamil Nadu,Urban,8,16769,3879,5871,6183,3013,5376,3266,4990,49347,6168.38
4383,Gujarat,Urban,5,18500,6071,3433,2528,12335,2923,2109,4034,51933,10386.6
4384,Gujarat,Urban,4,10535,1865,2855,2360,9105,2377,2549,1593,33239,8309.75
4385,Bihar,Urban,3,15977,4052,4940,3734,15336,4048,2545,1469,52101,17367.0
4386,Bihar,Rural,8,2827,680,1102,1278,3384,514,676,1174,11635,1454.38
4387,Karnataka,Rural,3,4063,983,858,716,2034,646,266,1013,10579,3526.33
4388,Rajasthan,Rural,2,3775,2053,712,1761,3981,738,887,1772,15679,7839.5
4389,Tamil Nadu,Rural,3,3773,2112,2004,962,1128,1394,818,648,12839,4279.67
4390,Gujarat,Rural,3,2565,507,658,790,3607,606,358,636,9727,3242.33
4391,Tamil Nadu,Rural,7,3590,504,514,770,2221,521,527,346,8993,1284.71
4392,Delhi,Urban,2,7093,2376,3634,3146,3213,1822,1264,2345,24893,12446.5
4393,Rajasthan,Urban,7,8404,4205,2930,1579,7612,1622,913,3636,30901,4414.43
4394,Tamil Nadu,Rural,7,2508,538,298,404,891,386,277,882,6184,883.43
4395,Maharashtra,Rural,7,1982,1018,757,678,479,714,382,1020,7030,1004.29
4396,Bihar,Rural,7,5337,2621,2818,1422,788,1130,844,1675,16635,2376.43
4397,Delhi,Rural,2,4041,1858,630,803,3937,1032,902,692,13895,6947.5
4398,Uttar Pradesh,Urban,8,14863,6659,7584,7556,13664,4148,4404,2353,61231,7653.88
4399,Uttar Pradesh,Urban,2,15004,5834,2400,4265,11408,2760,2553,1816,46040,23020.0
4400,Uttar Pradesh,Urban,4,3904,2657,1736,1656,6448,836,903,2178,20318,5079.5
4401,Bihar,Urban,4,11163,2729,2405,2342,16994,1780,1742,947,40102,10025.5
4402,Karnataka,Urban,7,22018,2932,2388,6735,4432,5308,3208,6490,53511,7644.43
4403,Kerala,Urban,8,16179,6374,3283,2657,15961,3466,2316,1148,51384,6423.0
4404,West Bengal,Urban,7,17778,3655,3238,4215,10563,2776,3370,4449,50044,7149.14
4405,Kerala,Rural,7,3097,1708,624,1163,789,1079,501,852,9813,1401.86
4406,West Bengal,Rural,7,5649,2694,2016,1419,1313,1205,423,1490,16209,2315.57
4407,Bihar,Rural,7,6707,1575,758,1747,416,626,691,1201,13721,1960.14
4408,Bihar,Urban,4,17459,7748,4433,7376,8682,3877,1451,1521,52547,13136.75
4409,Bihar,Urban,6,14360,4881,4144,2760,13535,2336,2944,5698,50658,8443.0
4410,Gujarat,Urban,6,13535,6497,3767,2657,12494,2338,2223,3243,46754,7792.33
4411,Tamil Nadu,Urban,5,5141,2360,2257,1316,16678,918,573,750,29993,5998.6
4412,West Bengal,Rural,6,5169,2159,877,793,3386,825,271,1713,15193,2532.17
4413,Delhi,Urban,7,12478,6378,6833,7069,4509,4681,1938,2784,46670,6667.14
4414,Kerala,Rural,5,5314,1424,952,1618,3450,863,599,1481,15701,3140.2
4415,West Bengal,Urban,2,14268,3155,3126,3714,6991,2039,2568,5412,41273,20636.5
4416,Karnataka,Urban,5,13548,3470,4425,4907,4222,2892,1854,3911,39229,7845.8
4417,Rajasthan,Rural,3,8380,2873,1176,1131,2638,1336,1490,2470,21494,7164.67
4418,West Bengal,Urban,3,25251,7487,5581,6466,12523,5581,3333,3519,69741,23247.0
4419,Maharashtra,Urban,6,6298,2611,2025,1000,16490,1500,798,2567,33289,5548.17
4420,Uttar Pradesh,Rural,2,2574,1297,1209,769,2280,375,215,656,9375,4687.5
4421,Uttar Pradesh,Urban,6,19938,3655,2897,5388,10577,2677,3057,4340,52529,8754.83
4422,Rajasthan,Rural,3,3071,572,695,474,1999,446,252,692,8201,2733.67
4423,Tamil Nadu,Rural,6,4381,1547,553,1595,1973,929,625,958,12561,2093.5
4424,Rajasthan,Rural,4,2496,745,894,565,3949,456,414,229,9748,2437.0
4425,Karnataka,Rural,4,6411,1888,1798,1757,1897,1573,555,2269,18148,4537.0
4426,Kerala,Urban,6,8266,1489,2474,1861,10152,1654,1135,2269,29300,4883.33
4427,Kerala,Rural,6,5369,2288,999,1557,1925,1323,1065,954,15480,2580.0
4428,Karnataka,Rural,5,2768,1011,896,610,2413,535,262,944,9439,1887.8
4429,Rajasthan,Urban,4,15094,5579,4928,2934,14815,3475,2935,7399,57159,14289.75
4430,Gujarat,Rural,8,5957,1249,597,1021,1615,980,596,1639,13654,1706.75
4431,Uttar Pradesh,Urban,8,10909,5559,3176,4741,3139,1933,2266,1268,32991,4123.88
4432,Uttar Pradesh,Urban,7,19737,8739,2430,3903,6174,3480,1510,2199,48172,6881.71
4433,Uttar Pradesh,Rural,6,6624,2220,948,1839,2906,1064,693,2096,18390,3065.0
4434,Bihar,Urban,3,18513,6701,3189,3466,4185,1891,1008,4824,43777,14592.33
4435,Gujarat,Rural,8,3316,1030,788,614,2084,434,488,1484,10238,1279.75
4436,Maharashtra,Urban,3,22799,6330,3237,6409,3574,5154,1146,3256,51905,17301.67
4437,Delhi,Urban,2,4129,1605,630,915,12817,1478,1040,1706,24320,12160.0
4438,Bihar,Rural,8,2395,1029,456,811,1675,585,339,511,7801,975.12
4439,Gujarat,Rural,7,5275,2562,2340,2245,118,1203,1440,1537,16720,2388.57
4440,Gujarat,Urban,4,14387,4017,2980,3854,8532,1658,1583,2167,39178,9794.5
4441,Gujarat,Urban,6,18523,7528,2958,5893,8715,2857,2658,6080,55212,9202.0
4442,Bihar,Rural,4,7205,2483,2200,1391,2830,1452,994,1497,20052,5013.0
4443,Karnataka,Rural,4,5424,2053,2136,866,116,704,727,1581,13607,3401.75
4444,Karnataka,Urban,4,7116,1592,2613,1058,5884,1662,817,2494,23236,5809.0
4445,Kerala,Rural,5,2558,503,936,373,2741,390,136,447,8084,1616.8
4446,Karnataka,Rural,7,3565,745,1713,1624,3564,1204,811,1609,14835,2119.29
4447,Tamil Nadu,Rural,2,5663,1696,1635,1127,1901,596,309,2036,14963,7481.5
4448,Maharashtra,Rural,5,2413,761,542,1056,2557,692,202,926,9149,1829.8
4449,Tamil Nadu,Rural,7,5001,1366,1055,2693,2489,1532,836,2408,17380,2482.86
4450,Delhi,Rural,2,6112,2589,1873,2342,2088,1515,538,992,18049,9024.5
4451,Karnataka,Urban,8,14782,7744,6801,6078,11874,2496,2739,4671,57185,7148.12
4452,Tamil Nadu,Urban,8,12017,4872,6507,2829,11381,3245,1772,3336,45959,5744.88
4453,Rajasthan,Rural,3,6583,2032,2175,2517,3332,1677,1153,1514,20983,6994.33
4454,Delhi,Urban,3,6816,1956,1214,2528,13156,1175,1594,1726,30165,10055.0
4455,Tamil Nadu,Urban,3,11994,3586,1228,2180,3383,2495,1493,1726,28085,9361.67
4456,Rajasthan,Urban,2,10485,3119,3221,4447,6176,3516,1096,4246,36306,18153.0
4457,West Bengal,Rural,2,6617,1535,2872,1196,3472,1872,1164,1045,19773,9886.5
4458,Rajasthan,Rural,2,2316,1148,448,1079,583,788,443,1209,8014,4007.0
4459,Delhi,Rural,4,3660,709,1443,1359,1355,780,669,381,10356,2589.0
4460,Maharashtra,Rural,2,6858,1811,1048,2393,3282,692,895,1255,18234,9117.0
4461,Gujarat,Rural,7,2430,1156,352,435,1966,574,439,526,7878,1125.43
4462,Kerala,Urban,4,18628,8548,4603,6298,4164,2686,3218,5283,53428,13357.0
4463,Gujarat,Urban,3,12291,4601,4772,5005,13421,3526,2233,5324,51173,17057.67
4464,Tamil Nadu,Rural,6,2909,541,847,423,181,312,339,452,6004,1000.67
4465,Rajasthan,Urban,5,17163,5686,2259,4332,14808,1550,1841,3592,51231,10246.2
4466,Gujarat,Urban,5,23105,7181,7060,3306,14019,4520,3532,2473,65196,13039.2
4467,Uttar Pradesh,Rural,8,6520,1423,1812,1911,878,925,892,629,14990,1873.75
4468,Gujarat,Urban,7,24268,9740,4763,7577,17807,4107,2750,4320,75332,10761.71
4469,Rajasthan,Urban,5,5519,2212,2351,3010,5251,1638,1514,945,22440,4488.0
4470,West Bengal,Urban,2,9454,4016,4708,2237,8486,1806,2596,4473,37776,18888.0
4471,Gujarat,Urban,3,19570,8102,4488,3943,13542,4844,1286,6834,62609,20869.67
4472,Tamil Nadu,Rural,5,6827,1322,1946,1412,3769,998,1143,2193,19610,3922.0
4473,Tamil Nadu,Urban,8,4836,1118,1027,1846,6512,948,928,1390,18605,2325.62
4474,Maharashtra,Rural,8,6757,1973,1800,2055,1574,1384,381,1535,17459,2182.38
4475,West Bengal,Rural,6,6701,3268,1207,2993,2214,1271,1009,2997,21660,3610.0
4476,Tamil Nadu,Urban,3,6247,2463,1044,2457,5356,765,359,1228,19919,6639.67
4477,Tamil Nadu,Urban,2,17688,5452,3034,5941,16960,3767,1159,4403,58404,29202.0
4478,Kerala,Rural,4,2804,709,1019,462,1159,733,544,917,8347,2086.75
4479,Bihar,Rural,4,6128,3111,872,2336,3880,1759,1152,1040,20278,5069.5
4480,Tamil Nadu,Rural,2,4969,2883,947,2748,2934,1281,1260,867,17889,8944.5
4481,West Bengal,Urban,8,12477,3033,4473,6160,13252,2730,3096,5876,51097,6387.12
4482,Kerala,Rural,8,2295,993,833,755,1976,320,182,873,8227,1028.38
4483,Karnataka,Urban,4,14950,5804,4810,3200,4667,1921,1623,3802,40777,10194.25
4484,Uttar Pradesh,Rural,5,4118,1411,1154,1567,365,1002,703,1425,11745,2349.0
4485,Tamil Nadu,Rural,4,4187,1151,1143,1062,2927,446,465,319,11700,2925.0
4486,Rajasthan,Urban,7,6120,2848,1322,2531,7028,1665,1146,2179,24839,3548.43
4487,Kerala,Rural,3,4807,930,844,1800,2859,936,475,1898,14549,4849.67
4488,Kerala,Urban,7,10243,4351,4665,4587,4257,2072,2646,1588,34409,4915.57
4489,Kerala,Urban,5,18451,3367,3986,3021,8218,1814,3219,5481,47557,9511.4
4490,Kerala,Rural,4,3541,1262,1345,653,3688,687,795,903,12874,3218.5
4491,Tamil Nadu,Rural,3,2529,527,278,656,2856,258,450,686,8240,2746.67
4492,Uttar Pradesh,Rural,6,4424,1671,486,593,408,774,508,665,9529,1588.17
4493,Uttar Pradesh,Rural,5,2401,729,893,1086,1290,804,518,673,8394,1678.8
4494,West Bengal,Urban,2,7182,2223,683,2000,11706,1399,878,2142,28213,14106.5
4495,Uttar Pradesh,Rural,7,7256,3508,932,1456,1687,1016,1538,2628,20021,2860.14
4496,Karnataka,Urban,6,4924,2294,1884,2067,14909,1344,1026,943,29391,4898.5
4497,Gujarat,Rural,6,6321,1581,1114,2672,1830,1068,1150,1309,17045,2840.83
4498,Bihar,Urban,4,15934,4124,2375,2574,8425,3019,3500,2650,42601,10650.25
4499,Gujarat,Urban,3,7623,2413,1948,1681,11458,1449,498,2078,29148,9716.0
4500,Bihar,Rural,4,6306,2232,2220,1732,3248,1162,660,803,18363,4590.75
4501,Delhi,Rural,5,4823,1753,1168,1011,45,793,687,1113,11393,2278.6
4502,Tamil Nadu,Urban,6,20139,6346,6779,5800,4674,3552,1466,2396,51152,8525.33
4503,West Bengal,Urban,7,17550,6251,4558,2757,15261,3712,1390,4764,56243,8034.71
4504,Maharashtra,Rural,4,9145,3169,1738,1222,3857,861,891,2400,23283,5820.75
4505,Tamil Nadu,Rural,5,2925,1410,963,1135,1055,437,504,816,9245,1849.0
4506,Rajasthan,Rural,5,3621,868,711,1074,406,1036,349,714,8779,1755.8
4507,Delhi,Rural,8,6476,2128,2367,954,1414,1676,453,2561,18029,2253.62
4508,Bihar,Urban,4,20146,5276,5116,6202,3950,4010,1269,7930,53899,13474.75
4509,Rajasthan,Urban,2,10141,2075,3862,2379,13101,2848,2372,5042,41820,20910.0
4510,Maharashtra,Urban,6,21825,7053,7654,6880,5194,2459,2613,7167,60845,10140.83
4511,Kerala,Rural,5,7249,1442,2997,3125,509,1534,460,2792,20108,4021.6
4512,Karnataka,Urban,4,15747,4123,7241,3300,5842,3911,2667,6690,49521,12380.25
4513,Gujarat,Urban,4,14435,7888,6636,6104,10521,3718,2877,3928,56107,14026.75
4514,Kerala,Urban,8,14652,4310,7937,4542,9977,3052,2464,3530,50464,6308.0
4515,Gujarat,Rural,8,2012,916,348,370,3110,626,447,750,8579,1072.38
4516,Bihar,Urban,4,16769,8920,6036,3787,15458,4540,1192,4144,60846,15211.5
4517,Rajasthan,Urban,7,15749,5439,1795,2637,16861,2526,752,3788,49547,7078.14
4518,Maharashtra,Urban,5,11483,3688,1282,3398,10262,2091,1753,1917,35874,7174.8
4519,Kerala,Rural,5,4826,1994,1219,1566,3385,1454,762,2173,17379,3475.8
4520,Gujarat,Rural,7,2512,914,973,500,2977,652,536,287,9351,1335.86
4521,Kerala,Rural,2,9264,2118,2276,2208,445,1107,1262,745,19425,9712.5
4522,Delhi,Urban,7,6761,1404,1685,2686,13849,862,539,2682,30468,4352.57
4523,Uttar Pradesh,Rural,8,8328,2220,1131,2722,772,1771,417,1947,19308,2413.5
4524,Kerala,Rural,7,2652,859,597,435,410,702,218,758,6631,947.29
4525,Bihar,Rural,2,5072,2299,1219,1770,3517,813,551,2023,17264,8632.0
4526,West Bengal,Urban,8,25878,4528,7504,4330,16654,2594,1315,8384,71187,8898.38
4527,Gujarat,Rural,6,2851,1062,838,806,2561,391,545,536,9590,1598.33
4528,Maharashtra,Urban,7,14451,4170,4023,3061,7595,3141,2529,2777,41747,5963.86
4529,Delhi,Rural,3,7333,2759,2805,2614,1720,1377,914,2145,21667,7222.33
4530,Rajasthan,Rural,6,3200,506,379,779,266,670,213,835,6848,1141.33
4531,Delhi,Rural,4,4200,1160,2076,1235,2273,1477,339,1333,14093,3523.25
4532,Kerala,Urban,2,8521,2231,4337,4054,13141,2642,1202,2947,39075,19537.5
4533,Karnataka,Urban,7,8182,3108,1248,1536,10221,1304,550,2693,28842,4120.29
4534,Bihar,Rural,4,4225,650,724,1093,3039,934,772,389,11826,2956.5
4535,West Bengal,Rural,3,4711,1265,787,1030,3674,641,877,2194,15179,5059.67
4536,Uttar Pradesh,Rural,8,3943,1384,1204,1025,564,798,369,495,9782,1222.75
4537,Gujarat,Rural,6,2612,725,886,873,551,590,288,1186,7711,1285.17
4538,Tamil Nadu,Rural,8,4649,2148,2002,899,971,674,856,1607,13806,1725.75
4539,Maharashtra,Rural,2,4714,1759,1173,1276,908,1001,585,767,12183,6091.5
4540,Uttar Pradesh,Rural,8,6262,1734,2250,1123,989,731,641,2122,15852,1981.5
4541,Rajasthan,Rural,8,5077,1779,825,1849,312,1106,512,806,12266,1533.25
4542,Bihar,Urban,7,20045,7644,6050,6191,11178,3557,1089,6063,61817,8831.0
4543,Karnataka,Rural,6,3387,1794,577,1358,1170,489,245,1531,10551,1758.5
4544,Tamil Nadu,Urban,7,14508,7479,6450,4618,10629,3368,3225,8015,58292,8327.43
4545,Rajasthan,Rural,6,6379,3264,2665,2352,1680,1446,1582,2289,21657,3609.5
4546,Rajasthan,Rural,6,4114,935,1265,1399,3877,1235,390,1539,14754,2459.0
4547,Uttar Pradesh,Urban,4,12115,1971,4263,2117,5168,2035,1924,1167,30760,7690.0
4548,Kerala,Rural,2,6103,1778,1132,902,2433,1124,592,2217,16281,8140.5
4549,Gujarat,Rural,6,5260,1323,668,2220,3769,779,1176,1652,16847,2807.83
4550,Kerala,Rural,2,1687,754,612,482,1562,461,281,769,6608,3304.0
4551,Gujarat,Rural,5,5428,1878,1231,1379,3397,1471,511,683,15978,3195.6
4552,Uttar Pradesh,Urban,2,17301,6709,5331,3622,15369,3554,2264,2145,56295,28147.5
4553,West Bengal,Urban,7,21718,10532,5227,7948,16313,5276,4410,8794,80218,11459.71
4554,Tamil Nadu,Urban,2,6504,1151,1970,1997,4098,925,1388,1313,19346,9673.0
4555,Karnataka,Urban,4,7093,1791,1947,1225,15690,1767,1208,2222,32943,8235.75
4556,Uttar Pradesh,Rural,8,4383,2381,1348,1318,779,698,1254,2275,14436,1804.5
4557,Rajasthan,Rural,6,3775,2040,980,717,1994,640,529,1190,11865,1977.5
4558,Maharashtra,Urban,7,19623,9875,5342,2993,14312,3104,4171,8087,67507,9643.86
4559,Tamil Nadu,Urban,7,6508,960,2200,1008,4599,750,778,1226,18029,2575.57
4560,West Bengal,Rural,8,3639,575,450,1142,1273,608,364,747,8798,1099.75
4561,Maharashtra,Rural,5,2644,554,580,480,790,515,460,859,6882,1376.4
4562,Kerala,Urban,8,6068,1072,831,1160,14657,1874,1271,1487,28420,3552.5
4563,Delhi,Urban,5,9813,2369,4215,2804,16710,2611,1669,3696,43887,8777.4
4564,Uttar Pradesh,Urban,3,10492,2397,5749,2393,13306,3141,2513,1457,41448,13816.0
4565,West Bengal,Rural,6,3184,1315,856,1139,769,343,534,418,8558,1426.33
4566,Bihar,Rural,4,3233,1277,559,1454,764,1184,723,765,9959,2489.75
4567,Uttar Pradesh,Urban,7,13574,2719,6012,6011,9995,3338,1029,5489,48167,6881.0
4568,Delhi,Rural,3,4756,1357,822,865,713,1295,591,795,11194,3731.33
4569,Bihar,Rural,5,2339,997,839,1021,2522,419,373,1135,9645,1929.0
4570,Tamil Nadu,Rural,2,4421,1001,1464,1423,1535,895,735,1231,12705,6352.5
4571,West Bengal,Rural,3,2768,1063,689,502,726,272,131,253,6404,2134.67
4572,Maharashtra,Rural,4,2358,953,1080,1125,349,625,628,947,8065,2016.25
4573,Tamil Nadu,Rural,7,6558,3026,1361,2548,3585,1180,1145,2197,21600,3085.71
4574,Tamil Nadu,Urban,3,15953,2614,4237,2566,13614,2630,2673,3472,47759,15919.67
4575,Uttar Pradesh,Urban,4,5601,1787,1990,2353,17966,1325,517,1788,33327,8331.75
4576,Karnataka,Rural,4,5410,1403,1087,1141,2374,1414,1298,1279,15406,3851.5
4577,West Bengal,Urban,2,7792,1233,1059,1521,3506,1256,1365,2509,20241,10120.5
4578,West Bengal,Urban,3,19465,5434,4532,3371,3261,3469,1952,4901,46385,15461.67
4579,Bihar,Urban,5,14502,2630,4582,5715,17160,2113,1054,1461,49217,9843.4
4580,Delhi,Rural,2,4687,730,877,1029,762,481,441,456,9463,4731.5
4581,Maharashtra,Rural,5,4001,1528,953,825,3756,546,272,889,12770,2554.0
4582,Uttar Pradesh,Rural,6,5467,2776,1704,1500,3866,1638,645,1168,18764,3127.33
4583,Uttar Pradesh,Rural,2,3962,736,850,629,2370,849,792,1409,11597,5798.5
4584,West Bengal,Urban,5,7328,908,2469,2172,6070,852,699,794,21292,4258.4
4585,Uttar Pradesh,Rural,7,3329,824,626,550,2831,340,513,308,9321,1331.57
4586,Delhi,Rural,6,3207,1466,960,649,2568,971,937,383,11141,1856.83
4587,Gujarat,Urban,4,10456,2487,1896,5224,13090,3364,1746,3415,41678,10419.5
4588,West Bengal,Urban,3,8529,2805,1518,3762,4537,1491,1869,2487,26998,8999.33
4589,Uttar Pradesh,Urban,2,14825,4976,5765,5680,7724,3418,971,2877,46236,23118.0
4590,Kerala,Rural,6,5426,891,2346,2116,628,1122,1114,2410,16053,2675.5
4591,Gujarat,Rural,5,7510,1191,1299,1445,1448,1398,1225,871,16387,3277.4
4592,Uttar Pradesh,Rural,3,8017,1622,1882,1332,1581,1722,937,2085,19178,6392.67
4593,Tamil Nadu,Rural,2,4290,1786,1445,1143,244,981,314,1139,11342,5671.0
4594,Maharashtra,Urban,5,18205,4862,4893,3799,13259,3724,1551,5120,55413,11082.6
4595,Karnataka,Urban,3,12365,4690,5590,2526,13612,2182,2217,4294,47476,15825.33
4596,Maharashtra,Rural,8,2064,1170,302,677,409,390,193,504,5709,713.62
4597,Karnataka,Rural,4,6458,2513,1396,1458,3246,2090,1032,2323,20516,5129.0
4598,West Bengal,Urban,2,21043,8108,3139,7549,16520,2915,3437,2553,65264,32632.0
4599,Bihar,Urban,7,19188,6665,2061,4779,14220,4255,1605,6796,59569,8509.86
4600,Uttar Pradesh,Urban,6,14716,9589,4446,6948,15785,5057,2137,4218,62896,10482.67
4601,Tamil Nadu,Urban,3,22176,4779,6163,5219,11342,5112,2217,2932,59940,19980.0
4602,West Bengal,Urban,4,12246,2279,1843,2846,12700,1529,928,1845,36216,9054.0
4603,Uttar Pradesh,Rural,4,2212,501,670,819,3416,731,262,246,8857,2214.25
4604,Bihar,Rural,3,7957,1059,1074,1156,2784,1044,587,1314,16975,5658.33
4605,West Bengal,Rural,3,2745,865,750,963,3563,578,367,308,10139,3379.67
4606,Tamil Nadu,Rural,2,6882,3617,1450,1398,2136,1637,842,1890,19852,9926.0
4607,Uttar Pradesh,Rural,8,3891,1949,1545,934,3315,753,857,928,14172,1771.5
4608,Maharashtra,Urban,8,18381,5096,4047,2938,12947,2267,1010,1418,48104,6013.0
4609,West Bengal,Rural,2,6938,1575,1963,1100,3036,849,837,472,16770,8385.0
4610,Bihar,Urban,7,12042,5021,4481,1719,4952,1355,2350,3867,35787,5112.43
4611,Maharashtra,Urban,7,10901,1438,3208,2861,3060,2495,2013,1557,27533,3933.29
4612,Karnataka,Urban,2,10239,3076,2033,3225,13787,2246,900,3053,38559,19279.5
4613,Bihar,Urban,4,21223,10004,6876,6936,10675,3157,2841,3662,65374,16343.5
4614,Delhi,Rural,7,2645,698,497,455,3400,483,199,761,9138,1305.43
4615,Karnataka,Urban,8,5403,2007,1973,1439,5922,1387,1315,558,20004,2500.5
4616,Gujarat,Urban,8,8167,1224,873,2183,10199,1025,1576,1910,27157,3394.62
4617,Gujarat,Rural,8,3895,877,1687,928,871,1137,474,1783,11652,1456.5
4618,Delhi,Rural,5,1808,1103,834,371,1045,426,155,444,6186,1237.2
4619,Karnataka,Urban,2,14434,6612,6658,6016,10665,2350,3762,2002,52499,26249.5
4620,Uttar Pradesh,Rural,2,5686,1167,1190,1320,3361,877,535,1668,15804,7902.0
4621,Maharashtra,Rural,6,3102,645,864,1520,1700,759,400,533,9523,1587.17
4622,Karnataka,Rural,5,5119,1346,2452,1955,1607,1349,428,2333,16589,3317.8
4623,Rajasthan,Rural,3,7139,2585,1771,2545,3473,1518,1211,2701,22943,7647.67
4624,Karnataka,Rural,2,2147,1227,460,999,3574,382,496,367,9652,4826.0
4625,Maharashtra,Rural,7,5166,739,979,1360,2294,528,306,545,11917,1702.43
4626,Bihar,Rural,2,3981,1115,1299,717,3444,582,390,318,11846,5923.0
4627,Bihar,Rural,4,3941,1375,1224,2297,1422,1249,825,709,13042,3260.5
4628,Maharashtra,Urban,6,13214,3683,3827,5037,15344,2744,2107,2324,48280,8046.67
4629,Bihar,Rural,8,5733,2939,1486,1282,1609,1741,1079,2748,18617,2327.12
4630,Bihar,Rural,2,4206,710,678,1225,3279,859,790,1505,13252,6626.0
4631,Delhi,Rural,2,7264,2158,1660,1436,1768,1332,1680,2921,20219,10109.5
4632,Gujarat,Urban,2,11373,1489,3420,2772,16111,2017,2084,2629,41895,20947.5
4633,Tamil Nadu,Rural,6,7094,2403,1961,3048,3227,1187,773,2724,22417,3736.17
4634,Maharashtra,Rural,2,6821,1819,776,1906,3414,1603,837,2379,19555,9777.5
4635,Rajasthan,Urban,8,22934,7924,3907,7261,17259,4157,1541,1841,66824,8353.0
4636,Gujarat,Urban,4,20274,8083,7358,4082,5895,3150,2760,7575,59177,14794.25
4637,Delhi,Rural,4,6711,2017,869,1458,1444,732,1029,1204,15464,3866.0
4638,Karnataka,Rural,8,5721,1376,1115,1540,2332,1732,1362,2219,17397,2174.62
4639,Karnataka,Urban,3,12976,2373,4807,6022,12303,3417,2860,3529,48287,16095.67
4640,Delhi,Urban,5,7369,3162,1763,2757,10581,1343,516,1739,29230,5846.0
4641,Delhi,Rural,8,6860,1661,1186,1487,328,1269,1309,2472,16572,2071.5
4642,Gujarat,Rural,4,3209,1182,623,1250,277,847,231,1007,8626,2156.5
4643,Uttar Pradesh,Urban,4,15398,3649,4500,5327,8999,3652,840,5074,47439,11859.75
4644,Kerala,Urban,2,8614,1758,2038,2176,14478,1968,1395,927,33354,16677.0
4645,Uttar Pradesh,Urban,8,15426,7831,4799,6935,11802,2415,3416,4387,57011,7126.38
4646,Karnataka,Rural,4,5372,3053,1465,2781,1150,1847,626,1705,17999,4499.75
4647,West Bengal,Rural,8,7974,1761,1016,1195,3757,1610,1621,2382,21316,2664.5
4648,Maharashtra,Rural,4,4397,2346,765,1588,3466,1176,868,854,15460,3865.0
4649,Uttar Pradesh,Rural,4,2996,762,706,891,3339,844,494,415,10447,2611.75
4650,Bihar,Urban,3,15702,6448,2679,3848,8350,2924,1739,1459,43149,14383.0
4651,Karnataka,Rural,6,6704,815,2262,2193,2895,1020,928,2335,19152,3192.0
4652,Uttar Pradesh,Rural,3,5604,1689,2755,1530,2843,1714,948,2453,19536,6512.0
4653,Rajasthan,Rural,4,3938,1158,1826,1300,1815,852,631,1882,13402,3350.5
4654,Bihar,Urban,5,16905,3629,5664,4146,3418,4168,1610,3850,43390,8678.0
4655,Uttar Pradesh,Urban,4,20817,5481,4950,4584,9459,3586,3465,3338,55680,13920.0
4656,Delhi,Rural,4,6899,2153,1106,1215,3854,725,783,1407,18142,4535.5
4657,Karnataka,Urban,5,13800,2114,4920,2547,12767,1959,1488,3659,43254,8650.8
4658,Tamil Nadu,Rural,6,5349,2854,721,1734,2577,1010,685,1004,15934,2655.67
4659,Uttar Pradesh,Rural,5,5266,2641,2204,1946,3406,1101,418,1780,18762,3752.4
4660,Bihar,Rural,2,4385,1911,557,1763,2743,1308,321,1406,14394,7197.0
4661,West Bengal,Urban,3,7200,4043,2474,1187,13698,1239,652,679,31172,10390.67
4662,Uttar Pradesh,Rural,7,5297,2854,1483,1775,1675,1516,541,1110,16251,2321.57
4663,Delhi,Rural,3,6409,2718,1766,1858,1190,807,1234,1888,17870,5956.67
4664,Maharashtra,Rural,3,5529,2141,2185,1789,3825,1372,767,1583,19191,6397.0
4665,Karnataka,Rural,4,3421,1049,411,784,1974,711,667,1000,10017,2504.25
4666,Bihar,Rural,7,5920,3376,2148,1479,1886,1218,1442,2370,19839,2834.14
4667,Karnataka,Urban,6,8473,1806,1642,1513,4073,1271,1515,2155,22448,3741.33
4668,Rajasthan,Rural,8,8382,3175,921,2683,268,845,574,851,17699,2212.38
4669,Kerala,Urban,7,11966,2679,1909,5370,9524,2423,1941,4914,40726,5818.0
4670,Tamil Nadu,Urban,4,15850,3148,2219,2527,12648,3267,858,4517,45034,11258.5
4671,Maharashtra,Urban,3,7821,2561,1806,1968,3364,1611,450,888,20469,6823.0
4672,Rajasthan,Urban,7,11743,2850,3133,1467,13302,1434,1500,1740,37169,5309.86
4673,Tamil Nadu,Rural,8,6012,3412,1479,2207,1340,1330,938,2446,19164,2395.5
4674,Tamil Nadu,Rural,5,5384,1627,909,1024,3784,770,828,1355,15681,3136.2
4675,West Bengal,Rural,6,5168,1929,825,1649,2951,971,524,1004,15021,2503.5
4676,Maharashtra,Rural,3,3171,1391,871,1289,2379,1196,730,1758,12785,4261.67
4677,Gujarat,Rural,4,4108,1101,773,1756,1296,1151,576,1491,12252,3063.0
4678,Karnataka,Urban,4,7957,3842,2654,3224,3735,1848,1683,919,25862,6465.5
4679,Uttar Pradesh,Urban,6,14384,4110,4500,4316,15938,2844,3366,4366,53824,8970.67
4680,Karnataka,Rural,8,4448,2694,803,1888,2693,1283,418,2327,16554,2069.25
4681,West Bengal,Urban,7,6836,1275,1028,1202,16444,1276,497,833,29391,4198.71
4682,Maharashtra,Rural,3,3349,1624,916,894,2236,713,668,564,10964,3654.67
4683,Bihar,Rural,8,4917,2536,735,1336,2631,789,911,1275,15130,1891.25
4684,Uttar Pradesh,Rural,4,3324,1501,1006,1295,3919,828,249,282,12404,3101.0
4685,Rajasthan,Urban,3,20849,9810,7696,7484,8580,2309,2012,4098,62838,20946.0
4686,Tamil Nadu,Urban,5,12685,2242,2879,3443,5667,2944,1847,4615,36322,7264.4
4687,Tamil Nadu,Rural,3,2043,1288,759,692,224,456,295,309,6066,2022.0
4688,Uttar Pradesh,Rural,3,7036,2977,963,1743,653,779,1351,873,16375,5458.33
4689,Karnataka,Urban,6,17638,6886,6532,6163,17265,2155,3612,2565,62816,10469.33
4690,Bihar,Rural,7,6455,3155,1893,1813,2517,1699,448,2005,19985,2855.0
4691,West Bengal,Urban,6,9198,3565,3278,2578,10467,2474,1212,3594,36366,6061.0
4692,Kerala,Rural,6,2580,1359,727,769,1863,579,310,742,8929,1488.17
4693,West Bengal,Urban,3,9706,3243,1476,3184,15208,1053,1092,1366,36328,12109.33
4694,Gujarat,Urban,5,10573,1816,3529,2064,14197,2507,1776,2158,38620,7724.0
4695,Maharashtra,Urban,4,15173,7656,2346,5048,9713,2348,1350,3389,47023,11755.75
4696,Bihar,Urban,5,15141,3805,2516,4982,16727,2418,1279,4261,51129,10225.8
4697,Tamil Nadu,Urban,2,18554,5921,6165,6160,10619,2163,1418,2825,53825,26912.5
4698,Uttar Pradesh,Rural,3,4976,814,1592,1462,2110,711,363,864,12892,4297.33
4699,Rajasthan,Urban,4,6616,1765,2610,1075,12803,1647,829,962,28307,7076.75
4700,Kerala,Urban,7,16251,4538,3766,3123,14219,3784,2684,7031,55396,7913.71
4701,West Bengal,Urban,5,17152,7562,3888,2396,5715,3499,1410,4287,45909,9181.8
4702,Kerala,Urban,3,12675,3097,2520,5279,14618,2004,2027,1241,43461,14487.0
4703,Kerala,Rural,7,5570,2484,1917,1938,1278,1060,698,2375,17320,2474.29
4704,Karnataka,Rural,2,2108,514,493,784,3591,493,207,965,9155,4577.5
4705,Gujarat,Urban,4,13784,8186,5189,7695,10394,5050,4180,2205,56683,14170.75
4706,Uttar Pradesh,Rural,6,6087,1098,2301,2862,555,1404,776,2784,17867,2977.83
4707,Kerala,Rural,7,3432,1331,1129,1100,251,478,593,293,8607,1229.57
4708,Gujarat,Urban,8,12433,4277,1873,5911,3023,2811,2811,6007,39146,4893.25
4709,Kerala,Rural,4,5489,2109,1492,1107,3530,1479,848,900,16954,4238.5
4710,West Bengal,Rural,7,9373,3599,2927,1336,749,1217,941,2740,22882,3268.86
4711,Uttar Pradesh,Urban,4,9818,5382,5704,3229,3718,2831,2621,2000,35303,8825.75
4712,Karnataka,Rural,8,4496,908,1202,827,2492,567,641,696,11829,1478.62
4713,Bihar,Rural,6,4083,863,1235,1789,100,1370,324,1840,11604,1934.0
4714,Delhi,Urban,3,5881,1452,1830,3372,8533,1143,842,3463,26516,8838.67
4715,Kerala,Rural,3,4208,509,1493,565,2466,720,617,957,11535,3845.0
4716,Uttar Pradesh,Urban,2,20110,6486,2925,5607,3838,3741,2980,6399,52086,26043.0
4717,Gujarat,Urban,2,14848,4755,3011,5421,3467,2699,2200,3046,39447,19723.5
4718,Maharashtra,Urban,8,7153,2044,2133,1883,3259,877,887,2661,20897,2612.12
4719,Maharashtra,Rural,8,8135,1952,2132,1857,333,918,1370,1061,17758,2219.75
4720,Maharashtra,Rural,6,2543,979,1042,1239,1940,922,194,1020,9879,1646.5
4721,West Bengal,Rural,4,3974,650,1149,731,2727,680,523,507,10941,2735.25
4722,Bihar,Rural,5,1956,1193,1012,1056,1820,631,468,653,8789,1757.8
4723,West Bengal,Rural,5,3636,998,964,932,1529,691,262,314,9326,1865.2
4724,Maharashtra,Rural,7,3555,1271,337,413,2739,704,642,697,10358,1479.71
4725,Karnataka,Rural,4,1995,792,572,978,2347,607,436,487,8214,2053.5
4726,Maharashtra,Urban,7,5596,2593,895,1932,10825,1029,463,1980,25313,3616.14
4727,Tamil Nadu,Urban,8,7511,2699,2284,1251,16422,1532,524,2411,34634,4329.25
4728,Delhi,Urban,5,15982,7801,4434,6696,5428,4188,1927,2747,49203,9840.6
4729,Bihar,Rural,4,3773,1372,1195,691,154,1160,300,1375,10020,2505.0
4730,West Bengal,Rural,6,1883,1104,1023,630,3077,430,382,773,9302,1550.33
4731,Uttar Pradesh,Urban,2,20820,2845,6195,7668,8833,2703,2732,6054,57850,28925.0
4732,Bihar,Urban,3,7369,1493,2292,1630,7111,999,536,2482,23912,7970.67
4733,Rajasthan,Rural,2,4049,772,840,1422,1448,1005,487,740,10763,5381.5
4734,Gujarat,Urban,2,14462,4199,3844,3646,12236,2595,1945,3557,46484,23242.0
4735,Maharashtra,Urban,5,17794,2829,4883,3793,11949,3050,3187,4882,52367,10473.4
4736,Bihar,Urban,2,22483,4008,2591,4430,16429,3167,3186,6959,63253,31626.5
4737,Maharashtra,Rural,3,6175,1836,1779,1212,993,1757,1319,1506,16577,5525.67
4738,Bihar,Urban,8,14849,2468,5177,4588,7203,2610,2390,1971,41256,5157.0
4739,Bihar,Urban,6,16685,5029,6967,4885,7276,3373,1735,1749,47699,7949.83
4740,Gujarat,Urban,3,13464,7798,6362,5391,15870,4247,3364,5701,62197,20732.33
4741,Rajasthan,Urban,2,5547,2670,2422,1265,8859,1324,1032,2232,25351,12675.5
4742,Karnataka,Urban,4,10003,4553,2407,3333,11838,3052,774,1650,37610,9402.5
4743,Tamil Nadu,Rural,7,6100,2606,2477,2877,2156,1669,965,1268,20118,2874.0
4744,Maharashtra,Urban,3,7933,3421,885,2717,13350,1745,1374,2027,33452,11150.67
4745,Bihar,Rural,7,5129,2110,1523,1143,695,1096,360,442,12498,1785.43
4746,Gujarat,Urban,7,9107,4119,1362,3704,10646,2411,1415,937,33701,4814.43
4747,Karnataka,Rural,2,6033,2359,1311,1428,1177,1149,455,2428,16340,8170.0
4748,Gujarat,Urban,3,13744,2904,4491,3794,3593,2781,1278,1960,34545,11515.0
4749,Delhi,Urban,6,7954,3204,2683,2653,10388,1252,1064,2773,31971,5328.5
4750,Rajasthan,Urban,4,10210,2837,3249,3614,4088,2346,1642,3170,31156,7789.0
4751,Tamil Nadu,Rural,7,3462,1320,678,765,2285,814,663,1211,11198,1599.71
4752,West Bengal,Rural,8,3013,1377,608,574,885,458,283,883,8081,1010.12
4753,West Bengal,Rural,3,6547,3642,1521,3213,2617,1455,463,840,20298,6766.0
4754,West Bengal,Rural,6,4654,2582,1463,1152,245,1615,492,2284,14487,2414.5
4755,Rajasthan,Urban,8,13956,2141,3680,3650,15233,2799,2091,1093,44643,5580.38
4756,Tamil Nadu,Urban,5,6304,2211,1379,2165,17427,638,524,1765,32413,6482.6
4757,Tamil Nadu,Rural,2,3215,812,821,1099,2097,1015,531,1563,11153,5576.5
4758,Uttar Pradesh,Rural,6,4318,756,1564,662,965,840,554,665,10324,1720.67
4759,Maharashtra,Urban,3,21248,2868,5293,4288,16398,5277,3532,5749,64653,21551.0
4760,Maharashtra,Rural,4,4772,1943,1324,1939,69,1264,394,1460,13165,3291.25
4761,Rajasthan,Rural,6,4356,2080,1527,1371,818,919,362,1280,12713,2118.83
4762,Kerala,Urban,3,7913,2957,2547,3430,10893,1539,1168,1881,32328,10776.0
4763,Bihar,Urban,3,13864,5520,4636,4417,8769,2888,1061,4085,45240,15080.0
4764,Rajasthan,Rural,7,7144,1573,1126,1450,803,1664,681,2178,16619,2374.14
4765,Tamil Nadu,Urban,4,7895,1706,2738,2078,10523,1712,598,2393,29643,7410.75
4766,West Bengal,Rural,5,3726,1466,1239,1275,1600,955,273,480,11014,2202.8
4767,West Bengal,Rural,5,3740,1422,596,1337,245,615,594,454,9003,1800.6
4768,Maharashtra,Urban,4,20010,8054,7019,6595,3959,5462,2178,5485,58762,14690.5
4769,Rajasthan,Urban,2,5673,1950,1536,1829,3375,1151,1242,745,17501,8750.5
4770,Maharashtra,Rural,5,4639,2140,733,1459,2365,1087,913,1141,14477,2895.4
4771,Gujarat,Urban,5,7882,4905,4113,2484,17965,2745,1995,1103,43192,8638.4
4772,Bihar,Rural,7,6655,1097,1048,2636,1340,1808,1231,1665,17480,2497.14
4773,Delhi,Rural,7,5157,2719,727,1511,3943,1361,604,1247,17269,2467.0
4774,Uttar Pradesh,Rural,5,2919,864,657,1010,1336,950,312,850,8898,1779.6
4775,Rajasthan,Rural,5,2185,1280,919,650,3880,732,600,604,10850,2170.0
4776,Maharashtra,Rural,7,5053,1672,1000,640,2548,1068,605,482,13068,1866.86
4777,Gujarat,Rural,6,5448,1246,2509,1160,518,825,1045,1102,13853,2308.83
4778,Tamil Nadu,Rural,6,2896,1382,1448,1287,1678,699,450,778,10618,1769.67
4779,Tamil Nadu,Urban,4,7102,3946,2170,2476,13668,1095,1026,3205,34688,8672.0
4780,Kerala,Rural,3,7194,2694,2195,2279,3065,1108,850,1334,20719,6906.33
4781,Delhi,Urban,4,8695,4135,1569,3137,12787,2726,2316,2453,37818,9454.5
4782,West Bengal,Urban,3,7864,2847,2200,3012,16643,952,522,2483,36523,12174.33
4783,Bihar,Rural,3,5319,1400,2442,1384,1276,1373,1170,568,14932,4977.33
4784,Rajasthan,Rural,6,3545,588,841,692,3104,623,469,532,10394,1732.33
4785,Gujarat,Rural,5,5047,2589,1538,889,1938,628,455,1159,14243,2848.6
4786,Kerala,Rural,5,3980,708,1191,831,3055,785,399,346,11295,2259.0
4787,Bihar,Rural,4,6053,1640,1249,1997,2962,725,1008,1366,17000,4250.0
4788,Delhi,Urban,8,9585,2830,2635,2978,14683,1584,1569,2366,38230,4778.75
4789,Uttar Pradesh,Rural,5,3958,566,779,883,3860,871,481,851,12249,2449.8
4790,West Bengal,Rural,8,1988,809,862,519,858,289,379,786,6490,811.25
4791,Rajasthan,Urban,2,13106,7725,2921,5440,6944,3841,2021,4975,46973,23486.5
4792,Uttar Pradesh,Rural,7,2399,801,444,372,1865,365,230,768,7244,1034.86
4793,Uttar Pradesh,Rural,6,3425,1110,772,1149,3256,532,401,404,11049,1841.5
4794,West Bengal,Rural,7,6551,1782,1015,2069,945,781,1181,1034,15358,2194.0
4795,Tamil Nadu,Rural,6,9018,1489,1152,1750,715,932,598,2682,18336,3056.0
4796,Gujarat,Rural,7,5297,1101,1625,846,3092,1026,866,2265,16118,2302.57
4797,West Bengal,Urban,8,18618,4368,5207,5071,16635,5462,4149,5522,65032,8129.0
4798,Kerala,Urban,6,13807,2198,1576,2293,12503,2259,2136,2034,38806,6467.67
4799,Bihar,Urban,3,17569,6805,3126,5051,6742,2759,3402,3412,48866,16288.67
4800,Karnataka,Urban,3,12297,5814,3956,5417,5923,2194,1094,4426,41121,13707.0
4801,Gujarat,Rural,5,6105,2957,1847,2020,1495,1643,916,1909,18892,3778.4
4802,West Bengal,Rural,3,8401,1793,1583,2688,984,1139,1463,2453,20504,6834.67
4803,Delhi,Urban,3,12362,4852,5979,3097,14154,2967,2516,1847,47774,15924.67
4804,Kerala,Rural,8,3567,605,1609,1553,223,719,349,433,9058,1132.25
4805,Rajasthan,Rural,4,7730,1847,1445,2071,1352,1568,1121,2818,19952,4988.0
4806,Kerala,Rural,5,8311,1686,1144,1129,3884,818,1398,960,19330,3866.0
4807,Maharashtra,Rural,2,4966,1107,1372,1810,2297,1461,1197,966,15176,7588.0
4808,Tamil Nadu,Urban,7,17774,4437,2646,6531,11340,2034,2970,2205,49937,7133.86
4809,Tamil Nadu,Urban,2,10012,4166,5289,4399,10471,3860,2873,2980,44050,22025.0
4810,Bihar,Rural,8,2425,865,877,735,707,459,409,235,6712,839.0
4811,Gujarat,Urban,2,22122,10308,2593,7139,10100,3438,1250,7543,64493,32246.5
4812,Maharashtra,Urban,2,7879,1870,1353,1690,13086,2395,1959,3801,34033,17016.5
4813,West Bengal,Urban,5,10214,2682,1841,2642,13154,1864,1328,2797,36522,7304.4
4814,Rajasthan,Rural,5,2855,783,806,933,131,661,198,979,7346,1469.2
4815,Gujarat,Urban,7,14157,4632,4490,3964,9526,2525,1470,2042,42806,6115.14
4816,Delhi,Urban,5,6817,1818,2624,2955,8386,1929,1146,2949,28624,5724.8
4817,Maharashtra,Urban,2,15742,6512,4463,2448,13044,3244,2793,2222,50468,25234.0
4818,West Bengal,Urban,5,20052,7929,3635,5917,12412,2649,1222,5037,58853,11770.6
4819,Kerala,Rural,2,9397,3042,1992,1316,1475,1193,1161,2999,22575,11287.5
4820,Bihar,Urban,8,12984,3029,2507,4173,10999,3154,3122,3934,43902,5487.75
4821,Bihar,Rural,4,5628,2212,2125,1607,1335,1547,1255,1052,16761,4190.25
4822,Bihar,Urban,5,13357,2284,2680,3651,17201,3812,2099,4467,49551,9910.2
4823,Uttar Pradesh,Urban,4,21648,8620,6368,6186,13144,2793,2819,5802,67380,16845.0
4824,Bihar,Rural,7,5019,1025,1243,1782,1356,783,902,1906,14016,2002.29
4825,West Bengal,Rural,2,4584,2879,879,2433,2446,1768,1329,2603,18921,9460.5
4826,Karnataka,Urban,4,15871,4534,4795,4876,11422,2218,2108,2298,48122,12030.5
4827,Gujarat,Rural,3,5104,2341,1008,1982,3220,796,775,684,15910,5303.33
4828,Karnataka,Rural,7,1991,872,1023,880,885,333,302,740,7026,1003.71
4829,Bihar,Urban,7,14566,6291,3286,3021,15664,3320,980,5255,52383,7483.29
4830,Maharashtra,Urban,3,19619,10494,4504,4525,17506,5916,2084,4959,69607,23202.33
4831,Kerala,Urban,2,6921,2528,2254,1920,14841,948,702,2424,32538,16269.0
4832,Bihar,Rural,3,5693,996,1147,779,2680,865,812,1898,14870,4956.67
4833,Uttar Pradesh,Rural,6,4930,2046,1842,1751,500,856,815,740,13480,2246.67
4834,Tamil Nadu,Rural,8,5072,3162,1849,2582,2123,1898,1568,2806,21060,2632.5
4835,Kerala,Rural,3,3415,1377,1200,1017,545,598,645,1198,9995,3331.67
4836,Bihar,Rural,4,3102,481,693,732,436,604,201,316,6565,1641.25
4837,Kerala,Urban,4,19317,4738,5734,4754,4286,4458,1838,3409,48534,12133.5
4838,Rajasthan,Rural,5,6371,2455,1535,1565,3544,1486,1633,1148,19737,3947.4
4839,Delhi,Rural,2,6488,2712,1790,2092,984,1053,621,2227,17967,8983.5
4840,Delhi,Rural,5,2281,577,537,527,3124,409,626,803,8884,1776.8
4841,Gujarat,Urban,6,8822,2984,2515,3224,4643,1154,823,929,25094,4182.33
4842,Maharashtra,Rural,8,6357,2038,2110,1103,1116,895,440,1190,15249,1906.12
4843,Maharashtra,Urban,4,9933,3974,3770,2859,11733,1698,1737,2329,38033,9508.25
4844,Gujarat,Rural,4,6876,1359,777,2227,1461,1239,585,1170,15694,3923.5
4845,Uttar Pradesh,Rural,5,3492,1205,1240,987,1819,363,507,920,10533,2106.6
4846,Tamil Nadu,Rural,6,5088,1825,1403,705,337,980,891,1011,12240,2040.0
4847,Tamil Nadu,Urban,2,8720,3687,4242,2997,8727,1416,1147,4383,35319,17659.5
4848,Tamil Nadu,Rural,2,7083,2816,2406,2653,2627,1276,794,2386,22041,11020.5
4849,Uttar Pradesh,Rural,2,5055,1854,644,1541,3742,1146,533,2035,16550,8275.0
4850,Kerala,Rural,6,3256,1393,1118,719,3297,700,195,728,11406,1901.0
4851,Rajasthan,Urban,3,21574,4912,3977,6172,15177,2638,4367,3537,62354,20784.67
4852,Bihar,Rural,2,7832,1609,2553,1355,220,1273,1109,1861,17812,8906.0
4853,Gujarat,Urban,2,15202,2667,3791,4994,14136,2793,3009,3367,49959,24979.5
4854,Rajasthan,Rural,7,5019,1200,865,922,3364,542,964,903,13779,1968.43
4855,Bihar,Urban,4,15310,3547,3430,5367,4724,3137,1630,1725,38870,9717.5
4856,Tamil Nadu,Urban,6,6632,3270,2158,1069,11000,844,1443,2656,29072,4845.33
4857,West Bengal,Urban,6,13838,8631,5011,5296,11438,3632,3382,3031,54259,9043.17
4858,Karnataka,Rural,7,5015,1099,626,1515,658,828,916,879,11536,1648.0
4859,Bihar,Rural,4,6521,3460,2087,1916,2227,1116,400,1999,19726,4931.5
4860,Karnataka,Rural,4,4146,1404,882,1460,1304,1163,901,1369,12629,3157.25
4861,Rajasthan,Urban,8,17174,3748,5271,6114,6644,3407,1218,3119,46695,5836.88
4862,Rajasthan,Urban,6,11858,2022,4036,3160,13321,1803,2787,3901,42888,7148.0
4863,Gujarat,Rural,4,3534,2306,611,1539,3124,799,845,885,13643,3410.75
4864,Gujarat,Urban,6,12401,2234,4128,4309,13395,1619,1906,4803,44795,7465.83
4865,Rajasthan,Urban,6,13444,7380,4603,4164,5920,2552,1454,4575,44092,7348.67
4866,Tamil Nadu,Rural,7,4068,1756,1517,1248,1163,1177,473,1113,12515,1787.86
4867,West Bengal,Urban,8,5612,1152,716,823,5574,765,671,2146,17459,2182.38
4868,Gujarat,Rural,4,6354,1910,790,2578,3997,1733,887,2124,20373,5093.25
4869,West Bengal,Urban,6,18188,5297,4523,3795,12923,2046,3578,1500,51850,8641.67
4870,Gujarat,Rural,5,7430,1806,1078,1383,3963,1501,1535,913,19609,3921.8
4871,Gujarat,Rural,8,3512,1274,1078,1273,2723,585,316,872,11633,1454.12
4872,Kerala,Rural,4,5865,1051,1835,1428,3200,1301,1022,1046,16748,4187.0
4873,West Bengal,Rural,7,4875,1476,1949,1226,2099,1417,801,1519,15362,2194.57
4874,Uttar Pradesh,Urban,7,13397,8181,5322,6023,6247,2971,3686,4430,50257,7179.57
4875,Kerala,Rural,7,2872,573,591,942,2136,813,777,530,9234,1319.14
4876,West Bengal,Rural,4,5641,2380,1216,2264,1962,1476,1111,494,16544,4136.0
4877,Rajasthan,Urban,8,5654,2626,1001,2478,4851,1648,399,2466,21123,2640.38
4878,Gujarat,Rural,6,4766,1579,2204,1151,207,852,913,1797,13469,2244.83
4879,Rajasthan,Rural,5,6604,1801,1322,2010,2362,904,1370,2631,19004,3800.8
4880,Tamil Nadu,Urban,7,14439,3842,2574,3155,10097,3483,3218,3351,44159,6308.43
4881,Karnataka,Urban,2,12860,3987,2888,5049,4069,3396,3241,4943,40433,20216.5
4882,Bihar,Rural,6,3844,637,480,1024,551,492,408,751,8187,1364.5
4883,Bihar,Rural,4,2701,723,634,1213,278,474,507,1141,7671,1917.75
4884,Delhi,Rural,3,7825,2926,2821,1070,1542,1347,1649,887,20067,6689.0
4885,Bihar,Rural,7,1737,325,745,707,1886,362,499,626,6887,983.86
4886,Uttar Pradesh,Urban,7,8661,4181,1499,2944,14440,2118,888,1953,36684,5240.57
4887,Delhi,Urban,6,17147,6179,3934,4693,15037,3899,1652,2329,54870,9145.0
4888,Kerala,Urban,3,6816,2072,1861,1124,5871,1079,1040,934,20797,6932.33
4889,Maharashtra,Urban,3,12403,4892,1151,2416,15845,1226,1086,2862,41881,13960.33
4890,Bihar,Rural,4,6241,1497,668,1905,798,1338,1037,575,14059,3514.75
4891,Kerala,Rural,2,7184,3161,2526,1926,843,1799,528,561,18528,9264.0
4892,Kerala,Urban,5,19410,9002,7232,7692,15421,3044,3028,6865,71694,14338.8
4893,Rajasthan,Urban,2,8790,2421,4091,2056,10952,2315,715,2883,34223,17111.5
4894,West Bengal,Rural,2,4910,1340,1772,1663,426,1199,440,633,12383,6191.5
4895,Kerala,Urban,3,7622,4199,1316,2529,9303,1464,1914,1538,29885,9961.67
4896,Kerala,Urban,4,6087,3942,2057,3303,3459,1209,701,3278,24036,6009.0
4897,Gujarat,Urban,3,16473,8528,6361,7947,16306,3279,2184,6823,67901,22633.67
4898,Maharashtra,Rural,3,4271,2472,983,1947,3406,1342,886,1787,17094,5698.0
4899,Karnataka,Rural,4,3221,557,1016,1369,336,936,716,569,8720,2180.0
4900,Kerala,Urban,6,12792,1704,4337,4722,3586,2222,1779,2288,33430,5571.67
4901,Karnataka,Rural,6,6352,1254,838,1297,937,1192,703,958,13531,2255.17
4902,Rajasthan,Rural,7,3980,647,896,1132,69,958,354,605,8641,1234.43
4903,Karnataka,Urban,2,6891,1596,1416,2383,8423,1385,635,1744,24473,12236.5
4904,Karnataka,Rural,6,2697,554,575,801,801,732,524,323,7007,1167.83
4905,Uttar Pradesh,Urban,6,12506,7466,6645,4228,10514,2787,2501,7042,53689,8948.17
4906,Uttar Pradesh,Urban,4,22552,3822,7654,3737,6796,5279,3294,5588,58722,14680.5
4907,Uttar Pradesh,Rural,6,7596,1343,1460,1604,3883,1283,1258,1801,20228,3371.33
4908,Karnataka,Urban,2,22814,3185,4656,7083,12356,4966,3610,3619,62289,31144.5
4909,Gujarat,Urban,2,17647,2710,3204,4376,10921,3448,2680,2537,47523,23761.5
4910,Bihar,Urban,3,12607,1944,2841,4276,8048,2414,1589,3511,37230,12410.0
4911,Uttar Pradesh,Rural,5,2761,453,641,588,3832,401,613,965,10254,2050.8
4912,Uttar Pradesh,Urban,8,11055,1601,2883,1549,5117,2200,845,3781,29031,3628.88
4913,Delhi,Urban,7,16516,3940,4062,2648,16394,3883,2967,3447,53857,7693.86
4914,Uttar Pradesh,Urban,5,6489,2207,1583,3028,14440,1687,1656,2551,33641,6728.2
4915,Gujarat,Rural,6,2164,1031,704,906,2344,756,170,258,8333,1388.83
4916,Karnataka,Rural,2,2746,803,554,456,609,799,287,1162,7416,3708.0
4917,Tamil Nadu,Rural,4,4376,578,1543,985,3264,635,299,1569,13249,3312.25
4918,Delhi,Urban,8,14381,7209,5889,5007,9701,2321,3618,3212,51338,6417.25
4919,Maharashtra,Rural,6,6895,1837,1707,1277,1854,1126,1170,2702,18568,3094.67
4920,Karnataka,Rural,5,7955,1008,2807,2684,847,1105,606,2709,19721,3944.2
4921,Karnataka,Rural,7,7279,1774,1991,2020,1371,1388,1004,591,17418,2488.29
4922,Kerala,Rural,8,6953,2784,2259,1668,2760,1416,428,937,19205,2400.62
4923,Gujarat,Rural,3,4452,2217,1465,1459,477,1480,976,1763,14289,4763.0
4924,Tamil Nadu,Rural,6,3023,1057,1015,529,866,717,270,262,7739,1289.83
4925,Maharashtra,Urban,3,6483,2015,2265,1660,13013,1241,378,879,27934,9311.33
4926,Tamil Nadu,Rural,2,3156,1419,1084,1142,206,598,581,713,8899,4449.5
4927,Rajasthan,Urban,8,18128,7593,4092,5869,9380,2158,3622,7811,58653,7331.62
4928,Rajasthan,Rural,2,4092,1064,1721,2188,1820,1391,419,482,13177,6588.5
4929,Tamil Nadu,Urban,2,18441,4698,3223,3512,16697,2068,1515,6252,56406,28203.0
4930,Maharashtra,Urban,6,11870,3318,2116,2171,16613,3423,2653,4357,46521,7753.5
4931,Karnataka,Urban,4,15553,3663,4804,2828,4877,1413,882,4167,38187,9546.75
4932,Uttar Pradesh,Urban,2,26167,8271,5029,7683,4740,4537,4306,6849,67582,33791.0
4933,Gujarat,Rural,2,5554,917,1428,1946,700,1044,321,1189,13099,6549.5
4934,Uttar Pradesh,Urban,6,15662,7915,4153,4302,8084,3526,2042,3289,48973,8162.17
4935,Gujarat,Rural,6,6160,1583,2498,1574,3045,722,678,1149,17409,2901.5
4936,Uttar Pradesh,Rural,2,8565,1180,1111,1650,715,1504,1352,2889,18966,9483.0
4937,West Bengal,Rural,7,6061,3067,851,2228,3992,846,885,1687,19617,2802.43
4938,Kerala,Rural,2,1896,807,493,936,1696,606,159,917,7510,3755.0
4939,Maharashtra,Urban,2,4536,2427,1972,1096,3310,1401,995,2456,18193,9096.5
4940,Maharashtra,Rural,8,1972,1077,982,977,2313,561,570,349,8801,1100.12
4941,Rajasthan,Rural,4,5133,1487,1820,2148,3645,965,875,1017,17090,4272.5
4942,Kerala,Rural,3,2746,625,583,415,1958,702,212,539,7780,2593.33
4943,Rajasthan,Urban,2,16639,5456,2077,3474,6883,4220,2094,3459,44302,22151.0
4944,Karnataka,Urban,5,10588,4280,1595,3200,4203,2854,2436,3129,32285,6457.0
4945,Gujarat,Urban,4,8185,2503,1830,2340,11370,1421,1541,2016,31206,7801.5
4946,Bihar,Urban,4,8108,1836,2069,1758,4454,2289,1344,2230,24088,6022.0
4947,Gujarat,Urban,2,12396,2422,4653,3435,6622,2727,2632,4894,39781,19890.5
4948,Tamil Nadu,Rural,7,5107,2721,1335,1659,2271,1609,1176,2484,18362,2623.14
4949,Kerala,Urban,2,20250,9620,7000,7985,6190,4605,3992,2581,62223,31111.5
4950,Gujarat,Rural,5,5538,1417,1301,1619,3554,816,419,571,15235,3047.0
4951,Delhi,Urban,7,12644,2330,4338,4313,7216,3351,2811,3404,40407,5772.43
4952,Maharashtra,Rural,6,3719,893,970,737,3963,687,468,492,11929,1988.17
4953,Bihar,Rural,8,5939,959,943,2347,3512,854,1267,698,16519,2064.88
4954,Kerala,Rural,6,2258,630,694,630,1463,329,303,446,6753,1125.5
4955,Kerala,Rural,6,4199,2296,1759,1241,3983,590,1045,1483,16596,2766.0
4956,Delhi,Rural,3,5266,1181,1660,1797,2166,773,808,610,14261,4753.67
4957,Karnataka,Urban,3,12558,1756,4792,3573,12575,2322,2648,4072,44296,14765.33
4958,Tamil Nadu,Rural,3,3118,442,1026,737,3524,568,231,331,9977,3325.67
4959,Karnataka,Urban,2,16982,5596,3733,4788,16623,2953,1181,4082,55938,27969.0
4960,Tamil Nadu,Rural,2,7230,3328,1242,1961,3572,1251,715,1494,20793,10396.5
4961,Karnataka,Urban,7,16107,6075,2865,6486,11435,2438,3506,6744,55656,7950.86
4962,Tamil Nadu,Urban,7,11250,7506,4498,3762,9070,3888,939,4848,45761,6537.29
4963,Karnataka,Urban,5,16276,2414,2270,5708,14245,3035,2862,3643,50453,10090.6
4964,Rajasthan,Urban,7,10374,2863,4053,3907,12009,1813,2175,4225,41419,5917.0
4965,Maharashtra,Rural,6,3164,497,845,783,3684,722,199,934,10828,1804.67
4966,Rajasthan,Rural,4,3431,1749,1119,1307,3564,748,431,478,12827,3206.75
4967,Maharashtra,Urban,4,23053,5033,7202,7654,17130,2392,2783,4424,69671,17417.75
4968,Kerala,Rural,8,4995,2008,1318,1548,3754,475,407,828,15333,1916.62
4969,Bihar,Rural,8,8205,2372,1927,1123,3980,1775,1264,1669,22315,2789.38
4970,Tamil Nadu,Urban,6,19125,4693,4274,6100,14934,5134,1715,6784,62759,10459.83
4971,Delhi,Rural,2,7194,1214,1721,1104,2587,1136,744,580,16280,8140.0
4972,Rajasthan,Urban,3,6797,2730,2017,2807,13741,1774,727,2711,33304,11101.33
4973,Bihar,Rural,8,2677,467,495,503,1654,393,402,504,7095,886.88
4974,Gujarat,Rural,6,4442,1358,1540,1629,2019,944,902,1154,13988,2331.33
4975,Maharashtra,Rural,4,2850,835,892,510,2838,406,309,262,8902,2225.5
4976,Kerala,Urban,2,8712,2482,1168,1878,12352,969,544,2420,30525,15262.5
4977,West Bengal,Rural,7,3441,1470,645,749,2167,708,551,305,10036,1433.71
4978,Maharashtra,Rural,3,2085,1241,1152,680,429,490,421,918,7416,2472.0
4979,Maharashtra,Urban,4,19210,9487,7711,6837,16674,5064,3540,6368,74891,18722.75
4980,Rajasthan,Urban,2,7371,2369,1260,2171,16159,1120,440,1082,31972,15986.0
4981,Bihar,Urban,8,12721,5105,4910,4909,9845,1915,2751,5569,47725,5965.62
4982,Maharashtra,Rural,5,6429,1081,1333,1649,509,755,669,643,13068,2613.6
4983,Tamil Nadu,Rural,6,3632,1166,697,1293,2708,1114,263,529,11402,1900.33
4984,Kerala,Urban,7,15008,2691,5202,2560,12648,2573,1626,3090,45398,6485.43
4985,Kerala,Rural,3,4900,1888,1098,708,3423,871,809,756,14453,4817.67
4986,Tamil Nadu,Urban,8,9756,3642,1726,1914,6091,2768,2513,4934,33344,4168.0
4987,Tamil Nadu,Rural,8,3188,1638,1331,1438,281,710,555,1263,10404,1300.5
4988,West Bengal,Urban,7,7634,2837,1099,2374,15338,1394,774,910,32360,4622.86
4989,Tamil Nadu,Urban,5,23673,6834,7579,5190,13466,4874,4012,7311,72939,14587.8
4990,Delhi,Rural,8,1964,506,645,1006,1762,520,491,982,7876,984.5
4991,Kerala,Urban,4,20444,3177,6928,3087,3257,2710,2349,5307,47259,11814.75
4992,Rajasthan,Urban,7,12511,3572,1790,3508,17215,2041,1354,1374,43365,6195.0
4993,Karnataka,Rural,7,9207,3679,2742,2462,1105,1329,978,1796,23298,3328.29
4994,Delhi,Urban,7,7320,3120,2585,1928,15816,1854,1178,3279,37080,5297.14
4995,Bihar,Urban,5,20424,7053,3279,5665,13559,2199,2704,1697,56580,11316.0
4996,Maharashtra,Rural,2,5549,888,1706,1169,2308,880,604,820,13924,6962.0
4997,Gujarat,Urban,5,4745,2072,2346,1767,5489,953,1104,739,19215,3843.0
4998,Karnataka,Rural,4,3218,1398,1201,800,3824,838,676,800,12755,3188.75
4999,Rajasthan,Rural,8,2995,1084,309,820,129,370,435,762,6904,863.0
5000,Gujarat,Rural,2,5538,1569,2351,2313,2981,987,498,2279,18516,9258.0
